time,latitude,longitude,depth,temperature,salinity,platform,cycle_number,profile_id,data_mode
2025-11-03 10:12:26.008387,12.507,85.3166,5.0,28.77,33.54,2902746,1,2902746_001,D
2025-11-03 10:12:26.008387,12.507,85.3166,11.8,28.55,33.42,2902746,1,2902746_001,D
2025-11-03 10:12:26.008387,12.507,85.3166,18.6,28.07,33.59,2902746,1,2902746_001,D
2025-11-03 10:12:26.008387,12.507,85.3166,25.4,28.5,33.46,2902746,1,2902746_001,D
2025-11-03 10:12:26.008387,12.507,85.3166,32.1,28.08,34.18,2902746,1,2902746_001,D
2025-11-03 10:12:26.008387,12.507,85.3166,38.9,27.63,34.05,2902746,1,2902746_001,D
2025-11-03 10:12:26.008387,12.507,85.3166,45.7,27.4,34.01,2902746,1,2902746_001,D
2025-11-03 10:12:26.008387,12.507,85.3166,52.5,26.8,34.18,2902746,1,2902746_001,D
2025-11-03 10:12:26.008387,12.507,85.3166,59.3,26.51,34.29,2902746,1,2902746_001,D
2025-11-03 10:12:26.008387,12.507,85.3166,66.1,26.46,34.19,2902746,1,2902746_001,D
2025-11-03 10:12:26.008387,12.507,85.3166,72.9,24.77,34.18,2902746,1,2902746_001,D
2025-11-03 10:12:26.008387,12.507,85.3166,79.6,24.77,34.08,2902746,1,2902746_001,D
2025-11-03 10:12:26.008387,12.507,85.3166,86.4,24.61,34.16,2902746,1,2902746_001,D
2025-11-03 10:12:26.008387,12.507,85.3166,93.2,23.72,34.34,2902746,1,2902746_001,D
2025-11-03 10:12:26.008387,12.507,85.3166,100.0,22.82,34.21,2902746,1,2902746_001,D
2025-11-03 10:12:26.008387,12.507,85.3166,110.0,22.55,34.11,2902746,1,2902746_001,D
2025-11-03 10:12:26.008387,12.507,85.3166,137.9,20.42,34.22,2902746,1,2902746_001,D
2025-11-03 10:12:26.008387,12.507,85.3166,165.7,18.91,34.35,2902746,1,2902746_001,D
2025-11-03 10:12:26.008387,12.507,85.3166,193.6,17.66,34.43,2902746,1,2902746_001,D
2025-11-03 10:12:26.008387,12.507,85.3166,221.4,16.74,34.21,2902746,1,2902746_001,D
2025-11-03 10:12:26.008387,12.507,85.3166,249.3,16.15,34.23,2902746,1,2902746_001,D
2025-11-03 10:12:26.008387,12.507,85.3166,277.1,15.45,34.16,2902746,1,2902746_001,D
2025-11-03 10:12:26.008387,12.507,85.3166,305.0,14.38,34.23,2902746,1,2902746_001,D
2025-11-03 10:12:26.008387,12.507,85.3166,332.9,13.9,33.9,2902746,1,2902746_001,D
2025-11-03 10:12:26.008387,12.507,85.3166,360.7,12.46,34.13,2902746,1,2902746_001,D
2025-11-03 10:12:26.008387,12.507,85.3166,388.6,12.57,34.13,2902746,1,2902746_001,D
2025-11-03 10:12:26.008387,12.507,85.3166,416.4,11.52,34.2,2902746,1,2902746_001,D
2025-11-03 10:12:26.008387,12.507,85.3166,444.3,10.42,34.28,2902746,1,2902746_001,D
2025-11-03 10:12:26.008387,12.507,85.3166,472.1,9.49,34.33,2902746,1,2902746_001,D
2025-11-03 10:12:26.008387,12.507,85.3166,500.0,9.0,34.17,2902746,1,2902746_001,D
2025-11-03 10:12:26.008387,12.507,85.3166,520.0,8.8,34.38,2902746,1,2902746_001,D
2025-11-03 10:12:26.008387,12.507,85.3166,581.7,8.69,34.31,2902746,1,2902746_001,D
2025-11-03 10:12:26.008387,12.507,85.3166,643.3,8.57,34.04,2902746,1,2902746_001,D
2025-11-03 10:12:26.008387,12.507,85.3166,705.0,7.79,34.08,2902746,1,2902746_001,D
2025-11-03 10:12:26.008387,12.507,85.3166,766.7,7.56,34.19,2902746,1,2902746_001,D
2025-11-03 10:12:26.008387,12.507,85.3166,828.3,8.14,34.14,2902746,1,2902746_001,D
2025-11-03 10:12:26.008387,12.507,85.3166,890.0,7.35,34.29,2902746,1,2902746_001,D
2025-11-03 10:12:26.008387,12.507,85.3166,951.7,7.51,34.39,2902746,1,2902746_001,D
2025-11-03 10:12:26.008387,12.507,85.3166,1013.3,6.47,34.16,2902746,1,2902746_001,D
2025-11-03 10:12:26.008387,12.507,85.3166,1075.0,6.87,34.24,2902746,1,2902746_001,D
2025-11-03 10:12:26.008387,12.507,85.3166,1136.7,6.18,34.01,2902746,1,2902746_001,D
2025-11-03 10:12:26.008387,12.507,85.3166,1198.3,5.64,34.15,2902746,1,2902746_001,D
2025-11-03 10:12:26.008387,12.507,85.3166,1260.0,5.73,34.4,2902746,1,2902746_001,D
2025-11-03 10:12:26.008387,12.507,85.3166,1321.7,5.56,34.23,2902746,1,2902746_001,D
2025-11-03 10:12:26.008387,12.507,85.3166,1383.3,5.68,34.1,2902746,1,2902746_001,D
2025-11-03 10:12:26.008387,12.507,85.3166,1445.0,5.3,34.19,2902746,1,2902746_001,D
2025-11-03 10:12:26.008387,12.507,85.3166,1506.7,5.11,34.21,2902746,1,2902746_001,D
2025-11-03 10:12:26.008387,12.507,85.3166,1568.3,4.83,34.19,2902746,1,2902746_001,D
2025-11-03 10:12:26.008387,12.507,85.3166,1630.0,4.6,34.24,2902746,1,2902746_001,D
2025-11-03 10:12:26.008387,12.507,85.3166,1691.7,3.77,34.14,2902746,1,2902746_001,D
2025-11-03 10:12:26.008387,12.507,85.3166,1753.3,3.64,34.3,2902746,1,2902746_001,D
2025-11-03 10:12:26.008387,12.507,85.3166,1815.0,3.97,33.85,2902746,1,2902746_001,D
2025-11-03 10:12:26.008387,12.507,85.3166,1876.7,3.52,34.38,2902746,1,2902746_001,D
2025-11-03 10:12:26.008387,12.507,85.3166,1938.3,2.94,34.34,2902746,1,2902746_001,D
2025-11-03 10:12:26.008387,12.507,85.3166,2000.0,2.87,34.23,2902746,1,2902746_001,D
2025-11-12 18:28:00.519134,12.5576,85.3422,5.0,28.98,33.72,2902746,2,2902746_002,D
2025-11-12 18:28:00.519134,12.5576,85.3422,11.8,29.08,33.59,2902746,2,2902746_002,D
2025-11-12 18:28:00.519134,12.5576,85.3422,18.6,28.05,33.36,2902746,2,2902746_002,D
2025-11-12 18:28:00.519134,12.5576,85.3422,25.4,27.48,33.55,2902746,2,2902746_002,D
2025-11-12 18:28:00.519134,12.5576,85.3422,32.1,27.82,33.87,2902746,2,2902746_002,D
2025-11-12 18:28:00.519134,12.5576,85.3422,38.9,27.73,34.14,2902746,2,2902746_002,D
2025-11-12 18:28:00.519134,12.5576,85.3422,45.7,27.03,34.0,2902746,2,2902746_002,D
2025-11-12 18:28:00.519134,12.5576,85.3422,52.5,27.03,34.16,2902746,2,2902746_002,D
2025-11-12 18:28:00.519134,12.5576,85.3422,59.3,26.09,33.89,2902746,2,2902746_002,D
2025-11-12 18:28:00.519134,12.5576,85.3422,66.1,25.71,34.13,2902746,2,2902746_002,D
2025-11-12 18:28:00.519134,12.5576,85.3422,72.9,25.0,34.0,2902746,2,2902746_002,D
2025-11-12 18:28:00.519134,12.5576,85.3422,79.6,24.73,34.09,2902746,2,2902746_002,D
2025-11-12 18:28:00.519134,12.5576,85.3422,86.4,23.94,34.15,2902746,2,2902746_002,D
2025-11-12 18:28:00.519134,12.5576,85.3422,93.2,23.77,34.11,2902746,2,2902746_002,D
2025-11-12 18:28:00.519134,12.5576,85.3422,100.0,23.28,34.23,2902746,2,2902746_002,D
2025-11-12 18:28:00.519134,12.5576,85.3422,110.0,22.22,34.25,2902746,2,2902746_002,D
2025-11-12 18:28:00.519134,12.5576,85.3422,137.9,19.87,34.5,2902746,2,2902746_002,D
2025-11-12 18:28:00.519134,12.5576,85.3422,165.7,18.06,34.45,2902746,2,2902746_002,D
2025-11-12 18:28:00.519134,12.5576,85.3422,193.6,17.79,34.49,2902746,2,2902746_002,D
2025-11-12 18:28:00.519134,12.5576,85.3422,221.4,16.58,34.31,2902746,2,2902746_002,D
2025-11-12 18:28:00.519134,12.5576,85.3422,249.3,16.61,34.71,2902746,2,2902746_002,D
2025-11-12 18:28:00.519134,12.5576,85.3422,277.1,15.23,34.31,2902746,2,2902746_002,D
2025-11-12 18:28:00.519134,12.5576,85.3422,305.0,14.7,34.08,2902746,2,2902746_002,D
2025-11-12 18:28:00.519134,12.5576,85.3422,332.9,13.45,34.09,2902746,2,2902746_002,D
2025-11-12 18:28:00.519134,12.5576,85.3422,360.7,13.04,34.24,2902746,2,2902746_002,D
2025-11-12 18:28:00.519134,12.5576,85.3422,388.6,12.42,34.21,2902746,2,2902746_002,D
2025-11-12 18:28:00.519134,12.5576,85.3422,416.4,11.59,34.19,2902746,2,2902746_002,D
2025-11-12 18:28:00.519134,12.5576,85.3422,444.3,10.76,34.28,2902746,2,2902746_002,D
2025-11-12 18:28:00.519134,12.5576,85.3422,472.1,10.36,34.08,2902746,2,2902746_002,D
2025-11-12 18:28:00.519134,12.5576,85.3422,500.0,8.97,34.15,2902746,2,2902746_002,D
2025-11-12 18:28:00.519134,12.5576,85.3422,520.0,8.4,34.1,2902746,2,2902746_002,D
2025-11-12 18:28:00.519134,12.5576,85.3422,581.7,8.18,34.22,2902746,2,2902746_002,D
2025-11-12 18:28:00.519134,12.5576,85.3422,643.3,8.89,34.04,2902746,2,2902746_002,D
2025-11-12 18:28:00.519134,12.5576,85.3422,705.0,8.23,34.07,2902746,2,2902746_002,D
2025-11-12 18:28:00.519134,12.5576,85.3422,766.7,7.35,34.15,2902746,2,2902746_002,D
2025-11-12 18:28:00.519134,12.5576,85.3422,828.3,8.05,34.45,2902746,2,2902746_002,D
2025-11-12 18:28:00.519134,12.5576,85.3422,890.0,7.39,34.43,2902746,2,2902746_002,D
2025-11-12 18:28:00.519134,12.5576,85.3422,951.7,7.1,34.08,2902746,2,2902746_002,D
2025-11-12 18:28:00.519134,12.5576,85.3422,1013.3,7.25,34.14,2902746,2,2902746_002,D
2025-11-12 18:28:00.519134,12.5576,85.3422,1075.0,6.88,33.99,2902746,2,2902746_002,D
2025-11-12 18:28:00.519134,12.5576,85.3422,1136.7,6.97,34.31,2902746,2,2902746_002,D
2025-11-12 18:28:00.519134,12.5576,85.3422,1198.3,6.15,34.23,2902746,2,2902746_002,D
2025-11-12 18:28:00.519134,12.5576,85.3422,1260.0,6.31,34.03,2902746,2,2902746_002,D
2025-11-12 18:28:00.519134,12.5576,85.3422,1321.7,5.36,34.09,2902746,2,2902746_002,D
2025-11-12 18:28:00.519134,12.5576,85.3422,1383.3,5.38,34.41,2902746,2,2902746_002,D
2025-11-12 18:28:00.519134,12.5576,85.3422,1445.0,5.19,33.97,2902746,2,2902746_002,D
2025-11-12 18:28:00.519134,12.5576,85.3422,1506.7,5.77,34.22,2902746,2,2902746_002,D
2025-11-12 18:28:00.519134,12.5576,85.3422,1568.3,4.93,34.22,2902746,2,2902746_002,D
2025-11-12 18:28:00.519134,12.5576,85.3422,1630.0,4.28,34.4,2902746,2,2902746_002,D
2025-11-12 18:28:00.519134,12.5576,85.3422,1691.7,4.26,34.04,2902746,2,2902746_002,D
2025-11-12 18:28:00.519134,12.5576,85.3422,1753.3,4.6,34.1,2902746,2,2902746_002,D
2025-11-12 18:28:00.519134,12.5576,85.3422,1815.0,3.42,34.29,2902746,2,2902746_002,D
2025-11-12 18:28:00.519134,12.5576,85.3422,1876.7,3.71,34.46,2902746,2,2902746_002,D
2025-11-12 18:28:00.519134,12.5576,85.3422,1938.3,3.19,34.15,2902746,2,2902746_002,D
2025-11-12 18:28:00.519134,12.5576,85.3422,2000.0,3.13,34.02,2902746,2,2902746_002,D
2025-11-23 21:14:52.757145,12.3857,85.3875,5.0,28.62,33.54,2902746,3,2902746_003,D
2025-11-23 21:14:52.757145,12.3857,85.3875,11.8,28.77,33.59,2902746,3,2902746_003,D
2025-11-23 21:14:52.757145,12.3857,85.3875,18.6,28.18,33.47,2902746,3,2902746_003,D
2025-11-23 21:14:52.757145,12.3857,85.3875,25.4,27.52,33.51,2902746,3,2902746_003,D
2025-11-23 21:14:52.757145,12.3857,85.3875,32.1,27.92,33.89,2902746,3,2902746_003,D
2025-11-23 21:14:52.757145,12.3857,85.3875,38.9,27.57,33.87,2902746,3,2902746_003,D
2025-11-23 21:14:52.757145,12.3857,85.3875,45.7,26.67,34.18,2902746,3,2902746_003,D
2025-11-23 21:14:52.757145,12.3857,85.3875,52.5,26.47,34.03,2902746,3,2902746_003,D
2025-11-23 21:14:52.757145,12.3857,85.3875,59.3,26.8,34.06,2902746,3,2902746_003,D
2025-11-23 21:14:52.757145,12.3857,85.3875,66.1,25.66,34.19,2902746,3,2902746_003,D
2025-11-23 21:14:52.757145,12.3857,85.3875,72.9,24.88,34.36,2902746,3,2902746_003,D
2025-11-23 21:14:52.757145,12.3857,85.3875,79.6,24.35,34.18,2902746,3,2902746_003,D
2025-11-23 21:14:52.757145,12.3857,85.3875,86.4,24.36,34.23,2902746,3,2902746_003,D
2025-11-23 21:14:52.757145,12.3857,85.3875,93.2,23.64,34.14,2902746,3,2902746_003,D
2025-11-23 21:14:52.757145,12.3857,85.3875,100.0,22.86,34.31,2902746,3,2902746_003,D
2025-11-23 21:14:52.757145,12.3857,85.3875,110.0,21.48,34.21,2902746,3,2902746_003,D
2025-11-23 21:14:52.757145,12.3857,85.3875,137.9,20.45,34.37,2902746,3,2902746_003,D
2025-11-23 21:14:52.757145,12.3857,85.3875,165.7,18.09,34.49,2902746,3,2902746_003,D
2025-11-23 21:14:52.757145,12.3857,85.3875,193.6,17.63,34.42,2902746,3,2902746_003,D
2025-11-23 21:14:52.757145,12.3857,85.3875,221.4,16.68,34.4,2902746,3,2902746_003,D
2025-11-23 21:14:52.757145,12.3857,85.3875,249.3,16.66,34.07,2902746,3,2902746_003,D
2025-11-23 21:14:52.757145,12.3857,85.3875,277.1,15.29,34.45,2902746,3,2902746_003,D
2025-11-23 21:14:52.757145,12.3857,85.3875,305.0,15.14,34.1,2902746,3,2902746_003,D
2025-11-23 21:14:52.757145,12.3857,85.3875,332.9,13.65,34.17,2902746,3,2902746_003,D
2025-11-23 21:14:52.757145,12.3857,85.3875,360.7,12.77,34.12,2902746,3,2902746_003,D
2025-11-23 21:14:52.757145,12.3857,85.3875,388.6,11.31,34.1,2902746,3,2902746_003,D
2025-11-23 21:14:52.757145,12.3857,85.3875,416.4,11.34,34.16,2902746,3,2902746_003,D
2025-11-23 21:14:52.757145,12.3857,85.3875,444.3,10.32,34.39,2902746,3,2902746_003,D
2025-11-23 21:14:52.757145,12.3857,85.3875,472.1,9.58,33.96,2902746,3,2902746_003,D
2025-11-23 21:14:52.757145,12.3857,85.3875,500.0,8.99,34.17,2902746,3,2902746_003,D
2025-11-23 21:14:52.757145,12.3857,85.3875,520.0,8.67,34.31,2902746,3,2902746_003,D
2025-11-23 21:14:52.757145,12.3857,85.3875,581.7,8.43,34.05,2902746,3,2902746_003,D
2025-11-23 21:14:52.757145,12.3857,85.3875,643.3,8.55,34.28,2902746,3,2902746_003,D
2025-11-23 21:14:52.757145,12.3857,85.3875,705.0,8.2,34.21,2902746,3,2902746_003,D
2025-11-23 21:14:52.757145,12.3857,85.3875,766.7,7.77,34.03,2902746,3,2902746_003,D
2025-11-23 21:14:52.757145,12.3857,85.3875,828.3,8.21,34.04,2902746,3,2902746_003,D
2025-11-23 21:14:52.757145,12.3857,85.3875,890.0,7.26,34.15,2902746,3,2902746_003,D
2025-11-23 21:14:52.757145,12.3857,85.3875,951.7,7.11,33.95,2902746,3,2902746_003,D
2025-11-23 21:14:52.757145,12.3857,85.3875,1013.3,7.0,34.13,2902746,3,2902746_003,D
2025-11-23 21:14:52.757145,12.3857,85.3875,1075.0,6.56,34.1,2902746,3,2902746_003,D
2025-11-23 21:14:52.757145,12.3857,85.3875,1136.7,6.5,34.1,2902746,3,2902746_003,D
2025-11-23 21:14:52.757145,12.3857,85.3875,1198.3,5.97,34.09,2902746,3,2902746_003,D
2025-11-23 21:14:52.757145,12.3857,85.3875,1260.0,5.96,34.22,2902746,3,2902746_003,D
2025-11-23 21:14:52.757145,12.3857,85.3875,1321.7,5.88,34.28,2902746,3,2902746_003,D
2025-11-23 21:14:52.757145,12.3857,85.3875,1383.3,5.72,34.21,2902746,3,2902746_003,D
2025-11-23 21:14:52.757145,12.3857,85.3875,1445.0,5.25,34.17,2902746,3,2902746_003,D
2025-11-23 21:14:52.757145,12.3857,85.3875,1506.7,5.31,34.18,2902746,3,2902746_003,D
2025-11-23 21:14:52.757145,12.3857,85.3875,1568.3,4.5,34.16,2902746,3,2902746_003,D
2025-11-23 21:14:52.757145,12.3857,85.3875,1630.0,4.41,34.44,2902746,3,2902746_003,D
2025-11-23 21:14:52.757145,12.3857,85.3875,1691.7,4.44,34.14,2902746,3,2902746_003,D
2025-11-23 21:14:52.757145,12.3857,85.3875,1753.3,3.54,34.16,2902746,3,2902746_003,D
2025-11-23 21:14:52.757145,12.3857,85.3875,1815.0,3.48,34.29,2902746,3,2902746_003,D
2025-11-23 21:14:52.757145,12.3857,85.3875,1876.7,3.23,34.13,2902746,3,2902746_003,D
2025-11-23 21:14:52.757145,12.3857,85.3875,1938.3,3.04,34.13,2902746,3,2902746_003,D
2025-11-23 21:14:52.757145,12.3857,85.3875,2000.0,2.67,34.24,2902746,3,2902746_003,D
2025-12-03 02:03:02.302456,12.4871,85.3008,5.0,29.43,33.41,2902746,4,2902746_004,D
2025-12-03 02:03:02.302456,12.4871,85.3008,11.8,28.84,33.43,2902746,4,2902746_004,D
2025-12-03 02:03:02.302456,12.4871,85.3008,18.6,28.57,33.62,2902746,4,2902746_004,D
2025-12-03 02:03:02.302456,12.4871,85.3008,25.4,27.7,33.53,2902746,4,2902746_004,D
2025-12-03 02:03:02.302456,12.4871,85.3008,32.1,27.57,33.9,2902746,4,2902746_004,D
2025-12-03 02:03:02.302456,12.4871,85.3008,38.9,27.23,34.18,2902746,4,2902746_004,D
2025-12-03 02:03:02.302456,12.4871,85.3008,45.7,26.75,34.06,2902746,4,2902746_004,D
2025-12-03 02:03:02.302456,12.4871,85.3008,52.5,26.5,34.02,2902746,4,2902746_004,D
2025-12-03 02:03:02.302456,12.4871,85.3008,59.3,26.59,34.14,2902746,4,2902746_004,D
2025-12-03 02:03:02.302456,12.4871,85.3008,66.1,26.4,34.11,2902746,4,2902746_004,D
2025-12-03 02:03:02.302456,12.4871,85.3008,72.9,24.56,34.34,2902746,4,2902746_004,D
2025-12-03 02:03:02.302456,12.4871,85.3008,79.6,24.93,34.1,2902746,4,2902746_004,D
2025-12-03 02:03:02.302456,12.4871,85.3008,86.4,24.04,34.19,2902746,4,2902746_004,D
2025-12-03 02:03:02.302456,12.4871,85.3008,93.2,23.58,34.27,2902746,4,2902746_004,D
2025-12-03 02:03:02.302456,12.4871,85.3008,100.0,23.2,34.3,2902746,4,2902746_004,D
2025-12-03 02:03:02.302456,12.4871,85.3008,110.0,21.69,34.25,2902746,4,2902746_004,D
2025-12-03 02:03:02.302456,12.4871,85.3008,137.9,20.13,34.41,2902746,4,2902746_004,D
2025-12-03 02:03:02.302456,12.4871,85.3008,165.7,18.61,34.54,2902746,4,2902746_004,D
2025-12-03 02:03:02.302456,12.4871,85.3008,193.6,17.79,34.5,2902746,4,2902746_004,D
2025-12-03 02:03:02.302456,12.4871,85.3008,221.4,17.45,34.02,2902746,4,2902746_004,D
2025-12-03 02:03:02.302456,12.4871,85.3008,249.3,16.19,34.13,2902746,4,2902746_004,D
2025-12-03 02:03:02.302456,12.4871,85.3008,277.1,15.78,34.18,2902746,4,2902746_004,D
2025-12-03 02:03:02.302456,12.4871,85.3008,305.0,14.59,34.44,2902746,4,2902746_004,D
2025-12-03 02:03:02.302456,12.4871,85.3008,332.9,13.24,34.12,2902746,4,2902746_004,D
2025-12-03 02:03:02.302456,12.4871,85.3008,360.7,13.11,34.17,2902746,4,2902746_004,D
2025-12-03 02:03:02.302456,12.4871,85.3008,388.6,12.8,34.3,2902746,4,2902746_004,D
2025-12-03 02:03:02.302456,12.4871,85.3008,416.4,11.28,34.32,2902746,4,2902746_004,D
2025-12-03 02:03:02.302456,12.4871,85.3008,444.3,10.12,34.06,2902746,4,2902746_004,D
2025-12-03 02:03:02.302456,12.4871,85.3008,472.1,9.86,34.32,2902746,4,2902746_004,D
2025-12-03 02:03:02.302456,12.4871,85.3008,500.0,9.03,34.24,2902746,4,2902746_004,D
2025-12-03 02:03:02.302456,12.4871,85.3008,520.0,8.99,34.15,2902746,4,2902746_004,D
2025-12-03 02:03:02.302456,12.4871,85.3008,581.7,9.25,34.41,2902746,4,2902746_004,D
2025-12-03 02:03:02.302456,12.4871,85.3008,643.3,8.38,34.24,2902746,4,2902746_004,D
2025-12-03 02:03:02.302456,12.4871,85.3008,705.0,8.17,34.31,2902746,4,2902746_004,D
2025-12-03 02:03:02.302456,12.4871,85.3008,766.7,7.75,34.2,2902746,4,2902746_004,D
2025-12-03 02:03:02.302456,12.4871,85.3008,828.3,7.3,33.82,2902746,4,2902746_004,D
2025-12-03 02:03:02.302456,12.4871,85.3008,890.0,7.19,34.31,2902746,4,2902746_004,D
2025-12-03 02:03:02.302456,12.4871,85.3008,951.7,6.81,34.23,2902746,4,2902746_004,D
2025-12-03 02:03:02.302456,12.4871,85.3008,1013.3,6.87,34.1,2902746,4,2902746_004,D
2025-12-03 02:03:02.302456,12.4871,85.3008,1075.0,6.95,34.42,2902746,4,2902746_004,D
2025-12-03 02:03:02.302456,12.4871,85.3008,1136.7,6.04,34.13,2902746,4,2902746_004,D
2025-12-03 02:03:02.302456,12.4871,85.3008,1198.3,6.86,34.08,2902746,4,2902746_004,D
2025-12-03 02:03:02.302456,12.4871,85.3008,1260.0,6.25,34.32,2902746,4,2902746_004,D
2025-12-03 02:03:02.302456,12.4871,85.3008,1321.7,5.71,34.13,2902746,4,2902746_004,D
2025-12-03 02:03:02.302456,12.4871,85.3008,1383.3,5.07,34.15,2902746,4,2902746_004,D
2025-12-03 02:03:02.302456,12.4871,85.3008,1445.0,5.01,34.18,2902746,4,2902746_004,D
2025-12-03 02:03:02.302456,12.4871,85.3008,1506.7,4.52,34.24,2902746,4,2902746_004,D
2025-12-03 02:03:02.302456,12.4871,85.3008,1568.3,5.07,34.07,2902746,4,2902746_004,D
2025-12-03 02:03:02.302456,12.4871,85.3008,1630.0,4.67,34.32,2902746,4,2902746_004,D
2025-12-03 02:03:02.302456,12.4871,85.3008,1691.7,4.47,34.25,2902746,4,2902746_004,D
2025-12-03 02:03:02.302456,12.4871,85.3008,1753.3,3.81,34.17,2902746,4,2902746_004,D
2025-12-03 02:03:02.302456,12.4871,85.3008,1815.0,4.02,34.01,2902746,4,2902746_004,D
2025-12-03 02:03:02.302456,12.4871,85.3008,1876.7,3.47,34.25,2902746,4,2902746_004,D
2025-12-03 02:03:02.302456,12.4871,85.3008,1938.3,3.06,34.26,2902746,4,2902746_004,D
2025-12-03 02:03:02.302456,12.4871,85.3008,2000.0,2.89,34.02,2902746,4,2902746_004,D
2025-12-13 05:46:18.607805,12.5512,85.1678,5.0,29.27,33.41,2902746,5,2902746_005,D
2025-12-13 05:46:18.607805,12.5512,85.1678,11.8,28.85,33.5,2902746,5,2902746_005,D
2025-12-13 05:46:18.607805,12.5512,85.1678,18.6,27.88,33.54,2902746,5,2902746_005,D
2025-12-13 05:46:18.607805,12.5512,85.1678,25.4,27.9,33.5,2902746,5,2902746_005,D
2025-12-13 05:46:18.607805,12.5512,85.1678,32.1,27.68,33.99,2902746,5,2902746_005,D
2025-12-13 05:46:18.607805,12.5512,85.1678,38.9,27.42,34.03,2902746,5,2902746_005,D
2025-12-13 05:46:18.607805,12.5512,85.1678,45.7,27.09,34.06,2902746,5,2902746_005,D
2025-12-13 05:46:18.607805,12.5512,85.1678,52.5,26.83,33.97,2902746,5,2902746_005,D
2025-12-13 05:46:18.607805,12.5512,85.1678,59.3,26.29,33.91,2902746,5,2902746_005,D
2025-12-13 05:46:18.607805,12.5512,85.1678,66.1,25.65,34.26,2902746,5,2902746_005,D
2025-12-13 05:46:18.607805,12.5512,85.1678,72.9,25.3,34.1,2902746,5,2902746_005,D
2025-12-13 05:46:18.607805,12.5512,85.1678,79.6,24.08,34.21,2902746,5,2902746_005,D
2025-12-13 05:46:18.607805,12.5512,85.1678,86.4,24.3,33.86,2902746,5,2902746_005,D
2025-12-13 05:46:18.607805,12.5512,85.1678,93.2,23.75,34.32,2902746,5,2902746_005,D
2025-12-13 05:46:18.607805,12.5512,85.1678,100.0,22.84,34.17,2902746,5,2902746_005,D
2025-12-13 05:46:18.607805,12.5512,85.1678,110.0,21.83,34.12,2902746,5,2902746_005,D
2025-12-13 05:46:18.607805,12.5512,85.1678,137.9,19.6,34.41,2902746,5,2902746_005,D
2025-12-13 05:46:18.607805,12.5512,85.1678,165.7,18.61,34.47,2902746,5,2902746_005,D
2025-12-13 05:46:18.607805,12.5512,85.1678,193.6,18.22,34.45,2902746,5,2902746_005,D
2025-12-13 05:46:18.607805,12.5512,85.1678,221.4,17.07,34.2,2902746,5,2902746_005,D
2025-12-13 05:46:18.607805,12.5512,85.1678,249.3,16.36,34.01,2902746,5,2902746_005,D
2025-12-13 05:46:18.607805,12.5512,85.1678,277.1,15.0,34.14,2902746,5,2902746_005,D
2025-12-13 05:46:18.607805,12.5512,85.1678,305.0,14.72,34.09,2902746,5,2902746_005,D
2025-12-13 05:46:18.607805,12.5512,85.1678,332.9,14.07,34.25,2902746,5,2902746_005,D
2025-12-13 05:46:18.607805,12.5512,85.1678,360.7,12.93,34.16,2902746,5,2902746_005,D
2025-12-13 05:46:18.607805,12.5512,85.1678,388.6,12.04,34.36,2902746,5,2902746_005,D
2025-12-13 05:46:18.607805,12.5512,85.1678,416.4,10.91,34.38,2902746,5,2902746_005,D
2025-12-13 05:46:18.607805,12.5512,85.1678,444.3,10.5,34.27,2902746,5,2902746_005,D
2025-12-13 05:46:18.607805,12.5512,85.1678,472.1,9.69,34.3,2902746,5,2902746_005,D
2025-12-13 05:46:18.607805,12.5512,85.1678,500.0,8.97,34.3,2902746,5,2902746_005,D
2025-12-13 05:46:18.607805,12.5512,85.1678,520.0,8.96,34.11,2902746,5,2902746_005,D
2025-12-13 05:46:18.607805,12.5512,85.1678,581.7,8.51,34.1,2902746,5,2902746_005,D
2025-12-13 05:46:18.607805,12.5512,85.1678,643.3,8.36,34.19,2902746,5,2902746_005,D
2025-12-13 05:46:18.607805,12.5512,85.1678,705.0,8.4,34.27,2902746,5,2902746_005,D
2025-12-13 05:46:18.607805,12.5512,85.1678,766.7,8.07,34.39,2902746,5,2902746_005,D
2025-12-13 05:46:18.607805,12.5512,85.1678,828.3,7.57,34.07,2902746,5,2902746_005,D
2025-12-13 05:46:18.607805,12.5512,85.1678,890.0,8.15,34.23,2902746,5,2902746_005,D
2025-12-13 05:46:18.607805,12.5512,85.1678,951.7,7.19,34.02,2902746,5,2902746_005,D
2025-12-13 05:46:18.607805,12.5512,85.1678,1013.3,6.7,34.19,2902746,5,2902746_005,D
2025-12-13 05:46:18.607805,12.5512,85.1678,1075.0,6.62,34.41,2902746,5,2902746_005,D
2025-12-13 05:46:18.607805,12.5512,85.1678,1136.7,6.2,34.34,2902746,5,2902746_005,D
2025-12-13 05:46:18.607805,12.5512,85.1678,1198.3,6.45,34.04,2902746,5,2902746_005,D
2025-12-13 05:46:18.607805,12.5512,85.1678,1260.0,5.73,34.28,2902746,5,2902746_005,D
2025-12-13 05:46:18.607805,12.5512,85.1678,1321.7,5.31,34.35,2902746,5,2902746_005,D
2025-12-13 05:46:18.607805,12.5512,85.1678,1383.3,5.38,34.07,2902746,5,2902746_005,D
2025-12-13 05:46:18.607805,12.5512,85.1678,1445.0,5.88,34.16,2902746,5,2902746_005,D
2025-12-13 05:46:18.607805,12.5512,85.1678,1506.7,4.92,34.34,2902746,5,2902746_005,D
2025-12-13 05:46:18.607805,12.5512,85.1678,1568.3,4.41,34.26,2902746,5,2902746_005,D
2025-12-13 05:46:18.607805,12.5512,85.1678,1630.0,4.59,34.11,2902746,5,2902746_005,D
2025-12-13 05:46:18.607805,12.5512,85.1678,1691.7,4.27,34.29,2902746,5,2902746_005,D
2025-12-13 05:46:18.607805,12.5512,85.1678,1753.3,4.25,34.24,2902746,5,2902746_005,D
2025-12-13 05:46:18.607805,12.5512,85.1678,1815.0,3.29,34.13,2902746,5,2902746_005,D
2025-12-13 05:46:18.607805,12.5512,85.1678,1876.7,3.64,34.24,2902746,5,2902746_005,D
2025-12-13 05:46:18.607805,12.5512,85.1678,1938.3,3.18,34.13,2902746,5,2902746_005,D
2025-12-13 05:46:18.607805,12.5512,85.1678,2000.0,2.66,34.38,2902746,5,2902746_005,D
2025-12-22 22:24:35.155499,12.4491,85.515,5.0,28.62,33.42,2902746,6,2902746_006,D
2025-12-22 22:24:35.155499,12.4491,85.515,11.8,28.16,33.43,2902746,6,2902746_006,D
2025-12-22 22:24:35.155499,12.4491,85.515,18.6,28.0,33.49,2902746,6,2902746_006,D
2025-12-22 22:24:35.155499,12.4491,85.515,25.4,28.25,33.63,2902746,6,2902746_006,D
2025-12-22 22:24:35.155499,12.4491,85.515,32.1,27.7,34.11,2902746,6,2902746_006,D
2025-12-22 22:24:35.155499,12.4491,85.515,38.9,27.75,33.95,2902746,6,2902746_006,D
2025-12-22 22:24:35.155499,12.4491,85.515,45.7,27.61,33.97,2902746,6,2902746_006,D
2025-12-22 22:24:35.155499,12.4491,85.515,52.5,27.12,33.93,2902746,6,2902746_006,D
2025-12-22 22:24:35.155499,12.4491,85.515,59.3,26.47,33.88,2902746,6,2902746_006,D
2025-12-22 22:24:35.155499,12.4491,85.515,66.1,25.71,34.12,2902746,6,2902746_006,D
2025-12-22 22:24:35.155499,12.4491,85.515,72.9,25.43,34.2,2902746,6,2902746_006,D
2025-12-22 22:24:35.155499,12.4491,85.515,79.6,24.58,34.04,2902746,6,2902746_006,D
2025-12-22 22:24:35.155499,12.4491,85.515,86.4,24.02,34.06,2902746,6,2902746_006,D
2025-12-22 22:24:35.155499,12.4491,85.515,93.2,23.53,34.26,2902746,6,2902746_006,D
2025-12-22 22:24:35.155499,12.4491,85.515,100.0,22.9,34.15,2902746,6,2902746_006,D
2025-12-22 22:24:35.155499,12.4491,85.515,110.0,21.87,34.34,2902746,6,2902746_006,D
2025-12-22 22:24:35.155499,12.4491,85.515,137.9,20.47,34.14,2902746,6,2902746_006,D
2025-12-22 22:24:35.155499,12.4491,85.515,165.7,18.53,34.28,2902746,6,2902746_006,D
2025-12-22 22:24:35.155499,12.4491,85.515,193.6,17.81,34.55,2902746,6,2902746_006,D
2025-12-22 22:24:35.155499,12.4491,85.515,221.4,16.86,34.07,2902746,6,2902746_006,D
2025-12-22 22:24:35.155499,12.4491,85.515,249.3,16.31,34.12,2902746,6,2902746_006,D
2025-12-22 22:24:35.155499,12.4491,85.515,277.1,15.52,34.14,2902746,6,2902746_006,D
2025-12-22 22:24:35.155499,12.4491,85.515,305.0,14.67,34.07,2902746,6,2902746_006,D
2025-12-22 22:24:35.155499,12.4491,85.515,332.9,13.75,34.15,2902746,6,2902746_006,D
2025-12-22 22:24:35.155499,12.4491,85.515,360.7,13.11,34.06,2902746,6,2902746_006,D
2025-12-22 22:24:35.155499,12.4491,85.515,388.6,11.79,34.32,2902746,6,2902746_006,D
2025-12-22 22:24:35.155499,12.4491,85.515,416.4,11.49,34.12,2902746,6,2902746_006,D
2025-12-22 22:24:35.155499,12.4491,85.515,444.3,10.69,34.22,2902746,6,2902746_006,D
2025-12-22 22:24:35.155499,12.4491,85.515,472.1,9.62,34.29,2902746,6,2902746_006,D
2025-12-22 22:24:35.155499,12.4491,85.515,500.0,8.9,34.08,2902746,6,2902746_006,D
2025-12-22 22:24:35.155499,12.4491,85.515,520.0,8.45,34.02,2902746,6,2902746_006,D
2025-12-22 22:24:35.155499,12.4491,85.515,581.7,8.66,34.26,2902746,6,2902746_006,D
2025-12-22 22:24:35.155499,12.4491,85.515,643.3,8.68,34.17,2902746,6,2902746_006,D
2025-12-22 22:24:35.155499,12.4491,85.515,705.0,8.18,34.18,2902746,6,2902746_006,D
2025-12-22 22:24:35.155499,12.4491,85.515,766.7,8.13,34.26,2902746,6,2902746_006,D
2025-12-22 22:24:35.155499,12.4491,85.515,828.3,7.2,34.47,2902746,6,2902746_006,D
2025-12-22 22:24:35.155499,12.4491,85.515,890.0,7.37,34.12,2902746,6,2902746_006,D
2025-12-22 22:24:35.155499,12.4491,85.515,951.7,7.9,34.22,2902746,6,2902746_006,D
2025-12-22 22:24:35.155499,12.4491,85.515,1013.3,6.59,34.09,2902746,6,2902746_006,D
2025-12-22 22:24:35.155499,12.4491,85.515,1075.0,6.54,34.11,2902746,6,2902746_006,D
2025-12-22 22:24:35.155499,12.4491,85.515,1136.7,6.3,34.25,2902746,6,2902746_006,D
2025-12-22 22:24:35.155499,12.4491,85.515,1198.3,5.95,34.04,2902746,6,2902746_006,D
2025-12-22 22:24:35.155499,12.4491,85.515,1260.0,6.1,34.09,2902746,6,2902746_006,D
2025-12-22 22:24:35.155499,12.4491,85.515,1321.7,5.88,34.2,2902746,6,2902746_006,D
2025-12-22 22:24:35.155499,12.4491,85.515,1383.3,5.75,34.13,2902746,6,2902746_006,D
2025-12-22 22:24:35.155499,12.4491,85.515,1445.0,4.99,34.13,2902746,6,2902746_006,D
2025-12-22 22:24:35.155499,12.4491,85.515,1506.7,5.02,34.23,2902746,6,2902746_006,D
2025-12-22 22:24:35.155499,12.4491,85.515,1568.3,4.35,34.27,2902746,6,2902746_006,D
2025-12-22 22:24:35.155499,12.4491,85.515,1630.0,4.51,34.39,2902746,6,2902746_006,D
2025-12-22 22:24:35.155499,12.4491,85.515,1691.7,3.84,34.18,2902746,6,2902746_006,D
2025-12-22 22:24:35.155499,12.4491,85.515,1753.3,3.75,34.22,2902746,6,2902746_006,D
2025-12-22 22:24:35.155499,12.4491,85.515,1815.0,3.99,34.06,2902746,6,2902746_006,D
2025-12-22 22:24:35.155499,12.4491,85.515,1876.7,3.17,34.21,2902746,6,2902746_006,D
2025-12-22 22:24:35.155499,12.4491,85.515,1938.3,3.44,34.12,2902746,6,2902746_006,D
2025-12-22 22:24:35.155499,12.4491,85.515,2000.0,3.3,34.13,2902746,6,2902746_006,D
2026-01-01 16:03:50.820530,12.7115,85.0378,5.0,28.46,33.39,2902746,7,2902746_007,D
2026-01-01 16:03:50.820530,12.7115,85.0378,11.8,28.21,33.51,2902746,7,2902746_007,D
2026-01-01 16:03:50.820530,12.7115,85.0378,18.6,28.5,33.6,2902746,7,2902746_007,D
2026-01-01 16:03:50.820530,12.7115,85.0378,25.4,28.14,33.44,2902746,7,2902746_007,D
2026-01-01 16:03:50.820530,12.7115,85.0378,32.1,27.79,34.1,2902746,7,2902746_007,D
2026-01-01 16:03:50.820530,12.7115,85.0378,38.9,27.41,34.1,2902746,7,2902746_007,D
2026-01-01 16:03:50.820530,12.7115,85.0378,45.7,26.74,34.18,2902746,7,2902746_007,D
2026-01-01 16:03:50.820530,12.7115,85.0378,52.5,26.93,34.0,2902746,7,2902746_007,D
2026-01-01 16:03:50.820530,12.7115,85.0378,59.3,26.44,33.91,2902746,7,2902746_007,D
2026-01-01 16:03:50.820530,12.7115,85.0378,66.1,26.12,34.16,2902746,7,2902746_007,D
2026-01-01 16:03:50.820530,12.7115,85.0378,72.9,25.04,34.06,2902746,7,2902746_007,D
2026-01-01 16:03:50.820530,12.7115,85.0378,79.6,24.43,34.11,2902746,7,2902746_007,D
2026-01-01 16:03:50.820530,12.7115,85.0378,86.4,24.23,34.27,2902746,7,2902746_007,D
2026-01-01 16:03:50.820530,12.7115,85.0378,93.2,23.8,34.09,2902746,7,2902746_007,D
2026-01-01 16:03:50.820530,12.7115,85.0378,100.0,23.22,34.31,2902746,7,2902746_007,D
2026-01-01 16:03:50.820530,12.7115,85.0378,110.0,22.03,34.38,2902746,7,2902746_007,D
2026-01-01 16:03:50.820530,12.7115,85.0378,137.9,19.63,34.08,2902746,7,2902746_007,D
2026-01-01 16:03:50.820530,12.7115,85.0378,165.7,18.77,34.33,2902746,7,2902746_007,D
2026-01-01 16:03:50.820530,12.7115,85.0378,193.6,17.83,34.47,2902746,7,2902746_007,D
2026-01-01 16:03:50.820530,12.7115,85.0378,221.4,16.86,34.15,2902746,7,2902746_007,D
2026-01-01 16:03:50.820530,12.7115,85.0378,249.3,15.74,34.22,2902746,7,2902746_007,D
2026-01-01 16:03:50.820530,12.7115,85.0378,277.1,15.39,34.43,2902746,7,2902746_007,D
2026-01-01 16:03:50.820530,12.7115,85.0378,305.0,14.64,34.39,2902746,7,2902746_007,D
2026-01-01 16:03:50.820530,12.7115,85.0378,332.9,14.04,34.19,2902746,7,2902746_007,D
2026-01-01 16:03:50.820530,12.7115,85.0378,360.7,12.64,34.23,2902746,7,2902746_007,D
2026-01-01 16:03:50.820530,12.7115,85.0378,388.6,12.48,34.06,2902746,7,2902746_007,D
2026-01-01 16:03:50.820530,12.7115,85.0378,416.4,11.26,34.26,2902746,7,2902746_007,D
2026-01-01 16:03:50.820530,12.7115,85.0378,444.3,10.62,34.38,2902746,7,2902746_007,D
2026-01-01 16:03:50.820530,12.7115,85.0378,472.1,10.22,34.21,2902746,7,2902746_007,D
2026-01-01 16:03:50.820530,12.7115,85.0378,500.0,9.39,34.09,2902746,7,2902746_007,D
2026-01-01 16:03:50.820530,12.7115,85.0378,520.0,9.18,34.27,2902746,7,2902746_007,D
2026-01-01 16:03:50.820530,12.7115,85.0378,581.7,8.84,34.1,2902746,7,2902746_007,D
2026-01-01 16:03:50.820530,12.7115,85.0378,643.3,8.09,34.21,2902746,7,2902746_007,D
2026-01-01 16:03:50.820530,12.7115,85.0378,705.0,8.07,34.07,2902746,7,2902746_007,D
2026-01-01 16:03:50.820530,12.7115,85.0378,766.7,7.58,34.3,2902746,7,2902746_007,D
2026-01-01 16:03:50.820530,12.7115,85.0378,828.3,7.46,34.45,2902746,7,2902746_007,D
2026-01-01 16:03:50.820530,12.7115,85.0378,890.0,7.71,34.22,2902746,7,2902746_007,D
2026-01-01 16:03:50.820530,12.7115,85.0378,951.7,7.36,34.28,2902746,7,2902746_007,D
2026-01-01 16:03:50.820530,12.7115,85.0378,1013.3,6.76,34.33,2902746,7,2902746_007,D
2026-01-01 16:03:50.820530,12.7115,85.0378,1075.0,6.92,34.19,2902746,7,2902746_007,D
2026-01-01 16:03:50.820530,12.7115,85.0378,1136.7,6.57,34.24,2902746,7,2902746_007,D
2026-01-01 16:03:50.820530,12.7115,85.0378,1198.3,6.72,34.31,2902746,7,2902746_007,D
2026-01-01 16:03:50.820530,12.7115,85.0378,1260.0,6.26,34.04,2902746,7,2902746_007,D
2026-01-01 16:03:50.820530,12.7115,85.0378,1321.7,5.27,34.23,2902746,7,2902746_007,D
2026-01-01 16:03:50.820530,12.7115,85.0378,1383.3,5.06,34.25,2902746,7,2902746_007,D
2026-01-01 16:03:50.820530,12.7115,85.0378,1445.0,5.01,34.13,2902746,7,2902746_007,D
2026-01-01 16:03:50.820530,12.7115,85.0378,1506.7,4.33,34.1,2902746,7,2902746_007,D
2026-01-01 16:03:50.820530,12.7115,85.0378,1568.3,3.93,34.43,2902746,7,2902746_007,D
2026-01-01 16:03:50.820530,12.7115,85.0378,1630.0,4.77,34.14,2902746,7,2902746_007,D
2026-01-01 16:03:50.820530,12.7115,85.0378,1691.7,4.28,34.12,2902746,7,2902746_007,D
2026-01-01 16:03:50.820530,12.7115,85.0378,1753.3,4.04,34.38,2902746,7,2902746_007,D
2026-01-01 16:03:50.820530,12.7115,85.0378,1815.0,3.63,33.96,2902746,7,2902746_007,D
2026-01-01 16:03:50.820530,12.7115,85.0378,1876.7,3.49,34.35,2902746,7,2902746_007,D
2026-01-01 16:03:50.820530,12.7115,85.0378,1938.3,3.04,33.99,2902746,7,2902746_007,D
2026-01-01 16:03:50.820530,12.7115,85.0378,2000.0,2.53,34.39,2902746,7,2902746_007,D
2026-01-12 02:58:53.593811,12.2638,85.5561,5.0,28.91,33.54,2902746,8,2902746_008,D
2026-01-12 02:58:53.593811,12.2638,85.5561,11.8,28.64,33.62,2902746,8,2902746_008,D
2026-01-12 02:58:53.593811,12.2638,85.5561,18.6,27.46,33.46,2902746,8,2902746_008,D
2026-01-12 02:58:53.593811,12.2638,85.5561,25.4,28.17,33.44,2902746,8,2902746_008,D
2026-01-12 02:58:53.593811,12.2638,85.5561,32.1,27.81,33.9,2902746,8,2902746_008,D
2026-01-12 02:58:53.593811,12.2638,85.5561,38.9,27.66,34.08,2902746,8,2902746_008,D
2026-01-12 02:58:53.593811,12.2638,85.5561,45.7,26.79,33.91,2902746,8,2902746_008,D
2026-01-12 02:58:53.593811,12.2638,85.5561,52.5,27.05,34.04,2902746,8,2902746_008,D
2026-01-12 02:58:53.593811,12.2638,85.5561,59.3,26.61,34.07,2902746,8,2902746_008,D
2026-01-12 02:58:53.593811,12.2638,85.5561,66.1,25.99,34.23,2902746,8,2902746_008,D
2026-01-12 02:58:53.593811,12.2638,85.5561,72.9,25.15,34.12,2902746,8,2902746_008,D
2026-01-12 02:58:53.593811,12.2638,85.5561,79.6,24.73,34.01,2902746,8,2902746_008,D
2026-01-12 02:58:53.593811,12.2638,85.5561,86.4,24.11,34.2,2902746,8,2902746_008,D
2026-01-12 02:58:53.593811,12.2638,85.5561,93.2,23.3,34.03,2902746,8,2902746_008,D
2026-01-12 02:58:53.593811,12.2638,85.5561,100.0,23.62,34.12,2902746,8,2902746_008,D
2026-01-12 02:58:53.593811,12.2638,85.5561,110.0,22.46,34.22,2902746,8,2902746_008,D
2026-01-12 02:58:53.593811,12.2638,85.5561,137.9,20.46,34.31,2902746,8,2902746_008,D
2026-01-12 02:58:53.593811,12.2638,85.5561,165.7,19.41,34.31,2902746,8,2902746_008,D
2026-01-12 02:58:53.593811,12.2638,85.5561,193.6,17.67,34.48,2902746,8,2902746_008,D
2026-01-12 02:58:53.593811,12.2638,85.5561,221.4,17.29,34.34,2902746,8,2902746_008,D
2026-01-12 02:58:53.593811,12.2638,85.5561,249.3,15.99,34.34,2902746,8,2902746_008,D
2026-01-12 02:58:53.593811,12.2638,85.5561,277.1,16.42,34.09,2902746,8,2902746_008,D
2026-01-12 02:58:53.593811,12.2638,85.5561,305.0,14.09,34.2,2902746,8,2902746_008,D
2026-01-12 02:58:53.593811,12.2638,85.5561,332.9,13.52,34.32,2902746,8,2902746_008,D
2026-01-12 02:58:53.593811,12.2638,85.5561,360.7,13.06,34.22,2902746,8,2902746_008,D
2026-01-12 02:58:53.593811,12.2638,85.5561,388.6,12.65,34.14,2902746,8,2902746_008,D
2026-01-12 02:58:53.593811,12.2638,85.5561,416.4,10.9,34.11,2902746,8,2902746_008,D
2026-01-12 02:58:53.593811,12.2638,85.5561,444.3,10.86,34.4,2902746,8,2902746_008,D
2026-01-12 02:58:53.593811,12.2638,85.5561,472.1,10.14,34.28,2902746,8,2902746_008,D
2026-01-12 02:58:53.593811,12.2638,85.5561,500.0,9.89,34.07,2902746,8,2902746_008,D
2026-01-12 02:58:53.593811,12.2638,85.5561,520.0,8.79,34.15,2902746,8,2902746_008,D
2026-01-12 02:58:53.593811,12.2638,85.5561,581.7,8.12,34.12,2902746,8,2902746_008,D
2026-01-12 02:58:53.593811,12.2638,85.5561,643.3,8.14,34.14,2902746,8,2902746_008,D
2026-01-12 02:58:53.593811,12.2638,85.5561,705.0,7.95,33.91,2902746,8,2902746_008,D
2026-01-12 02:58:53.593811,12.2638,85.5561,766.7,7.67,34.32,2902746,8,2902746_008,D
2026-01-12 02:58:53.593811,12.2638,85.5561,828.3,8.33,34.21,2902746,8,2902746_008,D
2026-01-12 02:58:53.593811,12.2638,85.5561,890.0,7.93,34.23,2902746,8,2902746_008,D
2026-01-12 02:58:53.593811,12.2638,85.5561,951.7,7.09,34.2,2902746,8,2902746_008,D
2026-01-12 02:58:53.593811,12.2638,85.5561,1013.3,6.67,33.87,2902746,8,2902746_008,D
2026-01-12 02:58:53.593811,12.2638,85.5561,1075.0,6.48,34.06,2902746,8,2902746_008,D
2026-01-12 02:58:53.593811,12.2638,85.5561,1136.7,6.72,34.25,2902746,8,2902746_008,D
2026-01-12 02:58:53.593811,12.2638,85.5561,1198.3,6.01,34.14,2902746,8,2902746_008,D
2026-01-12 02:58:53.593811,12.2638,85.5561,1260.0,6.11,34.22,2902746,8,2902746_008,D
2026-01-12 02:58:53.593811,12.2638,85.5561,1321.7,5.94,34.27,2902746,8,2902746_008,D
2026-01-12 02:58:53.593811,12.2638,85.5561,1383.3,5.41,34.09,2902746,8,2902746_008,D
2026-01-12 02:58:53.593811,12.2638,85.5561,1445.0,5.01,34.23,2902746,8,2902746_008,D
2026-01-12 02:58:53.593811,12.2638,85.5561,1506.7,4.72,34.28,2902746,8,2902746_008,D
2026-01-12 02:58:53.593811,12.2638,85.5561,1568.3,4.83,34.15,2902746,8,2902746_008,D
2026-01-12 02:58:53.593811,12.2638,85.5561,1630.0,4.3,33.96,2902746,8,2902746_008,D
2026-01-12 02:58:53.593811,12.2638,85.5561,1691.7,4.18,34.22,2902746,8,2902746_008,D
2026-01-12 02:58:53.593811,12.2638,85.5561,1753.3,3.76,34.23,2902746,8,2902746_008,D
2026-01-12 02:58:53.593811,12.2638,85.5561,1815.0,3.95,34.28,2902746,8,2902746_008,D
2026-01-12 02:58:53.593811,12.2638,85.5561,1876.7,3.4,34.16,2902746,8,2902746_008,D
2026-01-12 02:58:53.593811,12.2638,85.5561,1938.3,3.25,34.11,2902746,8,2902746_008,D
2026-01-12 02:58:53.593811,12.2638,85.5561,2000.0,3.18,34.36,2902746,8,2902746_008,D
2026-01-21 13:37:01.021751,12.6302,85.5529,5.0,29.18,33.52,2902746,9,2902746_009,D
2026-01-21 13:37:01.021751,12.6302,85.5529,11.8,28.53,33.43,2902746,9,2902746_009,D
2026-01-21 13:37:01.021751,12.6302,85.5529,18.6,28.31,33.41,2902746,9,2902746_009,D
2026-01-21 13:37:01.021751,12.6302,85.5529,25.4,27.88,33.49,2902746,9,2902746_009,D
2026-01-21 13:37:01.021751,12.6302,85.5529,32.1,27.41,34.01,2902746,9,2902746_009,D
2026-01-21 13:37:01.021751,12.6302,85.5529,38.9,27.75,34.15,2902746,9,2902746_009,D
2026-01-21 13:37:01.021751,12.6302,85.5529,45.7,27.13,34.0,2902746,9,2902746_009,D
2026-01-21 13:37:01.021751,12.6302,85.5529,52.5,27.1,34.14,2902746,9,2902746_009,D
2026-01-21 13:37:01.021751,12.6302,85.5529,59.3,25.73,34.09,2902746,9,2902746_009,D
2026-01-21 13:37:01.021751,12.6302,85.5529,66.1,25.73,34.1,2902746,9,2902746_009,D
2026-01-21 13:37:01.021751,12.6302,85.5529,72.9,24.95,34.05,2902746,9,2902746_009,D
2026-01-21 13:37:01.021751,12.6302,85.5529,79.6,24.77,34.14,2902746,9,2902746_009,D
2026-01-21 13:37:01.021751,12.6302,85.5529,86.4,23.81,34.22,2902746,9,2902746_009,D
2026-01-21 13:37:01.021751,12.6302,85.5529,93.2,23.67,34.26,2902746,9,2902746_009,D
2026-01-21 13:37:01.021751,12.6302,85.5529,100.0,23.0,34.25,2902746,9,2902746_009,D
2026-01-21 13:37:01.021751,12.6302,85.5529,110.0,22.6,34.31,2902746,9,2902746_009,D
2026-01-21 13:37:01.021751,12.6302,85.5529,137.9,19.98,34.16,2902746,9,2902746_009,D
2026-01-21 13:37:01.021751,12.6302,85.5529,165.7,18.09,34.29,2902746,9,2902746_009,D
2026-01-21 13:37:01.021751,12.6302,85.5529,193.6,17.99,34.44,2902746,9,2902746_009,D
2026-01-21 13:37:01.021751,12.6302,85.5529,221.4,16.8,34.39,2902746,9,2902746_009,D
2026-01-21 13:37:01.021751,12.6302,85.5529,249.3,16.15,34.46,2902746,9,2902746_009,D
2026-01-21 13:37:01.021751,12.6302,85.5529,277.1,15.21,34.28,2902746,9,2902746_009,D
2026-01-21 13:37:01.021751,12.6302,85.5529,305.0,15.13,34.28,2902746,9,2902746_009,D
2026-01-21 13:37:01.021751,12.6302,85.5529,332.9,13.76,34.23,2902746,9,2902746_009,D
2026-01-21 13:37:01.021751,12.6302,85.5529,360.7,13.45,34.53,2902746,9,2902746_009,D
2026-01-21 13:37:01.021751,12.6302,85.5529,388.6,12.33,34.2,2902746,9,2902746_009,D
2026-01-21 13:37:01.021751,12.6302,85.5529,416.4,11.29,34.42,2902746,9,2902746_009,D
2026-01-21 13:37:01.021751,12.6302,85.5529,444.3,10.08,34.15,2902746,9,2902746_009,D
2026-01-21 13:37:01.021751,12.6302,85.5529,472.1,9.66,34.4,2902746,9,2902746_009,D
2026-01-21 13:37:01.021751,12.6302,85.5529,500.0,8.84,34.12,2902746,9,2902746_009,D
2026-01-21 13:37:01.021751,12.6302,85.5529,520.0,8.99,34.54,2902746,9,2902746_009,D
2026-01-21 13:37:01.021751,12.6302,85.5529,581.7,8.59,34.05,2902746,9,2902746_009,D
2026-01-21 13:37:01.021751,12.6302,85.5529,643.3,8.44,34.33,2902746,9,2902746_009,D
2026-01-21 13:37:01.021751,12.6302,85.5529,705.0,8.72,34.16,2902746,9,2902746_009,D
2026-01-21 13:37:01.021751,12.6302,85.5529,766.7,7.72,34.19,2902746,9,2902746_009,D
2026-01-21 13:37:01.021751,12.6302,85.5529,828.3,7.48,34.19,2902746,9,2902746_009,D
2026-01-21 13:37:01.021751,12.6302,85.5529,890.0,7.51,34.34,2902746,9,2902746_009,D
2026-01-21 13:37:01.021751,12.6302,85.5529,951.7,7.04,34.29,2902746,9,2902746_009,D
2026-01-21 13:37:01.021751,12.6302,85.5529,1013.3,7.17,34.16,2902746,9,2902746_009,D
2026-01-21 13:37:01.021751,12.6302,85.5529,1075.0,6.7,34.26,2902746,9,2902746_009,D
2026-01-21 13:37:01.021751,12.6302,85.5529,1136.7,6.74,34.21,2902746,9,2902746_009,D
2026-01-21 13:37:01.021751,12.6302,85.5529,1198.3,6.02,34.16,2902746,9,2902746_009,D
2026-01-21 13:37:01.021751,12.6302,85.5529,1260.0,5.81,34.32,2902746,9,2902746_009,D
2026-01-21 13:37:01.021751,12.6302,85.5529,1321.7,5.59,34.05,2902746,9,2902746_009,D
2026-01-21 13:37:01.021751,12.6302,85.5529,1383.3,5.69,34.18,2902746,9,2902746_009,D
2026-01-21 13:37:01.021751,12.6302,85.5529,1445.0,5.26,34.07,2902746,9,2902746_009,D
2026-01-21 13:37:01.021751,12.6302,85.5529,1506.7,5.11,34.02,2902746,9,2902746_009,D
2026-01-21 13:37:01.021751,12.6302,85.5529,1568.3,4.83,34.26,2902746,9,2902746_009,D
2026-01-21 13:37:01.021751,12.6302,85.5529,1630.0,4.79,34.14,2902746,9,2902746_009,D
2026-01-21 13:37:01.021751,12.6302,85.5529,1691.7,3.76,34.07,2902746,9,2902746_009,D
2026-01-21 13:37:01.021751,12.6302,85.5529,1753.3,3.18,34.3,2902746,9,2902746_009,D
2026-01-21 13:37:01.021751,12.6302,85.5529,1815.0,3.79,34.15,2902746,9,2902746_009,D
2026-01-21 13:37:01.021751,12.6302,85.5529,1876.7,3.67,34.17,2902746,9,2902746_009,D
2026-01-21 13:37:01.021751,12.6302,85.5529,1938.3,3.36,34.24,2902746,9,2902746_009,D
2026-01-21 13:37:01.021751,12.6302,85.5529,2000.0,3.21,33.85,2902746,9,2902746_009,D
2026-02-01 06:53:23.500106,12.8048,85.4773,5.0,29.07,33.58,2902746,10,2902746_010,D
2026-02-01 06:53:23.500106,12.8048,85.4773,11.8,28.18,33.45,2902746,10,2902746_010,D
2026-02-01 06:53:23.500106,12.8048,85.4773,18.6,28.59,33.36,2902746,10,2902746_010,D
2026-02-01 06:53:23.500106,12.8048,85.4773,25.4,27.9,33.46,2902746,10,2902746_010,D
2026-02-01 06:53:23.500106,12.8048,85.4773,32.1,27.53,34.03,2902746,10,2902746_010,D
2026-02-01 06:53:23.500106,12.8048,85.4773,38.9,27.22,34.13,2902746,10,2902746_010,D
2026-02-01 06:53:23.500106,12.8048,85.4773,45.7,27.35,34.22,2902746,10,2902746_010,D
2026-02-01 06:53:23.500106,12.8048,85.4773,52.5,27.02,34.06,2902746,10,2902746_010,D
2026-02-01 06:53:23.500106,12.8048,85.4773,59.3,26.58,34.11,2902746,10,2902746_010,D
2026-02-01 06:53:23.500106,12.8048,85.4773,66.1,25.5,34.09,2902746,10,2902746_010,D
2026-02-01 06:53:23.500106,12.8048,85.4773,72.9,25.14,34.16,2902746,10,2902746_010,D
2026-02-01 06:53:23.500106,12.8048,85.4773,79.6,24.0,34.28,2902746,10,2902746_010,D
2026-02-01 06:53:23.500106,12.8048,85.4773,86.4,24.19,34.14,2902746,10,2902746_010,D
2026-02-01 06:53:23.500106,12.8048,85.4773,93.2,22.93,34.21,2902746,10,2902746_010,D
2026-02-01 06:53:23.500106,12.8048,85.4773,100.0,23.14,34.17,2902746,10,2902746_010,D
2026-02-01 06:53:23.500106,12.8048,85.4773,110.0,22.31,34.25,2902746,10,2902746_010,D
2026-02-01 06:53:23.500106,12.8048,85.4773,137.9,20.16,34.48,2902746,10,2902746_010,D
2026-02-01 06:53:23.500106,12.8048,85.4773,165.7,19.12,34.36,2902746,10,2902746_010,D
2026-02-01 06:53:23.500106,12.8048,85.4773,193.6,17.64,34.49,2902746,10,2902746_010,D
2026-02-01 06:53:23.500106,12.8048,85.4773,221.4,17.15,34.22,2902746,10,2902746_010,D
2026-02-01 06:53:23.500106,12.8048,85.4773,249.3,15.43,34.15,2902746,10,2902746_010,D
2026-02-01 06:53:23.500106,12.8048,85.4773,277.1,15.42,34.18,2902746,10,2902746_010,D
2026-02-01 06:53:23.500106,12.8048,85.4773,305.0,14.72,34.28,2902746,10,2902746_010,D
2026-02-01 06:53:23.500106,12.8048,85.4773,332.9,13.99,33.99,2902746,10,2902746_010,D
2026-02-01 06:53:23.500106,12.8048,85.4773,360.7,13.23,34.13,2902746,10,2902746_010,D
2026-02-01 06:53:23.500106,12.8048,85.4773,388.6,12.34,34.36,2902746,10,2902746_010,D
2026-02-01 06:53:23.500106,12.8048,85.4773,416.4,11.51,34.16,2902746,10,2902746_010,D
2026-02-01 06:53:23.500106,12.8048,85.4773,444.3,10.69,33.89,2902746,10,2902746_010,D
2026-02-01 06:53:23.500106,12.8048,85.4773,472.1,9.47,34.22,2902746,10,2902746_010,D
2026-02-01 06:53:23.500106,12.8048,85.4773,500.0,9.1,33.99,2902746,10,2902746_010,D
2026-02-01 06:53:23.500106,12.8048,85.4773,520.0,9.54,34.24,2902746,10,2902746_010,D
2026-02-01 06:53:23.500106,12.8048,85.4773,581.7,8.86,34.24,2902746,10,2902746_010,D
2026-02-01 06:53:23.500106,12.8048,85.4773,643.3,8.0,34.2,2902746,10,2902746_010,D
2026-02-01 06:53:23.500106,12.8048,85.4773,705.0,8.17,34.14,2902746,10,2902746_010,D
2026-02-01 06:53:23.500106,12.8048,85.4773,766.7,7.71,34.08,2902746,10,2902746_010,D
2026-02-01 06:53:23.500106,12.8048,85.4773,828.3,8.15,34.04,2902746,10,2902746_010,D
2026-02-01 06:53:23.500106,12.8048,85.4773,890.0,7.49,34.23,2902746,10,2902746_010,D
2026-02-01 06:53:23.500106,12.8048,85.4773,951.7,6.77,34.05,2902746,10,2902746_010,D
2026-02-01 06:53:23.500106,12.8048,85.4773,1013.3,7.29,34.08,2902746,10,2902746_010,D
2026-02-01 06:53:23.500106,12.8048,85.4773,1075.0,6.51,34.21,2902746,10,2902746_010,D
2026-02-01 06:53:23.500106,12.8048,85.4773,1136.7,6.66,34.26,2902746,10,2902746_010,D
2026-02-01 06:53:23.500106,12.8048,85.4773,1198.3,6.1,34.27,2902746,10,2902746_010,D
2026-02-01 06:53:23.500106,12.8048,85.4773,1260.0,6.31,34.21,2902746,10,2902746_010,D
2026-02-01 06:53:23.500106,12.8048,85.4773,1321.7,5.35,34.3,2902746,10,2902746_010,D
2026-02-01 06:53:23.500106,12.8048,85.4773,1383.3,5.25,34.13,2902746,10,2902746_010,D
2026-02-01 06:53:23.500106,12.8048,85.4773,1445.0,5.0,34.07,2902746,10,2902746_010,D
2026-02-01 06:53:23.500106,12.8048,85.4773,1506.7,4.71,34.14,2902746,10,2902746_010,D
2026-02-01 06:53:23.500106,12.8048,85.4773,1568.3,5.02,34.13,2902746,10,2902746_010,D
2026-02-01 06:53:23.500106,12.8048,85.4773,1630.0,4.54,34.45,2902746,10,2902746_010,D
2026-02-01 06:53:23.500106,12.8048,85.4773,1691.7,4.25,34.21,2902746,10,2902746_010,D
2026-02-01 06:53:23.500106,12.8048,85.4773,1753.3,4.07,34.21,2902746,10,2902746_010,D
2026-02-01 06:53:23.500106,12.8048,85.4773,1815.0,3.84,34.15,2902746,10,2902746_010,D
2026-02-01 06:53:23.500106,12.8048,85.4773,1876.7,3.63,34.37,2902746,10,2902746_010,D
2026-02-01 06:53:23.500106,12.8048,85.4773,1938.3,3.26,34.09,2902746,10,2902746_010,D
2026-02-01 06:53:23.500106,12.8048,85.4773,2000.0,2.52,34.45,2902746,10,2902746_010,D
2026-02-11 20:02:46.511449,12.1341,84.8807,5.0,28.67,33.49,2902746,11,2902746_011,D
2026-02-11 20:02:46.511449,12.1341,84.8807,11.8,28.89,33.48,2902746,11,2902746_011,D
2026-02-11 20:02:46.511449,12.1341,84.8807,18.6,28.33,33.59,2902746,11,2902746_011,D
2026-02-11 20:02:46.511449,12.1341,84.8807,25.4,28.05,33.48,2902746,11,2902746_011,D
2026-02-11 20:02:46.511449,12.1341,84.8807,32.1,27.96,34.11,2902746,11,2902746_011,D
2026-02-11 20:02:46.511449,12.1341,84.8807,38.9,27.06,34.08,2902746,11,2902746_011,D
2026-02-11 20:02:46.511449,12.1341,84.8807,45.7,27.39,34.08,2902746,11,2902746_011,D
2026-02-11 20:02:46.511449,12.1341,84.8807,52.5,27.14,34.13,2902746,11,2902746_011,D
2026-02-11 20:02:46.511449,12.1341,84.8807,59.3,25.78,34.06,2902746,11,2902746_011,D
2026-02-11 20:02:46.511449,12.1341,84.8807,66.1,25.78,34.08,2902746,11,2902746_011,D
2026-02-11 20:02:46.511449,12.1341,84.8807,72.9,25.61,34.21,2902746,11,2902746_011,D
2026-02-11 20:02:46.511449,12.1341,84.8807,79.6,24.52,34.31,2902746,11,2902746_011,D
2026-02-11 20:02:46.511449,12.1341,84.8807,86.4,23.81,34.07,2902746,11,2902746_011,D
2026-02-11 20:02:46.511449,12.1341,84.8807,93.2,23.28,34.32,2902746,11,2902746_011,D
2026-02-11 20:02:46.511449,12.1341,84.8807,100.0,23.22,33.96,2902746,11,2902746_011,D
2026-02-11 20:02:46.511449,12.1341,84.8807,110.0,22.09,34.22,2902746,11,2902746_011,D
2026-02-11 20:02:46.511449,12.1341,84.8807,137.9,20.09,34.24,2902746,11,2902746_011,D
2026-02-11 20:02:46.511449,12.1341,84.8807,165.7,18.24,34.37,2902746,11,2902746_011,D
2026-02-11 20:02:46.511449,12.1341,84.8807,193.6,17.71,34.48,2902746,11,2902746_011,D
2026-02-11 20:02:46.511449,12.1341,84.8807,221.4,17.58,34.33,2902746,11,2902746_011,D
2026-02-11 20:02:46.511449,12.1341,84.8807,249.3,15.98,33.97,2902746,11,2902746_011,D
2026-02-11 20:02:46.511449,12.1341,84.8807,277.1,15.54,34.31,2902746,11,2902746_011,D
2026-02-11 20:02:46.511449,12.1341,84.8807,305.0,14.55,34.08,2902746,11,2902746_011,D
2026-02-11 20:02:46.511449,12.1341,84.8807,332.9,14.21,34.28,2902746,11,2902746_011,D
2026-02-11 20:02:46.511449,12.1341,84.8807,360.7,13.24,34.24,2902746,11,2902746_011,D
2026-02-11 20:02:46.511449,12.1341,84.8807,388.6,12.27,34.28,2902746,11,2902746_011,D
2026-02-11 20:02:46.511449,12.1341,84.8807,416.4,10.98,34.27,2902746,11,2902746_011,D
2026-02-11 20:02:46.511449,12.1341,84.8807,444.3,10.49,34.1,2902746,11,2902746_011,D
2026-02-11 20:02:46.511449,12.1341,84.8807,472.1,9.74,34.2,2902746,11,2902746_011,D
2026-02-11 20:02:46.511449,12.1341,84.8807,500.0,8.84,34.34,2902746,11,2902746_011,D
2026-02-11 20:02:46.511449,12.1341,84.8807,520.0,8.76,34.02,2902746,11,2902746_011,D
2026-02-11 20:02:46.511449,12.1341,84.8807,581.7,8.91,34.12,2902746,11,2902746_011,D
2026-02-11 20:02:46.511449,12.1341,84.8807,643.3,8.52,34.34,2902746,11,2902746_011,D
2026-02-11 20:02:46.511449,12.1341,84.8807,705.0,8.03,34.3,2902746,11,2902746_011,D
2026-02-11 20:02:46.511449,12.1341,84.8807,766.7,7.91,34.19,2902746,11,2902746_011,D
2026-02-11 20:02:46.511449,12.1341,84.8807,828.3,7.83,34.26,2902746,11,2902746_011,D
2026-02-11 20:02:46.511449,12.1341,84.8807,890.0,7.08,34.04,2902746,11,2902746_011,D
2026-02-11 20:02:46.511449,12.1341,84.8807,951.7,6.92,34.27,2902746,11,2902746_011,D
2026-02-11 20:02:46.511449,12.1341,84.8807,1013.3,6.9,34.31,2902746,11,2902746_011,D
2026-02-11 20:02:46.511449,12.1341,84.8807,1075.0,6.57,34.23,2902746,11,2902746_011,D
2026-02-11 20:02:46.511449,12.1341,84.8807,1136.7,6.45,33.98,2902746,11,2902746_011,D
2026-02-11 20:02:46.511449,12.1341,84.8807,1198.3,6.65,34.28,2902746,11,2902746_011,D
2026-02-11 20:02:46.511449,12.1341,84.8807,1260.0,5.38,34.29,2902746,11,2902746_011,D
2026-02-11 20:02:46.511449,12.1341,84.8807,1321.7,5.67,34.17,2902746,11,2902746_011,D
2026-02-11 20:02:46.511449,12.1341,84.8807,1383.3,5.43,34.24,2902746,11,2902746_011,D
2026-02-11 20:02:46.511449,12.1341,84.8807,1445.0,5.77,34.34,2902746,11,2902746_011,D
2026-02-11 20:02:46.511449,12.1341,84.8807,1506.7,5.16,34.32,2902746,11,2902746_011,D
2026-02-11 20:02:46.511449,12.1341,84.8807,1568.3,4.7,34.31,2902746,11,2902746_011,D
2026-02-11 20:02:46.511449,12.1341,84.8807,1630.0,4.7,34.27,2902746,11,2902746_011,D
2026-02-11 20:02:46.511449,12.1341,84.8807,1691.7,3.62,34.07,2902746,11,2902746_011,D
2026-02-11 20:02:46.511449,12.1341,84.8807,1753.3,3.71,34.28,2902746,11,2902746_011,D
2026-02-11 20:02:46.511449,12.1341,84.8807,1815.0,3.7,34.27,2902746,11,2902746_011,D
2026-02-11 20:02:46.511449,12.1341,84.8807,1876.7,3.37,33.87,2902746,11,2902746_011,D
2026-02-11 20:02:46.511449,12.1341,84.8807,1938.3,3.15,33.96,2902746,11,2902746_011,D
2026-02-11 20:02:46.511449,12.1341,84.8807,2000.0,3.41,34.27,2902746,11,2902746_011,D
2025-10-13 10:45:40.981944,15.2386,65.7713,5.0,29.51,35.98,2902718,1,2902718_001,D
2025-10-13 10:45:40.981944,15.2386,65.7713,11.8,29.26,35.87,2902718,1,2902718_001,D
2025-10-13 10:45:40.981944,15.2386,65.7713,18.6,29.32,35.97,2902718,1,2902718_001,D
2025-10-13 10:45:40.981944,15.2386,65.7713,25.4,28.46,36.03,2902718,1,2902718_001,D
2025-10-13 10:45:40.981944,15.2386,65.7713,32.1,27.79,35.42,2902718,1,2902718_001,D
2025-10-13 10:45:40.981944,15.2386,65.7713,38.9,27.84,35.25,2902718,1,2902718_001,D
2025-10-13 10:45:40.981944,15.2386,65.7713,45.7,28.41,35.5,2902718,1,2902718_001,D
2025-10-13 10:45:40.981944,15.2386,65.7713,52.5,27.24,35.4,2902718,1,2902718_001,D
2025-10-13 10:45:40.981944,15.2386,65.7713,59.3,26.67,35.39,2902718,1,2902718_001,D
2025-10-13 10:45:40.981944,15.2386,65.7713,66.1,26.04,35.42,2902718,1,2902718_001,D
2025-10-13 10:45:40.981944,15.2386,65.7713,72.9,26.17,35.57,2902718,1,2902718_001,D
2025-10-13 10:45:40.981944,15.2386,65.7713,79.6,25.23,35.58,2902718,1,2902718_001,D
2025-10-13 10:45:40.981944,15.2386,65.7713,86.4,24.32,35.46,2902718,1,2902718_001,D
2025-10-13 10:45:40.981944,15.2386,65.7713,93.2,23.93,35.44,2902718,1,2902718_001,D
2025-10-13 10:45:40.981944,15.2386,65.7713,100.0,23.5,35.54,2902718,1,2902718_001,D
2025-10-13 10:45:40.981944,15.2386,65.7713,110.0,22.96,35.63,2902718,1,2902718_001,D
2025-10-13 10:45:40.981944,15.2386,65.7713,137.9,21.02,35.66,2902718,1,2902718_001,D
2025-10-13 10:45:40.981944,15.2386,65.7713,165.7,20.01,35.83,2902718,1,2902718_001,D
2025-10-13 10:45:40.981944,15.2386,65.7713,193.6,18.66,35.83,2902718,1,2902718_001,D
2025-10-13 10:45:40.981944,15.2386,65.7713,221.4,17.57,35.5,2902718,1,2902718_001,D
2025-10-13 10:45:40.981944,15.2386,65.7713,249.3,16.68,35.6,2902718,1,2902718_001,D
2025-10-13 10:45:40.981944,15.2386,65.7713,277.1,16.18,35.6,2902718,1,2902718_001,D
2025-10-13 10:45:40.981944,15.2386,65.7713,305.0,14.84,35.47,2902718,1,2902718_001,D
2025-10-13 10:45:40.981944,15.2386,65.7713,332.9,14.37,35.51,2902718,1,2902718_001,D
2025-10-13 10:45:40.981944,15.2386,65.7713,360.7,12.99,35.51,2902718,1,2902718_001,D
2025-10-13 10:45:40.981944,15.2386,65.7713,388.6,12.83,35.8,2902718,1,2902718_001,D
2025-10-13 10:45:40.981944,15.2386,65.7713,416.4,12.26,35.57,2902718,1,2902718_001,D
2025-10-13 10:45:40.981944,15.2386,65.7713,444.3,11.13,35.42,2902718,1,2902718_001,D
2025-10-13 10:45:40.981944,15.2386,65.7713,472.1,10.0,35.63,2902718,1,2902718_001,D
2025-10-13 10:45:40.981944,15.2386,65.7713,500.0,8.99,35.51,2902718,1,2902718_001,D
2025-10-13 10:45:40.981944,15.2386,65.7713,520.0,9.62,35.38,2902718,1,2902718_001,D
2025-10-13 10:45:40.981944,15.2386,65.7713,581.7,9.08,35.62,2902718,1,2902718_001,D
2025-10-13 10:45:40.981944,15.2386,65.7713,643.3,9.45,35.59,2902718,1,2902718_001,D
2025-10-13 10:45:40.981944,15.2386,65.7713,705.0,8.79,35.59,2902718,1,2902718_001,D
2025-10-13 10:45:40.981944,15.2386,65.7713,766.7,7.98,35.4,2902718,1,2902718_001,D
2025-10-13 10:45:40.981944,15.2386,65.7713,828.3,8.33,35.27,2902718,1,2902718_001,D
2025-10-13 10:45:40.981944,15.2386,65.7713,890.0,8.0,35.69,2902718,1,2902718_001,D
2025-10-13 10:45:40.981944,15.2386,65.7713,951.7,8.1,35.54,2902718,1,2902718_001,D
2025-10-13 10:45:40.981944,15.2386,65.7713,1013.3,8.34,35.43,2902718,1,2902718_001,D
2025-10-13 10:45:40.981944,15.2386,65.7713,1075.0,7.5,35.38,2902718,1,2902718_001,D
2025-10-13 10:45:40.981944,15.2386,65.7713,1136.7,6.83,35.36,2902718,1,2902718_001,D
2025-10-13 10:45:40.981944,15.2386,65.7713,1198.3,7.04,35.5,2902718,1,2902718_001,D
2025-10-13 10:45:40.981944,15.2386,65.7713,1260.0,6.44,35.37,2902718,1,2902718_001,D
2025-10-13 10:45:40.981944,15.2386,65.7713,1321.7,6.33,35.7,2902718,1,2902718_001,D
2025-10-13 10:45:40.981944,15.2386,65.7713,1383.3,6.71,35.61,2902718,1,2902718_001,D
2025-10-13 10:45:40.981944,15.2386,65.7713,1445.0,5.7,35.66,2902718,1,2902718_001,D
2025-10-13 10:45:40.981944,15.2386,65.7713,1506.7,6.17,35.55,2902718,1,2902718_001,D
2025-10-13 10:45:40.981944,15.2386,65.7713,1568.3,6.42,35.59,2902718,1,2902718_001,D
2025-10-13 10:45:40.981944,15.2386,65.7713,1630.0,4.77,35.6,2902718,1,2902718_001,D
2025-10-13 10:45:40.981944,15.2386,65.7713,1691.7,4.8,35.26,2902718,1,2902718_001,D
2025-10-13 10:45:40.981944,15.2386,65.7713,1753.3,4.84,35.46,2902718,1,2902718_001,D
2025-10-13 10:45:40.981944,15.2386,65.7713,1815.0,3.93,35.77,2902718,1,2902718_001,D
2025-10-13 10:45:40.981944,15.2386,65.7713,1876.7,3.53,35.49,2902718,1,2902718_001,D
2025-10-13 10:45:40.981944,15.2386,65.7713,1938.3,3.63,35.54,2902718,1,2902718_001,D
2025-10-13 10:45:40.981944,15.2386,65.7713,2000.0,3.95,35.37,2902718,1,2902718_001,D
2025-10-23 04:58:15.541074,15.1446,65.7208,5.0,29.45,36.1,2902718,2,2902718_002,D
2025-10-23 04:58:15.541074,15.1446,65.7208,11.8,29.48,35.99,2902718,2,2902718_002,D
2025-10-23 04:58:15.541074,15.1446,65.7208,18.6,28.97,35.96,2902718,2,2902718_002,D
2025-10-23 04:58:15.541074,15.1446,65.7208,25.4,28.8,35.89,2902718,2,2902718_002,D
2025-10-23 04:58:15.541074,15.1446,65.7208,32.1,28.38,35.26,2902718,2,2902718_002,D
2025-10-23 04:58:15.541074,15.1446,65.7208,38.9,27.73,35.35,2902718,2,2902718_002,D
2025-10-23 04:58:15.541074,15.1446,65.7208,45.7,27.69,35.47,2902718,2,2902718_002,D
2025-10-23 04:58:15.541074,15.1446,65.7208,52.5,27.57,35.34,2902718,2,2902718_002,D
2025-10-23 04:58:15.541074,15.1446,65.7208,59.3,26.66,35.33,2902718,2,2902718_002,D
2025-10-23 04:58:15.541074,15.1446,65.7208,66.1,26.29,35.47,2902718,2,2902718_002,D
2025-10-23 04:58:15.541074,15.1446,65.7208,72.9,26.02,35.51,2902718,2,2902718_002,D
2025-10-23 04:58:15.541074,15.1446,65.7208,79.6,25.09,35.49,2902718,2,2902718_002,D
2025-10-23 04:58:15.541074,15.1446,65.7208,86.4,25.03,35.46,2902718,2,2902718_002,D
2025-10-23 04:58:15.541074,15.1446,65.7208,93.2,24.2,35.54,2902718,2,2902718_002,D
2025-10-23 04:58:15.541074,15.1446,65.7208,100.0,24.22,35.51,2902718,2,2902718_002,D
2025-10-23 04:58:15.541074,15.1446,65.7208,110.0,23.44,35.53,2902718,2,2902718_002,D
2025-10-23 04:58:15.541074,15.1446,65.7208,137.9,20.66,35.58,2902718,2,2902718_002,D
2025-10-23 04:58:15.541074,15.1446,65.7208,165.7,18.94,35.79,2902718,2,2902718_002,D
2025-10-23 04:58:15.541074,15.1446,65.7208,193.6,18.77,35.92,2902718,2,2902718_002,D
2025-10-23 04:58:15.541074,15.1446,65.7208,221.4,17.97,35.48,2902718,2,2902718_002,D
2025-10-23 04:58:15.541074,15.1446,65.7208,249.3,16.71,35.68,2902718,2,2902718_002,D
2025-10-23 04:58:15.541074,15.1446,65.7208,277.1,15.54,35.39,2902718,2,2902718_002,D
2025-10-23 04:58:15.541074,15.1446,65.7208,305.0,15.34,35.5,2902718,2,2902718_002,D
2025-10-23 04:58:15.541074,15.1446,65.7208,332.9,14.26,35.53,2902718,2,2902718_002,D
2025-10-23 04:58:15.541074,15.1446,65.7208,360.7,13.53,35.47,2902718,2,2902718_002,D
2025-10-23 04:58:15.541074,15.1446,65.7208,388.6,13.06,35.78,2902718,2,2902718_002,D
2025-10-23 04:58:15.541074,15.1446,65.7208,416.4,12.31,35.59,2902718,2,2902718_002,D
2025-10-23 04:58:15.541074,15.1446,65.7208,444.3,11.35,35.49,2902718,2,2902718_002,D
2025-10-23 04:58:15.541074,15.1446,65.7208,472.1,10.42,35.49,2902718,2,2902718_002,D
2025-10-23 04:58:15.541074,15.1446,65.7208,500.0,9.46,35.54,2902718,2,2902718_002,D
2025-10-23 04:58:15.541074,15.1446,65.7208,520.0,9.39,35.49,2902718,2,2902718_002,D
2025-10-23 04:58:15.541074,15.1446,65.7208,581.7,9.17,35.55,2902718,2,2902718_002,D
2025-10-23 04:58:15.541074,15.1446,65.7208,643.3,8.93,35.47,2902718,2,2902718_002,D
2025-10-23 04:58:15.541074,15.1446,65.7208,705.0,9.38,35.4,2902718,2,2902718_002,D
2025-10-23 04:58:15.541074,15.1446,65.7208,766.7,8.52,35.39,2902718,2,2902718_002,D
2025-10-23 04:58:15.541074,15.1446,65.7208,828.3,8.61,35.48,2902718,2,2902718_002,D
2025-10-23 04:58:15.541074,15.1446,65.7208,890.0,8.59,35.52,2902718,2,2902718_002,D
2025-10-23 04:58:15.541074,15.1446,65.7208,951.7,8.14,35.62,2902718,2,2902718_002,D
2025-10-23 04:58:15.541074,15.1446,65.7208,1013.3,7.38,35.59,2902718,2,2902718_002,D
2025-10-23 04:58:15.541074,15.1446,65.7208,1075.0,6.94,35.52,2902718,2,2902718_002,D
2025-10-23 04:58:15.541074,15.1446,65.7208,1136.7,6.75,35.7,2902718,2,2902718_002,D
2025-10-23 04:58:15.541074,15.1446,65.7208,1198.3,6.7,35.55,2902718,2,2902718_002,D
2025-10-23 04:58:15.541074,15.1446,65.7208,1260.0,6.63,35.66,2902718,2,2902718_002,D
2025-10-23 04:58:15.541074,15.1446,65.7208,1321.7,6.3,35.5,2902718,2,2902718_002,D
2025-10-23 04:58:15.541074,15.1446,65.7208,1383.3,6.05,35.58,2902718,2,2902718_002,D
2025-10-23 04:58:15.541074,15.1446,65.7208,1445.0,5.64,35.6,2902718,2,2902718_002,D
2025-10-23 04:58:15.541074,15.1446,65.7208,1506.7,5.7,35.63,2902718,2,2902718_002,D
2025-10-23 04:58:15.541074,15.1446,65.7208,1568.3,5.46,35.48,2902718,2,2902718_002,D
2025-10-23 04:58:15.541074,15.1446,65.7208,1630.0,5.17,35.35,2902718,2,2902718_002,D
2025-10-23 04:58:15.541074,15.1446,65.7208,1691.7,5.03,35.34,2902718,2,2902718_002,D
2025-10-23 04:58:15.541074,15.1446,65.7208,1753.3,5.15,35.26,2902718,2,2902718_002,D
2025-10-23 04:58:15.541074,15.1446,65.7208,1815.0,4.47,35.5,2902718,2,2902718_002,D
2025-10-23 04:58:15.541074,15.1446,65.7208,1876.7,4.53,35.52,2902718,2,2902718_002,D
2025-10-23 04:58:15.541074,15.1446,65.7208,1938.3,3.74,35.41,2902718,2,2902718_002,D
2025-10-23 04:58:15.541074,15.1446,65.7208,2000.0,3.42,35.31,2902718,2,2902718_002,D
2025-11-03 22:58:06.916893,15.101,65.7907,5.0,29.55,35.84,2902718,3,2902718_003,D
2025-11-03 22:58:06.916893,15.101,65.7907,11.8,29.17,36.09,2902718,3,2902718_003,D
2025-11-03 22:58:06.916893,15.101,65.7907,18.6,29.19,35.95,2902718,3,2902718_003,D
2025-11-03 22:58:06.916893,15.101,65.7907,25.4,28.48,36.06,2902718,3,2902718_003,D
2025-11-03 22:58:06.916893,15.101,65.7907,32.1,28.49,35.27,2902718,3,2902718_003,D
2025-11-03 22:58:06.916893,15.101,65.7907,38.9,28.14,35.24,2902718,3,2902718_003,D
2025-11-03 22:58:06.916893,15.101,65.7907,45.7,27.7,35.46,2902718,3,2902718_003,D
2025-11-03 22:58:06.916893,15.101,65.7907,52.5,27.6,35.37,2902718,3,2902718_003,D
2025-11-03 22:58:06.916893,15.101,65.7907,59.3,26.54,35.28,2902718,3,2902718_003,D
2025-11-03 22:58:06.916893,15.101,65.7907,66.1,26.49,35.45,2902718,3,2902718_003,D
2025-11-03 22:58:06.916893,15.101,65.7907,72.9,26.15,35.45,2902718,3,2902718_003,D
2025-11-03 22:58:06.916893,15.101,65.7907,79.6,24.93,35.49,2902718,3,2902718_003,D
2025-11-03 22:58:06.916893,15.101,65.7907,86.4,24.78,35.52,2902718,3,2902718_003,D
2025-11-03 22:58:06.916893,15.101,65.7907,93.2,23.95,35.57,2902718,3,2902718_003,D
2025-11-03 22:58:06.916893,15.101,65.7907,100.0,23.63,35.48,2902718,3,2902718_003,D
2025-11-03 22:58:06.916893,15.101,65.7907,110.0,22.81,35.28,2902718,3,2902718_003,D
2025-11-03 22:58:06.916893,15.101,65.7907,137.9,20.56,35.48,2902718,3,2902718_003,D
2025-11-03 22:58:06.916893,15.101,65.7907,165.7,19.35,35.65,2902718,3,2902718_003,D
2025-11-03 22:58:06.916893,15.101,65.7907,193.6,18.82,35.78,2902718,3,2902718_003,D
2025-11-03 22:58:06.916893,15.101,65.7907,221.4,17.61,35.74,2902718,3,2902718_003,D
2025-11-03 22:58:06.916893,15.101,65.7907,249.3,16.87,35.58,2902718,3,2902718_003,D
2025-11-03 22:58:06.916893,15.101,65.7907,277.1,16.03,35.51,2902718,3,2902718_003,D
2025-11-03 22:58:06.916893,15.101,65.7907,305.0,15.33,35.55,2902718,3,2902718_003,D
2025-11-03 22:58:06.916893,15.101,65.7907,332.9,14.94,35.4,2902718,3,2902718_003,D
2025-11-03 22:58:06.916893,15.101,65.7907,360.7,13.57,35.53,2902718,3,2902718_003,D
2025-11-03 22:58:06.916893,15.101,65.7907,388.6,12.97,35.4,2902718,3,2902718_003,D
2025-11-03 22:58:06.916893,15.101,65.7907,416.4,12.33,35.54,2902718,3,2902718_003,D
2025-11-03 22:58:06.916893,15.101,65.7907,444.3,11.6,35.52,2902718,3,2902718_003,D
2025-11-03 22:58:06.916893,15.101,65.7907,472.1,10.36,35.46,2902718,3,2902718_003,D
2025-11-03 22:58:06.916893,15.101,65.7907,500.0,9.58,35.71,2902718,3,2902718_003,D
2025-11-03 22:58:06.916893,15.101,65.7907,520.0,8.89,35.5,2902718,3,2902718_003,D
2025-11-03 22:58:06.916893,15.101,65.7907,581.7,9.62,35.43,2902718,3,2902718_003,D
2025-11-03 22:58:06.916893,15.101,65.7907,643.3,9.22,35.61,2902718,3,2902718_003,D
2025-11-03 22:58:06.916893,15.101,65.7907,705.0,9.29,35.57,2902718,3,2902718_003,D
2025-11-03 22:58:06.916893,15.101,65.7907,766.7,8.64,35.65,2902718,3,2902718_003,D
2025-11-03 22:58:06.916893,15.101,65.7907,828.3,8.73,35.39,2902718,3,2902718_003,D
2025-11-03 22:58:06.916893,15.101,65.7907,890.0,8.03,35.32,2902718,3,2902718_003,D
2025-11-03 22:58:06.916893,15.101,65.7907,951.7,7.82,35.42,2902718,3,2902718_003,D
2025-11-03 22:58:06.916893,15.101,65.7907,1013.3,7.33,35.28,2902718,3,2902718_003,D
2025-11-03 22:58:06.916893,15.101,65.7907,1075.0,7.58,35.61,2902718,3,2902718_003,D
2025-11-03 22:58:06.916893,15.101,65.7907,1136.7,7.11,35.36,2902718,3,2902718_003,D
2025-11-03 22:58:06.916893,15.101,65.7907,1198.3,7.11,35.45,2902718,3,2902718_003,D
2025-11-03 22:58:06.916893,15.101,65.7907,1260.0,6.64,35.27,2902718,3,2902718_003,D
2025-11-03 22:58:06.916893,15.101,65.7907,1321.7,5.95,35.47,2902718,3,2902718_003,D
2025-11-03 22:58:06.916893,15.101,65.7907,1383.3,6.15,35.38,2902718,3,2902718_003,D
2025-11-03 22:58:06.916893,15.101,65.7907,1445.0,5.93,35.44,2902718,3,2902718_003,D
2025-11-03 22:58:06.916893,15.101,65.7907,1506.7,5.55,35.62,2902718,3,2902718_003,D
2025-11-03 22:58:06.916893,15.101,65.7907,1568.3,4.91,35.47,2902718,3,2902718_003,D
2025-11-03 22:58:06.916893,15.101,65.7907,1630.0,5.16,35.47,2902718,3,2902718_003,D
2025-11-03 22:58:06.916893,15.101,65.7907,1691.7,5.02,35.71,2902718,3,2902718_003,D
2025-11-03 22:58:06.916893,15.101,65.7907,1753.3,4.4,35.57,2902718,3,2902718_003,D
2025-11-03 22:58:06.916893,15.101,65.7907,1815.0,4.55,35.38,2902718,3,2902718_003,D
2025-11-03 22:58:06.916893,15.101,65.7907,1876.7,4.0,35.47,2902718,3,2902718_003,D
2025-11-03 22:58:06.916893,15.101,65.7907,1938.3,4.25,35.44,2902718,3,2902718_003,D
2025-11-03 22:58:06.916893,15.101,65.7907,2000.0,3.67,35.41,2902718,3,2902718_003,D
2025-11-12 06:26:17.318766,15.2247,65.8088,5.0,29.39,36.07,2902718,4,2902718_004,D
2025-11-12 06:26:17.318766,15.2247,65.8088,11.8,28.6,35.95,2902718,4,2902718_004,D
2025-11-12 06:26:17.318766,15.2247,65.8088,18.6,29.15,35.94,2902718,4,2902718_004,D
2025-11-12 06:26:17.318766,15.2247,65.8088,25.4,28.51,36.1,2902718,4,2902718_004,D
2025-11-12 06:26:17.318766,15.2247,65.8088,32.1,28.54,35.38,2902718,4,2902718_004,D
2025-11-12 06:26:17.318766,15.2247,65.8088,38.9,27.89,35.16,2902718,4,2902718_004,D
2025-11-12 06:26:17.318766,15.2247,65.8088,45.7,27.4,35.22,2902718,4,2902718_004,D
2025-11-12 06:26:17.318766,15.2247,65.8088,52.5,27.87,35.25,2902718,4,2902718_004,D
2025-11-12 06:26:17.318766,15.2247,65.8088,59.3,26.99,35.31,2902718,4,2902718_004,D
2025-11-12 06:26:17.318766,15.2247,65.8088,66.1,26.34,35.41,2902718,4,2902718_004,D
2025-11-12 06:26:17.318766,15.2247,65.8088,72.9,25.75,35.44,2902718,4,2902718_004,D
2025-11-12 06:26:17.318766,15.2247,65.8088,79.6,25.43,35.5,2902718,4,2902718_004,D
2025-11-12 06:26:17.318766,15.2247,65.8088,86.4,24.72,35.45,2902718,4,2902718_004,D
2025-11-12 06:26:17.318766,15.2247,65.8088,93.2,24.16,35.36,2902718,4,2902718_004,D
2025-11-12 06:26:17.318766,15.2247,65.8088,100.0,23.95,35.45,2902718,4,2902718_004,D
2025-11-12 06:26:17.318766,15.2247,65.8088,110.0,22.57,35.46,2902718,4,2902718_004,D
2025-11-12 06:26:17.318766,15.2247,65.8088,137.9,21.1,35.58,2902718,4,2902718_004,D
2025-11-12 06:26:17.318766,15.2247,65.8088,165.7,19.36,35.64,2902718,4,2902718_004,D
2025-11-12 06:26:17.318766,15.2247,65.8088,193.6,18.42,35.77,2902718,4,2902718_004,D
2025-11-12 06:26:17.318766,15.2247,65.8088,221.4,17.81,35.28,2902718,4,2902718_004,D
2025-11-12 06:26:17.318766,15.2247,65.8088,249.3,17.03,35.6,2902718,4,2902718_004,D
2025-11-12 06:26:17.318766,15.2247,65.8088,277.1,15.6,35.53,2902718,4,2902718_004,D
2025-11-12 06:26:17.318766,15.2247,65.8088,305.0,15.17,35.43,2902718,4,2902718_004,D
2025-11-12 06:26:17.318766,15.2247,65.8088,332.9,14.24,35.29,2902718,4,2902718_004,D
2025-11-12 06:26:17.318766,15.2247,65.8088,360.7,13.55,35.7,2902718,4,2902718_004,D
2025-11-12 06:26:17.318766,15.2247,65.8088,388.6,12.75,35.5,2902718,4,2902718_004,D
2025-11-12 06:26:17.318766,15.2247,65.8088,416.4,12.16,35.46,2902718,4,2902718_004,D
2025-11-12 06:26:17.318766,15.2247,65.8088,444.3,11.85,35.54,2902718,4,2902718_004,D
2025-11-12 06:26:17.318766,15.2247,65.8088,472.1,10.52,35.32,2902718,4,2902718_004,D
2025-11-12 06:26:17.318766,15.2247,65.8088,500.0,9.85,35.5,2902718,4,2902718_004,D
2025-11-12 06:26:17.318766,15.2247,65.8088,520.0,9.11,35.58,2902718,4,2902718_004,D
2025-11-12 06:26:17.318766,15.2247,65.8088,581.7,9.16,35.62,2902718,4,2902718_004,D
2025-11-12 06:26:17.318766,15.2247,65.8088,643.3,9.34,35.54,2902718,4,2902718_004,D
2025-11-12 06:26:17.318766,15.2247,65.8088,705.0,8.91,35.52,2902718,4,2902718_004,D
2025-11-12 06:26:17.318766,15.2247,65.8088,766.7,8.38,35.39,2902718,4,2902718_004,D
2025-11-12 06:26:17.318766,15.2247,65.8088,828.3,8.17,35.68,2902718,4,2902718_004,D
2025-11-12 06:26:17.318766,15.2247,65.8088,890.0,7.83,35.35,2902718,4,2902718_004,D
2025-11-12 06:26:17.318766,15.2247,65.8088,951.7,8.11,35.51,2902718,4,2902718_004,D
2025-11-12 06:26:17.318766,15.2247,65.8088,1013.3,7.08,35.66,2902718,4,2902718_004,D
2025-11-12 06:26:17.318766,15.2247,65.8088,1075.0,7.37,35.48,2902718,4,2902718_004,D
2025-11-12 06:26:17.318766,15.2247,65.8088,1136.7,6.69,35.6,2902718,4,2902718_004,D
2025-11-12 06:26:17.318766,15.2247,65.8088,1198.3,6.54,35.57,2902718,4,2902718_004,D
2025-11-12 06:26:17.318766,15.2247,65.8088,1260.0,6.96,35.55,2902718,4,2902718_004,D
2025-11-12 06:26:17.318766,15.2247,65.8088,1321.7,6.56,35.47,2902718,4,2902718_004,D
2025-11-12 06:26:17.318766,15.2247,65.8088,1383.3,6.13,35.41,2902718,4,2902718_004,D
2025-11-12 06:26:17.318766,15.2247,65.8088,1445.0,5.66,35.63,2902718,4,2902718_004,D
2025-11-12 06:26:17.318766,15.2247,65.8088,1506.7,5.73,35.39,2902718,4,2902718_004,D
2025-11-12 06:26:17.318766,15.2247,65.8088,1568.3,5.59,35.59,2902718,4,2902718_004,D
2025-11-12 06:26:17.318766,15.2247,65.8088,1630.0,4.86,35.48,2902718,4,2902718_004,D
2025-11-12 06:26:17.318766,15.2247,65.8088,1691.7,4.6,35.56,2902718,4,2902718_004,D
2025-11-12 06:26:17.318766,15.2247,65.8088,1753.3,5.06,35.64,2902718,4,2902718_004,D
2025-11-12 06:26:17.318766,15.2247,65.8088,1815.0,4.46,35.28,2902718,4,2902718_004,D
2025-11-12 06:26:17.318766,15.2247,65.8088,1876.7,4.38,35.33,2902718,4,2902718_004,D
2025-11-12 06:26:17.318766,15.2247,65.8088,1938.3,4.26,35.55,2902718,4,2902718_004,D
2025-11-12 06:26:17.318766,15.2247,65.8088,2000.0,3.75,35.57,2902718,4,2902718_004,D
2025-11-23 03:28:45.381720,15.2759,65.9232,5.0,29.58,36.08,2902718,5,2902718_005,D
2025-11-23 03:28:45.381720,15.2759,65.9232,11.8,29.56,35.7,2902718,5,2902718_005,D
2025-11-23 03:28:45.381720,15.2759,65.9232,18.6,28.78,35.89,2902718,5,2902718_005,D
2025-11-23 03:28:45.381720,15.2759,65.9232,25.4,28.75,35.97,2902718,5,2902718_005,D
2025-11-23 03:28:45.381720,15.2759,65.9232,32.1,28.43,35.32,2902718,5,2902718_005,D
2025-11-23 03:28:45.381720,15.2759,65.9232,38.9,27.93,35.43,2902718,5,2902718_005,D
2025-11-23 03:28:45.381720,15.2759,65.9232,45.7,27.6,35.51,2902718,5,2902718_005,D
2025-11-23 03:28:45.381720,15.2759,65.9232,52.5,27.78,35.42,2902718,5,2902718_005,D
2025-11-23 03:28:45.381720,15.2759,65.9232,59.3,27.09,35.45,2902718,5,2902718_005,D
2025-11-23 03:28:45.381720,15.2759,65.9232,66.1,26.51,35.54,2902718,5,2902718_005,D
2025-11-23 03:28:45.381720,15.2759,65.9232,72.9,26.3,35.56,2902718,5,2902718_005,D
2025-11-23 03:28:45.381720,15.2759,65.9232,79.6,25.25,35.23,2902718,5,2902718_005,D
2025-11-23 03:28:45.381720,15.2759,65.9232,86.4,25.02,35.57,2902718,5,2902718_005,D
2025-11-23 03:28:45.381720,15.2759,65.9232,93.2,24.04,35.44,2902718,5,2902718_005,D
2025-11-23 03:28:45.381720,15.2759,65.9232,100.0,23.65,35.6,2902718,5,2902718_005,D
2025-11-23 03:28:45.381720,15.2759,65.9232,110.0,23.22,35.47,2902718,5,2902718_005,D
2025-11-23 03:28:45.381720,15.2759,65.9232,137.9,20.38,35.56,2902718,5,2902718_005,D
2025-11-23 03:28:45.381720,15.2759,65.9232,165.7,18.97,35.74,2902718,5,2902718_005,D
2025-11-23 03:28:45.381720,15.2759,65.9232,193.6,18.97,35.88,2902718,5,2902718_005,D
2025-11-23 03:28:45.381720,15.2759,65.9232,221.4,17.82,35.36,2902718,5,2902718_005,D
2025-11-23 03:28:45.381720,15.2759,65.9232,249.3,17.08,35.29,2902718,5,2902718_005,D
2025-11-23 03:28:45.381720,15.2759,65.9232,277.1,15.65,35.47,2902718,5,2902718_005,D
2025-11-23 03:28:45.381720,15.2759,65.9232,305.0,15.43,35.4,2902718,5,2902718_005,D
2025-11-23 03:28:45.381720,15.2759,65.9232,332.9,14.15,35.56,2902718,5,2902718_005,D
2025-11-23 03:28:45.381720,15.2759,65.9232,360.7,13.35,35.31,2902718,5,2902718_005,D
2025-11-23 03:28:45.381720,15.2759,65.9232,388.6,12.51,35.56,2902718,5,2902718_005,D
2025-11-23 03:28:45.381720,15.2759,65.9232,416.4,12.1,35.7,2902718,5,2902718_005,D
2025-11-23 03:28:45.381720,15.2759,65.9232,444.3,11.15,35.42,2902718,5,2902718_005,D
2025-11-23 03:28:45.381720,15.2759,65.9232,472.1,10.76,35.48,2902718,5,2902718_005,D
2025-11-23 03:28:45.381720,15.2759,65.9232,500.0,9.6,35.38,2902718,5,2902718_005,D
2025-11-23 03:28:45.381720,15.2759,65.9232,520.0,10.48,35.52,2902718,5,2902718_005,D
2025-11-23 03:28:45.381720,15.2759,65.9232,581.7,9.21,35.58,2902718,5,2902718_005,D
2025-11-23 03:28:45.381720,15.2759,65.9232,643.3,8.56,35.59,2902718,5,2902718_005,D
2025-11-23 03:28:45.381720,15.2759,65.9232,705.0,8.51,35.53,2902718,5,2902718_005,D
2025-11-23 03:28:45.381720,15.2759,65.9232,766.7,8.56,35.39,2902718,5,2902718_005,D
2025-11-23 03:28:45.381720,15.2759,65.9232,828.3,8.76,35.63,2902718,5,2902718_005,D
2025-11-23 03:28:45.381720,15.2759,65.9232,890.0,7.8,35.51,2902718,5,2902718_005,D
2025-11-23 03:28:45.381720,15.2759,65.9232,951.7,8.12,35.43,2902718,5,2902718_005,D
2025-11-23 03:28:45.381720,15.2759,65.9232,1013.3,7.36,35.61,2902718,5,2902718_005,D
2025-11-23 03:28:45.381720,15.2759,65.9232,1075.0,7.57,35.15,2902718,5,2902718_005,D
2025-11-23 03:28:45.381720,15.2759,65.9232,1136.7,6.87,35.52,2902718,5,2902718_005,D
2025-11-23 03:28:45.381720,15.2759,65.9232,1198.3,7.48,35.51,2902718,5,2902718_005,D
2025-11-23 03:28:45.381720,15.2759,65.9232,1260.0,6.84,35.5,2902718,5,2902718_005,D
2025-11-23 03:28:45.381720,15.2759,65.9232,1321.7,6.17,35.49,2902718,5,2902718_005,D
2025-11-23 03:28:45.381720,15.2759,65.9232,1383.3,5.77,35.43,2902718,5,2902718_005,D
2025-11-23 03:28:45.381720,15.2759,65.9232,1445.0,5.85,35.34,2902718,5,2902718_005,D
2025-11-23 03:28:45.381720,15.2759,65.9232,1506.7,5.59,35.59,2902718,5,2902718_005,D
2025-11-23 03:28:45.381720,15.2759,65.9232,1568.3,5.95,35.51,2902718,5,2902718_005,D
2025-11-23 03:28:45.381720,15.2759,65.9232,1630.0,5.09,35.27,2902718,5,2902718_005,D
2025-11-23 03:28:45.381720,15.2759,65.9232,1691.7,4.57,35.25,2902718,5,2902718_005,D
2025-11-23 03:28:45.381720,15.2759,65.9232,1753.3,4.52,35.58,2902718,5,2902718_005,D
2025-11-23 03:28:45.381720,15.2759,65.9232,1815.0,4.54,35.31,2902718,5,2902718_005,D
2025-11-23 03:28:45.381720,15.2759,65.9232,1876.7,3.57,35.44,2902718,5,2902718_005,D
2025-11-23 03:28:45.381720,15.2759,65.9232,1938.3,3.62,35.37,2902718,5,2902718_005,D
2025-11-23 03:28:45.381720,15.2759,65.9232,2000.0,4.21,35.54,2902718,5,2902718_005,D
2025-12-03 07:59:45.191976,15.385,65.693,5.0,29.18,36.18,2902718,6,2902718_006,D
2025-12-03 07:59:45.191976,15.385,65.693,11.8,28.92,36.06,2902718,6,2902718_006,D
2025-12-03 07:59:45.191976,15.385,65.693,18.6,28.83,35.85,2902718,6,2902718_006,D
2025-12-03 07:59:45.191976,15.385,65.693,25.4,28.25,36.03,2902718,6,2902718_006,D
2025-12-03 07:59:45.191976,15.385,65.693,32.1,28.33,35.31,2902718,6,2902718_006,D
2025-12-03 07:59:45.191976,15.385,65.693,38.9,27.98,35.39,2902718,6,2902718_006,D
2025-12-03 07:59:45.191976,15.385,65.693,45.7,28.13,35.3,2902718,6,2902718_006,D
2025-12-03 07:59:45.191976,15.385,65.693,52.5,27.8,35.32,2902718,6,2902718_006,D
2025-12-03 07:59:45.191976,15.385,65.693,59.3,26.93,35.42,2902718,6,2902718_006,D
2025-12-03 07:59:45.191976,15.385,65.693,66.1,26.51,35.42,2902718,6,2902718_006,D
2025-12-03 07:59:45.191976,15.385,65.693,72.9,25.32,35.57,2902718,6,2902718_006,D
2025-12-03 07:59:45.191976,15.385,65.693,79.6,25.75,35.44,2902718,6,2902718_006,D
2025-12-03 07:59:45.191976,15.385,65.693,86.4,24.81,35.45,2902718,6,2902718_006,D
2025-12-03 07:59:45.191976,15.385,65.693,93.2,24.38,35.53,2902718,6,2902718_006,D
2025-12-03 07:59:45.191976,15.385,65.693,100.0,23.81,35.53,2902718,6,2902718_006,D
2025-12-03 07:59:45.191976,15.385,65.693,110.0,22.86,35.74,2902718,6,2902718_006,D
2025-12-03 07:59:45.191976,15.385,65.693,137.9,20.81,35.74,2902718,6,2902718_006,D
2025-12-03 07:59:45.191976,15.385,65.693,165.7,19.45,35.64,2902718,6,2902718_006,D
2025-12-03 07:59:45.191976,15.385,65.693,193.6,18.5,35.84,2902718,6,2902718_006,D
2025-12-03 07:59:45.191976,15.385,65.693,221.4,17.74,35.58,2902718,6,2902718_006,D
2025-12-03 07:59:45.191976,15.385,65.693,249.3,16.65,35.33,2902718,6,2902718_006,D
2025-12-03 07:59:45.191976,15.385,65.693,277.1,15.9,35.74,2902718,6,2902718_006,D
2025-12-03 07:59:45.191976,15.385,65.693,305.0,15.14,35.54,2902718,6,2902718_006,D
2025-12-03 07:59:45.191976,15.385,65.693,332.9,14.1,35.59,2902718,6,2902718_006,D
2025-12-03 07:59:45.191976,15.385,65.693,360.7,13.52,35.53,2902718,6,2902718_006,D
2025-12-03 07:59:45.191976,15.385,65.693,388.6,12.78,35.51,2902718,6,2902718_006,D
2025-12-03 07:59:45.191976,15.385,65.693,416.4,12.73,35.6,2902718,6,2902718_006,D
2025-12-03 07:59:45.191976,15.385,65.693,444.3,11.52,35.57,2902718,6,2902718_006,D
2025-12-03 07:59:45.191976,15.385,65.693,472.1,10.2,35.56,2902718,6,2902718_006,D
2025-12-03 07:59:45.191976,15.385,65.693,500.0,9.39,35.51,2902718,6,2902718_006,D
2025-12-03 07:59:45.191976,15.385,65.693,520.0,9.54,35.36,2902718,6,2902718_006,D
2025-12-03 07:59:45.191976,15.385,65.693,581.7,9.14,35.52,2902718,6,2902718_006,D
2025-12-03 07:59:45.191976,15.385,65.693,643.3,8.95,35.38,2902718,6,2902718_006,D
2025-12-03 07:59:45.191976,15.385,65.693,705.0,8.75,35.53,2902718,6,2902718_006,D
2025-12-03 07:59:45.191976,15.385,65.693,766.7,8.91,35.49,2902718,6,2902718_006,D
2025-12-03 07:59:45.191976,15.385,65.693,828.3,8.71,35.51,2902718,6,2902718_006,D
2025-12-03 07:59:45.191976,15.385,65.693,890.0,8.46,35.68,2902718,6,2902718_006,D
2025-12-03 07:59:45.191976,15.385,65.693,951.7,7.88,35.59,2902718,6,2902718_006,D
2025-12-03 07:59:45.191976,15.385,65.693,1013.3,7.97,35.56,2902718,6,2902718_006,D
2025-12-03 07:59:45.191976,15.385,65.693,1075.0,7.54,35.31,2902718,6,2902718_006,D
2025-12-03 07:59:45.191976,15.385,65.693,1136.7,6.97,35.31,2902718,6,2902718_006,D
2025-12-03 07:59:45.191976,15.385,65.693,1198.3,7.06,35.62,2902718,6,2902718_006,D
2025-12-03 07:59:45.191976,15.385,65.693,1260.0,6.51,35.64,2902718,6,2902718_006,D
2025-12-03 07:59:45.191976,15.385,65.693,1321.7,6.32,35.48,2902718,6,2902718_006,D
2025-12-03 07:59:45.191976,15.385,65.693,1383.3,6.33,35.51,2902718,6,2902718_006,D
2025-12-03 07:59:45.191976,15.385,65.693,1445.0,6.1,35.42,2902718,6,2902718_006,D
2025-12-03 07:59:45.191976,15.385,65.693,1506.7,5.2,35.71,2902718,6,2902718_006,D
2025-12-03 07:59:45.191976,15.385,65.693,1568.3,5.61,35.51,2902718,6,2902718_006,D
2025-12-03 07:59:45.191976,15.385,65.693,1630.0,5.21,35.66,2902718,6,2902718_006,D
2025-12-03 07:59:45.191976,15.385,65.693,1691.7,4.7,35.31,2902718,6,2902718_006,D
2025-12-03 07:59:45.191976,15.385,65.693,1753.3,5.1,35.38,2902718,6,2902718_006,D
2025-12-03 07:59:45.191976,15.385,65.693,1815.0,4.55,35.72,2902718,6,2902718_006,D
2025-12-03 07:59:45.191976,15.385,65.693,1876.7,3.69,35.53,2902718,6,2902718_006,D
2025-12-03 07:59:45.191976,15.385,65.693,1938.3,4.33,35.65,2902718,6,2902718_006,D
2025-12-03 07:59:45.191976,15.385,65.693,2000.0,4.24,35.49,2902718,6,2902718_006,D
2025-12-12 20:36:38.785100,15.1171,65.6898,5.0,29.92,36.0,2902718,7,2902718_007,D
2025-12-12 20:36:38.785100,15.1171,65.6898,11.8,29.26,36.04,2902718,7,2902718_007,D
2025-12-12 20:36:38.785100,15.1171,65.6898,18.6,28.98,36.03,2902718,7,2902718_007,D
2025-12-12 20:36:38.785100,15.1171,65.6898,25.4,28.6,35.87,2902718,7,2902718_007,D
2025-12-12 20:36:38.785100,15.1171,65.6898,32.1,28.5,35.19,2902718,7,2902718_007,D
2025-12-12 20:36:38.785100,15.1171,65.6898,38.9,28.07,35.4,2902718,7,2902718_007,D
2025-12-12 20:36:38.785100,15.1171,65.6898,45.7,27.96,35.37,2902718,7,2902718_007,D
2025-12-12 20:36:38.785100,15.1171,65.6898,52.5,27.86,35.29,2902718,7,2902718_007,D
2025-12-12 20:36:38.785100,15.1171,65.6898,59.3,26.83,35.37,2902718,7,2902718_007,D
2025-12-12 20:36:38.785100,15.1171,65.6898,66.1,26.0,35.4,2902718,7,2902718_007,D
2025-12-12 20:36:38.785100,15.1171,65.6898,72.9,25.19,35.51,2902718,7,2902718_007,D
2025-12-12 20:36:38.785100,15.1171,65.6898,79.6,25.43,35.42,2902718,7,2902718_007,D
2025-12-12 20:36:38.785100,15.1171,65.6898,86.4,24.88,35.5,2902718,7,2902718_007,D
2025-12-12 20:36:38.785100,15.1171,65.6898,93.2,24.02,35.58,2902718,7,2902718_007,D
2025-12-12 20:36:38.785100,15.1171,65.6898,100.0,23.49,35.44,2902718,7,2902718_007,D
2025-12-12 20:36:38.785100,15.1171,65.6898,110.0,22.74,35.45,2902718,7,2902718_007,D
2025-12-12 20:36:38.785100,15.1171,65.6898,137.9,20.43,35.77,2902718,7,2902718_007,D
2025-12-12 20:36:38.785100,15.1171,65.6898,165.7,19.09,35.52,2902718,7,2902718_007,D
2025-12-12 20:36:38.785100,15.1171,65.6898,193.6,18.35,35.74,2902718,7,2902718_007,D
2025-12-12 20:36:38.785100,15.1171,65.6898,221.4,18.1,35.39,2902718,7,2902718_007,D
2025-12-12 20:36:38.785100,15.1171,65.6898,249.3,16.88,35.47,2902718,7,2902718_007,D
2025-12-12 20:36:38.785100,15.1171,65.6898,277.1,16.43,35.61,2902718,7,2902718_007,D
2025-12-12 20:36:38.785100,15.1171,65.6898,305.0,15.09,35.54,2902718,7,2902718_007,D
2025-12-12 20:36:38.785100,15.1171,65.6898,332.9,15.06,35.54,2902718,7,2902718_007,D
2025-12-12 20:36:38.785100,15.1171,65.6898,360.7,13.41,35.35,2902718,7,2902718_007,D
2025-12-12 20:36:38.785100,15.1171,65.6898,388.6,12.72,35.34,2902718,7,2902718_007,D
2025-12-12 20:36:38.785100,15.1171,65.6898,416.4,13.08,35.54,2902718,7,2902718_007,D
2025-12-12 20:36:38.785100,15.1171,65.6898,444.3,11.32,35.37,2902718,7,2902718_007,D
2025-12-12 20:36:38.785100,15.1171,65.6898,472.1,10.48,35.32,2902718,7,2902718_007,D
2025-12-12 20:36:38.785100,15.1171,65.6898,500.0,9.9,35.65,2902718,7,2902718_007,D
2025-12-12 20:36:38.785100,15.1171,65.6898,520.0,10.37,35.58,2902718,7,2902718_007,D
2025-12-12 20:36:38.785100,15.1171,65.6898,581.7,9.62,35.37,2902718,7,2902718_007,D
2025-12-12 20:36:38.785100,15.1171,65.6898,643.3,9.39,35.44,2902718,7,2902718_007,D
2025-12-12 20:36:38.785100,15.1171,65.6898,705.0,8.96,35.67,2902718,7,2902718_007,D
2025-12-12 20:36:38.785100,15.1171,65.6898,766.7,8.84,35.31,2902718,7,2902718_007,D
2025-12-12 20:36:38.785100,15.1171,65.6898,828.3,8.43,35.42,2902718,7,2902718_007,D
2025-12-12 20:36:38.785100,15.1171,65.6898,890.0,8.39,35.69,2902718,7,2902718_007,D
2025-12-12 20:36:38.785100,15.1171,65.6898,951.7,7.94,35.39,2902718,7,2902718_007,D
2025-12-12 20:36:38.785100,15.1171,65.6898,1013.3,7.71,35.59,2902718,7,2902718_007,D
2025-12-12 20:36:38.785100,15.1171,65.6898,1075.0,7.74,35.24,2902718,7,2902718_007,D
2025-12-12 20:36:38.785100,15.1171,65.6898,1136.7,6.93,35.57,2902718,7,2902718_007,D
2025-12-12 20:36:38.785100,15.1171,65.6898,1198.3,7.01,35.45,2902718,7,2902718_007,D
2025-12-12 20:36:38.785100,15.1171,65.6898,1260.0,6.26,35.57,2902718,7,2902718_007,D
2025-12-12 20:36:38.785100,15.1171,65.6898,1321.7,6.27,35.46,2902718,7,2902718_007,D
2025-12-12 20:36:38.785100,15.1171,65.6898,1383.3,5.69,35.62,2902718,7,2902718_007,D
2025-12-12 20:36:38.785100,15.1171,65.6898,1445.0,5.95,35.39,2902718,7,2902718_007,D
2025-12-12 20:36:38.785100,15.1171,65.6898,1506.7,5.71,35.45,2902718,7,2902718_007,D
2025-12-12 20:36:38.785100,15.1171,65.6898,1568.3,5.39,35.24,2902718,7,2902718_007,D
2025-12-12 20:36:38.785100,15.1171,65.6898,1630.0,4.74,35.83,2902718,7,2902718_007,D
2025-12-12 20:36:38.785100,15.1171,65.6898,1691.7,4.72,35.44,2902718,7,2902718_007,D
2025-12-12 20:36:38.785100,15.1171,65.6898,1753.3,4.67,35.5,2902718,7,2902718_007,D
2025-12-12 20:36:38.785100,15.1171,65.6898,1815.0,4.07,35.55,2902718,7,2902718_007,D
2025-12-12 20:36:38.785100,15.1171,65.6898,1876.7,4.24,35.33,2902718,7,2902718_007,D
2025-12-12 20:36:38.785100,15.1171,65.6898,1938.3,3.86,35.53,2902718,7,2902718_007,D
2025-12-12 20:36:38.785100,15.1171,65.6898,2000.0,3.78,35.35,2902718,7,2902718_007,D
2025-12-22 23:50:12.387545,15.4966,65.7077,5.0,29.68,36.15,2902718,8,2902718_008,D
2025-12-22 23:50:12.387545,15.4966,65.7077,11.8,29.73,36.15,2902718,8,2902718_008,D
2025-12-22 23:50:12.387545,15.4966,65.7077,18.6,28.54,35.93,2902718,8,2902718_008,D
2025-12-22 23:50:12.387545,15.4966,65.7077,25.4,28.87,36.08,2902718,8,2902718_008,D
2025-12-22 23:50:12.387545,15.4966,65.7077,32.1,28.43,35.27,2902718,8,2902718_008,D
2025-12-22 23:50:12.387545,15.4966,65.7077,38.9,27.89,35.37,2902718,8,2902718_008,D
2025-12-22 23:50:12.387545,15.4966,65.7077,45.7,28.05,35.51,2902718,8,2902718_008,D
2025-12-22 23:50:12.387545,15.4966,65.7077,52.5,27.9,35.25,2902718,8,2902718_008,D
2025-12-22 23:50:12.387545,15.4966,65.7077,59.3,26.89,35.4,2902718,8,2902718_008,D
2025-12-22 23:50:12.387545,15.4966,65.7077,66.1,25.62,35.42,2902718,8,2902718_008,D
2025-12-22 23:50:12.387545,15.4966,65.7077,72.9,25.99,35.69,2902718,8,2902718_008,D
2025-12-22 23:50:12.387545,15.4966,65.7077,79.6,25.16,35.31,2902718,8,2902718_008,D
2025-12-22 23:50:12.387545,15.4966,65.7077,86.4,25.13,35.5,2902718,8,2902718_008,D
2025-12-22 23:50:12.387545,15.4966,65.7077,93.2,23.84,35.62,2902718,8,2902718_008,D
2025-12-22 23:50:12.387545,15.4966,65.7077,100.0,23.61,35.75,2902718,8,2902718_008,D
2025-12-22 23:50:12.387545,15.4966,65.7077,110.0,22.99,35.5,2902718,8,2902718_008,D
2025-12-22 23:50:12.387545,15.4966,65.7077,137.9,20.83,35.7,2902718,8,2902718_008,D
2025-12-22 23:50:12.387545,15.4966,65.7077,165.7,19.22,35.68,2902718,8,2902718_008,D
2025-12-22 23:50:12.387545,15.4966,65.7077,193.6,18.67,35.78,2902718,8,2902718_008,D
2025-12-22 23:50:12.387545,15.4966,65.7077,221.4,17.55,35.56,2902718,8,2902718_008,D
2025-12-22 23:50:12.387545,15.4966,65.7077,249.3,17.42,35.5,2902718,8,2902718_008,D
2025-12-22 23:50:12.387545,15.4966,65.7077,277.1,16.33,35.63,2902718,8,2902718_008,D
2025-12-22 23:50:12.387545,15.4966,65.7077,305.0,14.39,35.7,2902718,8,2902718_008,D
2025-12-22 23:50:12.387545,15.4966,65.7077,332.9,13.98,35.5,2902718,8,2902718_008,D
2025-12-22 23:50:12.387545,15.4966,65.7077,360.7,13.46,35.64,2902718,8,2902718_008,D
2025-12-22 23:50:12.387545,15.4966,65.7077,388.6,13.0,35.53,2902718,8,2902718_008,D
2025-12-22 23:50:12.387545,15.4966,65.7077,416.4,11.86,35.4,2902718,8,2902718_008,D
2025-12-22 23:50:12.387545,15.4966,65.7077,444.3,11.63,35.57,2902718,8,2902718_008,D
2025-12-22 23:50:12.387545,15.4966,65.7077,472.1,10.89,35.36,2902718,8,2902718_008,D
2025-12-22 23:50:12.387545,15.4966,65.7077,500.0,9.55,35.4,2902718,8,2902718_008,D
2025-12-22 23:50:12.387545,15.4966,65.7077,520.0,9.81,35.59,2902718,8,2902718_008,D
2025-12-22 23:50:12.387545,15.4966,65.7077,581.7,9.56,35.49,2902718,8,2902718_008,D
2025-12-22 23:50:12.387545,15.4966,65.7077,643.3,8.81,35.52,2902718,8,2902718_008,D
2025-12-22 23:50:12.387545,15.4966,65.7077,705.0,9.18,35.43,2902718,8,2902718_008,D
2025-12-22 23:50:12.387545,15.4966,65.7077,766.7,8.25,35.61,2902718,8,2902718_008,D
2025-12-22 23:50:12.387545,15.4966,65.7077,828.3,8.39,35.58,2902718,8,2902718_008,D
2025-12-22 23:50:12.387545,15.4966,65.7077,890.0,8.2,35.6,2902718,8,2902718_008,D
2025-12-22 23:50:12.387545,15.4966,65.7077,951.7,7.68,35.51,2902718,8,2902718_008,D
2025-12-22 23:50:12.387545,15.4966,65.7077,1013.3,7.79,35.55,2902718,8,2902718_008,D
2025-12-22 23:50:12.387545,15.4966,65.7077,1075.0,7.4,35.64,2902718,8,2902718_008,D
2025-12-22 23:50:12.387545,15.4966,65.7077,1136.7,7.07,35.7,2902718,8,2902718_008,D
2025-12-22 23:50:12.387545,15.4966,65.7077,1198.3,7.33,35.47,2902718,8,2902718_008,D
2025-12-22 23:50:12.387545,15.4966,65.7077,1260.0,6.75,35.4,2902718,8,2902718_008,D
2025-12-22 23:50:12.387545,15.4966,65.7077,1321.7,6.23,35.48,2902718,8,2902718_008,D
2025-12-22 23:50:12.387545,15.4966,65.7077,1383.3,6.22,35.67,2902718,8,2902718_008,D
2025-12-22 23:50:12.387545,15.4966,65.7077,1445.0,5.62,35.52,2902718,8,2902718_008,D
2025-12-22 23:50:12.387545,15.4966,65.7077,1506.7,5.76,35.49,2902718,8,2902718_008,D
2025-12-22 23:50:12.387545,15.4966,65.7077,1568.3,5.62,35.43,2902718,8,2902718_008,D
2025-12-22 23:50:12.387545,15.4966,65.7077,1630.0,5.35,35.53,2902718,8,2902718_008,D
2025-12-22 23:50:12.387545,15.4966,65.7077,1691.7,5.07,35.29,2902718,8,2902718_008,D
2025-12-22 23:50:12.387545,15.4966,65.7077,1753.3,4.38,35.28,2902718,8,2902718_008,D
2025-12-22 23:50:12.387545,15.4966,65.7077,1815.0,4.35,35.29,2902718,8,2902718_008,D
2025-12-22 23:50:12.387545,15.4966,65.7077,1876.7,4.23,35.45,2902718,8,2902718_008,D
2025-12-22 23:50:12.387545,15.4966,65.7077,1938.3,4.05,35.42,2902718,8,2902718_008,D
2025-12-22 23:50:12.387545,15.4966,65.7077,2000.0,3.47,35.38,2902718,8,2902718_008,D
2026-01-01 11:59:09.242028,15.3856,66.0833,5.0,29.31,36.06,2902718,9,2902718_009,D
2026-01-01 11:59:09.242028,15.3856,66.0833,11.8,29.33,35.93,2902718,9,2902718_009,D
2026-01-01 11:59:09.242028,15.3856,66.0833,18.6,29.44,36.1,2902718,9,2902718_009,D
2026-01-01 11:59:09.242028,15.3856,66.0833,25.4,29.05,36.06,2902718,9,2902718_009,D
2026-01-01 11:59:09.242028,15.3856,66.0833,32.1,28.26,35.38,2902718,9,2902718_009,D
2026-01-01 11:59:09.242028,15.3856,66.0833,38.9,28.07,35.33,2902718,9,2902718_009,D
2026-01-01 11:59:09.242028,15.3856,66.0833,45.7,27.6,35.29,2902718,9,2902718_009,D
2026-01-01 11:59:09.242028,15.3856,66.0833,52.5,27.95,35.49,2902718,9,2902718_009,D
2026-01-01 11:59:09.242028,15.3856,66.0833,59.3,26.68,35.28,2902718,9,2902718_009,D
2026-01-01 11:59:09.242028,15.3856,66.0833,66.1,26.41,35.41,2902718,9,2902718_009,D
2026-01-01 11:59:09.242028,15.3856,66.0833,72.9,25.65,35.57,2902718,9,2902718_009,D
2026-01-01 11:59:09.242028,15.3856,66.0833,79.6,24.99,35.39,2902718,9,2902718_009,D
2026-01-01 11:59:09.242028,15.3856,66.0833,86.4,24.89,35.46,2902718,9,2902718_009,D
2026-01-01 11:59:09.242028,15.3856,66.0833,93.2,24.25,35.48,2902718,9,2902718_009,D
2026-01-01 11:59:09.242028,15.3856,66.0833,100.0,23.98,35.46,2902718,9,2902718_009,D
2026-01-01 11:59:09.242028,15.3856,66.0833,110.0,22.93,35.56,2902718,9,2902718_009,D
2026-01-01 11:59:09.242028,15.3856,66.0833,137.9,20.91,35.68,2902718,9,2902718_009,D
2026-01-01 11:59:09.242028,15.3856,66.0833,165.7,19.0,35.54,2902718,9,2902718_009,D
2026-01-01 11:59:09.242028,15.3856,66.0833,193.6,18.4,35.6,2902718,9,2902718_009,D
2026-01-01 11:59:09.242028,15.3856,66.0833,221.4,17.62,35.63,2902718,9,2902718_009,D
2026-01-01 11:59:09.242028,15.3856,66.0833,249.3,16.83,35.56,2902718,9,2902718_009,D
2026-01-01 11:59:09.242028,15.3856,66.0833,277.1,15.66,35.45,2902718,9,2902718_009,D
2026-01-01 11:59:09.242028,15.3856,66.0833,305.0,15.49,35.51,2902718,9,2902718_009,D
2026-01-01 11:59:09.242028,15.3856,66.0833,332.9,14.56,35.52,2902718,9,2902718_009,D
2026-01-01 11:59:09.242028,15.3856,66.0833,360.7,13.07,35.2,2902718,9,2902718_009,D
2026-01-01 11:59:09.242028,15.3856,66.0833,388.6,12.78,35.33,2902718,9,2902718_009,D
2026-01-01 11:59:09.242028,15.3856,66.0833,416.4,11.79,35.25,2902718,9,2902718_009,D
2026-01-01 11:59:09.242028,15.3856,66.0833,444.3,10.87,35.41,2902718,9,2902718_009,D
2026-01-01 11:59:09.242028,15.3856,66.0833,472.1,10.6,35.56,2902718,9,2902718_009,D
2026-01-01 11:59:09.242028,15.3856,66.0833,500.0,9.99,35.65,2902718,9,2902718_009,D
2026-01-01 11:59:09.242028,15.3856,66.0833,520.0,9.77,35.37,2902718,9,2902718_009,D
2026-01-01 11:59:09.242028,15.3856,66.0833,581.7,9.49,35.57,2902718,9,2902718_009,D
2026-01-01 11:59:09.242028,15.3856,66.0833,643.3,9.05,35.71,2902718,9,2902718_009,D
2026-01-01 11:59:09.242028,15.3856,66.0833,705.0,8.84,35.35,2902718,9,2902718_009,D
2026-01-01 11:59:09.242028,15.3856,66.0833,766.7,9.07,35.49,2902718,9,2902718_009,D
2026-01-01 11:59:09.242028,15.3856,66.0833,828.3,8.23,35.35,2902718,9,2902718_009,D
2026-01-01 11:59:09.242028,15.3856,66.0833,890.0,8.38,35.31,2902718,9,2902718_009,D
2026-01-01 11:59:09.242028,15.3856,66.0833,951.7,7.91,35.47,2902718,9,2902718_009,D
2026-01-01 11:59:09.242028,15.3856,66.0833,1013.3,7.84,35.41,2902718,9,2902718_009,D
2026-01-01 11:59:09.242028,15.3856,66.0833,1075.0,7.91,35.51,2902718,9,2902718_009,D
2026-01-01 11:59:09.242028,15.3856,66.0833,1136.7,7.03,35.38,2902718,9,2902718_009,D
2026-01-01 11:59:09.242028,15.3856,66.0833,1198.3,7.33,35.34,2902718,9,2902718_009,D
2026-01-01 11:59:09.242028,15.3856,66.0833,1260.0,6.75,35.56,2902718,9,2902718_009,D
2026-01-01 11:59:09.242028,15.3856,66.0833,1321.7,6.11,35.56,2902718,9,2902718_009,D
2026-01-01 11:59:09.242028,15.3856,66.0833,1383.3,6.27,35.4,2902718,9,2902718_009,D
2026-01-01 11:59:09.242028,15.3856,66.0833,1445.0,6.08,35.58,2902718,9,2902718_009,D
2026-01-01 11:59:09.242028,15.3856,66.0833,1506.7,5.34,35.5,2902718,9,2902718_009,D
2026-01-01 11:59:09.242028,15.3856,66.0833,1568.3,5.46,35.52,2902718,9,2902718_009,D
2026-01-01 11:59:09.242028,15.3856,66.0833,1630.0,5.48,35.45,2902718,9,2902718_009,D
2026-01-01 11:59:09.242028,15.3856,66.0833,1691.7,4.66,35.48,2902718,9,2902718_009,D
2026-01-01 11:59:09.242028,15.3856,66.0833,1753.3,4.44,35.39,2902718,9,2902718_009,D
2026-01-01 11:59:09.242028,15.3856,66.0833,1815.0,4.9,35.71,2902718,9,2902718_009,D
2026-01-01 11:59:09.242028,15.3856,66.0833,1876.7,4.21,35.46,2902718,9,2902718_009,D
2026-01-01 11:59:09.242028,15.3856,66.0833,1938.3,4.11,35.25,2902718,9,2902718_009,D
2026-01-01 11:59:09.242028,15.3856,66.0833,2000.0,3.42,35.44,2902718,9,2902718_009,D
2026-01-11 16:30:49.827540,15.3662,65.9962,5.0,29.41,35.94,2902718,10,2902718_010,D
2026-01-11 16:30:49.827540,15.3662,65.9962,11.8,29.33,36.07,2902718,10,2902718_010,D
2026-01-11 16:30:49.827540,15.3662,65.9962,18.6,28.91,35.95,2902718,10,2902718_010,D
2026-01-11 16:30:49.827540,15.3662,65.9962,25.4,28.83,36.05,2902718,10,2902718_010,D
2026-01-11 16:30:49.827540,15.3662,65.9962,32.1,28.36,35.47,2902718,10,2902718_010,D
2026-01-11 16:30:49.827540,15.3662,65.9962,38.9,28.54,35.23,2902718,10,2902718_010,D
2026-01-11 16:30:49.827540,15.3662,65.9962,45.7,27.77,35.33,2902718,10,2902718_010,D
2026-01-11 16:30:49.827540,15.3662,65.9962,52.5,27.75,35.26,2902718,10,2902718_010,D
2026-01-11 16:30:49.827540,15.3662,65.9962,59.3,27.42,35.45,2902718,10,2902718_010,D
2026-01-11 16:30:49.827540,15.3662,65.9962,66.1,26.32,35.4,2902718,10,2902718_010,D
2026-01-11 16:30:49.827540,15.3662,65.9962,72.9,25.1,35.28,2902718,10,2902718_010,D
2026-01-11 16:30:49.827540,15.3662,65.9962,79.6,25.94,35.51,2902718,10,2902718_010,D
2026-01-11 16:30:49.827540,15.3662,65.9962,86.4,25.14,35.55,2902718,10,2902718_010,D
2026-01-11 16:30:49.827540,15.3662,65.9962,93.2,23.99,35.36,2902718,10,2902718_010,D
2026-01-11 16:30:49.827540,15.3662,65.9962,100.0,23.54,35.49,2902718,10,2902718_010,D
2026-01-11 16:30:49.827540,15.3662,65.9962,110.0,23.13,35.72,2902718,10,2902718_010,D
2026-01-11 16:30:49.827540,15.3662,65.9962,137.9,20.4,35.73,2902718,10,2902718_010,D
2026-01-11 16:30:49.827540,15.3662,65.9962,165.7,19.13,35.68,2902718,10,2902718_010,D
2026-01-11 16:30:49.827540,15.3662,65.9962,193.6,18.35,35.76,2902718,10,2902718_010,D
2026-01-11 16:30:49.827540,15.3662,65.9962,221.4,17.4,35.7,2902718,10,2902718_010,D
2026-01-11 16:30:49.827540,15.3662,65.9962,249.3,16.72,35.53,2902718,10,2902718_010,D
2026-01-11 16:30:49.827540,15.3662,65.9962,277.1,15.94,35.45,2902718,10,2902718_010,D
2026-01-11 16:30:49.827540,15.3662,65.9962,305.0,15.61,35.57,2902718,10,2902718_010,D
2026-01-11 16:30:49.827540,15.3662,65.9962,332.9,15.1,35.6,2902718,10,2902718_010,D
2026-01-11 16:30:49.827540,15.3662,65.9962,360.7,13.7,35.49,2902718,10,2902718_010,D
2026-01-11 16:30:49.827540,15.3662,65.9962,388.6,12.92,35.53,2902718,10,2902718_010,D
2026-01-11 16:30:49.827540,15.3662,65.9962,416.4,12.15,35.64,2902718,10,2902718_010,D
2026-01-11 16:30:49.827540,15.3662,65.9962,444.3,11.3,35.23,2902718,10,2902718_010,D
2026-01-11 16:30:49.827540,15.3662,65.9962,472.1,10.76,35.65,2902718,10,2902718_010,D
2026-01-11 16:30:49.827540,15.3662,65.9962,500.0,9.51,35.36,2902718,10,2902718_010,D
2026-01-11 16:30:49.827540,15.3662,65.9962,520.0,9.55,35.54,2902718,10,2902718_010,D
2026-01-11 16:30:49.827540,15.3662,65.9962,581.7,10.06,35.68,2902718,10,2902718_010,D
2026-01-11 16:30:49.827540,15.3662,65.9962,643.3,8.97,35.65,2902718,10,2902718_010,D
2026-01-11 16:30:49.827540,15.3662,65.9962,705.0,9.26,35.42,2902718,10,2902718_010,D
2026-01-11 16:30:49.827540,15.3662,65.9962,766.7,8.38,35.41,2902718,10,2902718_010,D
2026-01-11 16:30:49.827540,15.3662,65.9962,828.3,8.33,35.4,2902718,10,2902718_010,D
2026-01-11 16:30:49.827540,15.3662,65.9962,890.0,8.42,35.51,2902718,10,2902718_010,D
2026-01-11 16:30:49.827540,15.3662,65.9962,951.7,8.0,35.4,2902718,10,2902718_010,D
2026-01-11 16:30:49.827540,15.3662,65.9962,1013.3,7.56,35.32,2902718,10,2902718_010,D
2026-01-11 16:30:49.827540,15.3662,65.9962,1075.0,7.76,35.58,2902718,10,2902718_010,D
2026-01-11 16:30:49.827540,15.3662,65.9962,1136.7,7.03,35.44,2902718,10,2902718_010,D
2026-01-11 16:30:49.827540,15.3662,65.9962,1198.3,6.75,35.41,2902718,10,2902718_010,D
2026-01-11 16:30:49.827540,15.3662,65.9962,1260.0,6.68,35.47,2902718,10,2902718_010,D
2026-01-11 16:30:49.827540,15.3662,65.9962,1321.7,6.58,35.51,2902718,10,2902718_010,D
2026-01-11 16:30:49.827540,15.3662,65.9962,1383.3,6.36,35.47,2902718,10,2902718_010,D
2026-01-11 16:30:49.827540,15.3662,65.9962,1445.0,5.9,35.63,2902718,10,2902718_010,D
2026-01-11 16:30:49.827540,15.3662,65.9962,1506.7,5.47,35.5,2902718,10,2902718_010,D
2026-01-11 16:30:49.827540,15.3662,65.9962,1568.3,5.63,35.54,2902718,10,2902718_010,D
2026-01-11 16:30:49.827540,15.3662,65.9962,1630.0,5.02,35.44,2902718,10,2902718_010,D
2026-01-11 16:30:49.827540,15.3662,65.9962,1691.7,4.41,35.49,2902718,10,2902718_010,D
2026-01-11 16:30:49.827540,15.3662,65.9962,1753.3,4.72,35.46,2902718,10,2902718_010,D
2026-01-11 16:30:49.827540,15.3662,65.9962,1815.0,4.02,35.66,2902718,10,2902718_010,D
2026-01-11 16:30:49.827540,15.3662,65.9962,1876.7,3.74,35.3,2902718,10,2902718_010,D
2026-01-11 16:30:49.827540,15.3662,65.9962,1938.3,4.12,35.4,2902718,10,2902718_010,D
2026-01-11 16:30:49.827540,15.3662,65.9962,2000.0,3.8,35.32,2902718,10,2902718_010,D
2026-01-21 13:48:34.463090,14.923,66.1797,5.0,29.9,36.04,2902718,11,2902718_011,D
2026-01-21 13:48:34.463090,14.923,66.1797,11.8,29.53,36.0,2902718,11,2902718_011,D
2026-01-21 13:48:34.463090,14.923,66.1797,18.6,29.31,36.08,2902718,11,2902718_011,D
2026-01-21 13:48:34.463090,14.923,66.1797,25.4,28.57,35.93,2902718,11,2902718_011,D
2026-01-21 13:48:34.463090,14.923,66.1797,32.1,28.56,35.47,2902718,11,2902718_011,D
2026-01-21 13:48:34.463090,14.923,66.1797,38.9,28.24,35.3,2902718,11,2902718_011,D
2026-01-21 13:48:34.463090,14.923,66.1797,45.7,27.2,35.41,2902718,11,2902718_011,D
2026-01-21 13:48:34.463090,14.923,66.1797,52.5,27.6,35.39,2902718,11,2902718_011,D
2026-01-21 13:48:34.463090,14.923,66.1797,59.3,26.98,35.54,2902718,11,2902718_011,D
2026-01-21 13:48:34.463090,14.923,66.1797,66.1,26.07,35.51,2902718,11,2902718_011,D
2026-01-21 13:48:34.463090,14.923,66.1797,72.9,26.66,35.23,2902718,11,2902718_011,D
2026-01-21 13:48:34.463090,14.923,66.1797,79.6,24.94,35.53,2902718,11,2902718_011,D
2026-01-21 13:48:34.463090,14.923,66.1797,86.4,24.65,35.59,2902718,11,2902718_011,D
2026-01-21 13:48:34.463090,14.923,66.1797,93.2,23.92,35.46,2902718,11,2902718_011,D
2026-01-21 13:48:34.463090,14.923,66.1797,100.0,23.79,35.61,2902718,11,2902718_011,D
2026-01-21 13:48:34.463090,14.923,66.1797,110.0,23.52,35.61,2902718,11,2902718_011,D
2026-01-21 13:48:34.463090,14.923,66.1797,137.9,19.73,35.66,2902718,11,2902718_011,D
2026-01-21 13:48:34.463090,14.923,66.1797,165.7,19.31,35.73,2902718,11,2902718_011,D
2026-01-21 13:48:34.463090,14.923,66.1797,193.6,18.56,35.84,2902718,11,2902718_011,D
2026-01-21 13:48:34.463090,14.923,66.1797,221.4,17.78,35.33,2902718,11,2902718_011,D
2026-01-21 13:48:34.463090,14.923,66.1797,249.3,16.88,35.42,2902718,11,2902718_011,D
2026-01-21 13:48:34.463090,14.923,66.1797,277.1,15.99,35.5,2902718,11,2902718_011,D
2026-01-21 13:48:34.463090,14.923,66.1797,305.0,15.53,35.43,2902718,11,2902718_011,D
2026-01-21 13:48:34.463090,14.923,66.1797,332.9,15.0,35.64,2902718,11,2902718_011,D
2026-01-21 13:48:34.463090,14.923,66.1797,360.7,13.91,35.47,2902718,11,2902718_011,D
2026-01-21 13:48:34.463090,14.923,66.1797,388.6,12.89,35.61,2902718,11,2902718_011,D
2026-01-21 13:48:34.463090,14.923,66.1797,416.4,12.66,35.16,2902718,11,2902718_011,D
2026-01-21 13:48:34.463090,14.923,66.1797,444.3,11.42,35.47,2902718,11,2902718_011,D
2026-01-21 13:48:34.463090,14.923,66.1797,472.1,10.39,35.52,2902718,11,2902718_011,D
2026-01-21 13:48:34.463090,14.923,66.1797,500.0,10.06,35.48,2902718,11,2902718_011,D
2026-01-21 13:48:34.463090,14.923,66.1797,520.0,9.37,35.59,2902718,11,2902718_011,D
2026-01-21 13:48:34.463090,14.923,66.1797,581.7,9.41,35.46,2902718,11,2902718_011,D
2026-01-21 13:48:34.463090,14.923,66.1797,643.3,8.8,35.5,2902718,11,2902718_011,D
2026-01-21 13:48:34.463090,14.923,66.1797,705.0,9.15,35.43,2902718,11,2902718_011,D
2026-01-21 13:48:34.463090,14.923,66.1797,766.7,8.6,35.49,2902718,11,2902718_011,D
2026-01-21 13:48:34.463090,14.923,66.1797,828.3,8.28,35.61,2902718,11,2902718_011,D
2026-01-21 13:48:34.463090,14.923,66.1797,890.0,7.54,35.35,2902718,11,2902718_011,D
2026-01-21 13:48:34.463090,14.923,66.1797,951.7,8.0,35.45,2902718,11,2902718_011,D
2026-01-21 13:48:34.463090,14.923,66.1797,1013.3,7.23,35.77,2902718,11,2902718_011,D
2026-01-21 13:48:34.463090,14.923,66.1797,1075.0,6.97,35.65,2902718,11,2902718_011,D
2026-01-21 13:48:34.463090,14.923,66.1797,1136.7,7.12,35.65,2902718,11,2902718_011,D
2026-01-21 13:48:34.463090,14.923,66.1797,1198.3,6.66,35.54,2902718,11,2902718_011,D
2026-01-21 13:48:34.463090,14.923,66.1797,1260.0,6.48,35.56,2902718,11,2902718_011,D
2026-01-21 13:48:34.463090,14.923,66.1797,1321.7,6.93,35.61,2902718,11,2902718_011,D
2026-01-21 13:48:34.463090,14.923,66.1797,1383.3,6.19,35.32,2902718,11,2902718_011,D
2026-01-21 13:48:34.463090,14.923,66.1797,1445.0,5.97,35.47,2902718,11,2902718_011,D
2026-01-21 13:48:34.463090,14.923,66.1797,1506.7,5.46,35.34,2902718,11,2902718_011,D
2026-01-21 13:48:34.463090,14.923,66.1797,1568.3,4.67,35.5,2902718,11,2902718_011,D
2026-01-21 13:48:34.463090,14.923,66.1797,1630.0,5.21,35.66,2902718,11,2902718_011,D
2026-01-21 13:48:34.463090,14.923,66.1797,1691.7,5.0,35.58,2902718,11,2902718_011,D
2026-01-21 13:48:34.463090,14.923,66.1797,1753.3,4.48,35.07,2902718,11,2902718_011,D
2026-01-21 13:48:34.463090,14.923,66.1797,1815.0,4.34,35.31,2902718,11,2902718_011,D
2026-01-21 13:48:34.463090,14.923,66.1797,1876.7,3.53,35.45,2902718,11,2902718_011,D
2026-01-21 13:48:34.463090,14.923,66.1797,1938.3,3.92,35.52,2902718,11,2902718_011,D
2026-01-21 13:48:34.463090,14.923,66.1797,2000.0,3.64,35.83,2902718,11,2902718_011,D
2026-01-31 02:10:45.760085,14.8688,65.883,5.0,29.22,35.9,2902718,12,2902718_012,D
2026-01-31 02:10:45.760085,14.8688,65.883,11.8,28.92,35.85,2902718,12,2902718_012,D
2026-01-31 02:10:45.760085,14.8688,65.883,18.6,29.11,36.07,2902718,12,2902718_012,D
2026-01-31 02:10:45.760085,14.8688,65.883,25.4,28.49,36.09,2902718,12,2902718_012,D
2026-01-31 02:10:45.760085,14.8688,65.883,32.1,28.08,35.23,2902718,12,2902718_012,D
2026-01-31 02:10:45.760085,14.8688,65.883,38.9,28.11,35.18,2902718,12,2902718_012,D
2026-01-31 02:10:45.760085,14.8688,65.883,45.7,27.52,35.43,2902718,12,2902718_012,D
2026-01-31 02:10:45.760085,14.8688,65.883,52.5,28.33,35.25,2902718,12,2902718_012,D
2026-01-31 02:10:45.760085,14.8688,65.883,59.3,26.96,35.24,2902718,12,2902718_012,D
2026-01-31 02:10:45.760085,14.8688,65.883,66.1,26.4,35.21,2902718,12,2902718_012,D
2026-01-31 02:10:45.760085,14.8688,65.883,72.9,25.52,35.27,2902718,12,2902718_012,D
2026-01-31 02:10:45.760085,14.8688,65.883,79.6,25.21,35.47,2902718,12,2902718_012,D
2026-01-31 02:10:45.760085,14.8688,65.883,86.4,24.54,35.41,2902718,12,2902718_012,D
2026-01-31 02:10:45.760085,14.8688,65.883,93.2,24.62,35.44,2902718,12,2902718_012,D
2026-01-31 02:10:45.760085,14.8688,65.883,100.0,23.55,35.42,2902718,12,2902718_012,D
2026-01-31 02:10:45.760085,14.8688,65.883,110.0,22.76,35.51,2902718,12,2902718_012,D
2026-01-31 02:10:45.760085,14.8688,65.883,137.9,21.03,35.57,2902718,12,2902718_012,D
2026-01-31 02:10:45.760085,14.8688,65.883,165.7,19.15,35.65,2902718,12,2902718_012,D
2026-01-31 02:10:45.760085,14.8688,65.883,193.6,18.24,35.83,2902718,12,2902718_012,D
2026-01-31 02:10:45.760085,14.8688,65.883,221.4,17.73,35.47,2902718,12,2902718_012,D
2026-01-31 02:10:45.760085,14.8688,65.883,249.3,17.15,35.7,2902718,12,2902718_012,D
2026-01-31 02:10:45.760085,14.8688,65.883,277.1,15.84,35.49,2902718,12,2902718_012,D
2026-01-31 02:10:45.760085,14.8688,65.883,305.0,14.94,35.44,2902718,12,2902718_012,D
2026-01-31 02:10:45.760085,14.8688,65.883,332.9,14.8,35.62,2902718,12,2902718_012,D
2026-01-31 02:10:45.760085,14.8688,65.883,360.7,14.05,35.45,2902718,12,2902718_012,D
2026-01-31 02:10:45.760085,14.8688,65.883,388.6,12.93,35.61,2902718,12,2902718_012,D
2026-01-31 02:10:45.760085,14.8688,65.883,416.4,11.34,35.6,2902718,12,2902718_012,D
2026-01-31 02:10:45.760085,14.8688,65.883,444.3,11.27,35.42,2902718,12,2902718_012,D
2026-01-31 02:10:45.760085,14.8688,65.883,472.1,10.24,35.55,2902718,12,2902718_012,D
2026-01-31 02:10:45.760085,14.8688,65.883,500.0,10.29,35.16,2902718,12,2902718_012,D
2026-01-31 02:10:45.760085,14.8688,65.883,520.0,9.97,35.38,2902718,12,2902718_012,D
2026-01-31 02:10:45.760085,14.8688,65.883,581.7,9.29,35.52,2902718,12,2902718_012,D
2026-01-31 02:10:45.760085,14.8688,65.883,643.3,8.97,35.25,2902718,12,2902718_012,D
2026-01-31 02:10:45.760085,14.8688,65.883,705.0,8.46,35.51,2902718,12,2902718_012,D
2026-01-31 02:10:45.760085,14.8688,65.883,766.7,8.32,35.52,2902718,12,2902718_012,D
2026-01-31 02:10:45.760085,14.8688,65.883,828.3,8.73,35.52,2902718,12,2902718_012,D
2026-01-31 02:10:45.760085,14.8688,65.883,890.0,8.44,35.44,2902718,12,2902718_012,D
2026-01-31 02:10:45.760085,14.8688,65.883,951.7,7.94,35.49,2902718,12,2902718_012,D
2026-01-31 02:10:45.760085,14.8688,65.883,1013.3,6.93,35.65,2902718,12,2902718_012,D
2026-01-31 02:10:45.760085,14.8688,65.883,1075.0,7.56,35.35,2902718,12,2902718_012,D
2026-01-31 02:10:45.760085,14.8688,65.883,1136.7,7.02,35.44,2902718,12,2902718_012,D
2026-01-31 02:10:45.760085,14.8688,65.883,1198.3,7.07,35.38,2902718,12,2902718_012,D
2026-01-31 02:10:45.760085,14.8688,65.883,1260.0,6.32,35.78,2902718,12,2902718_012,D
2026-01-31 02:10:45.760085,14.8688,65.883,1321.7,6.41,35.38,2902718,12,2902718_012,D
2026-01-31 02:10:45.760085,14.8688,65.883,1383.3,6.2,35.35,2902718,12,2902718_012,D
2026-01-31 02:10:45.760085,14.8688,65.883,1445.0,6.44,35.57,2902718,12,2902718_012,D
2026-01-31 02:10:45.760085,14.8688,65.883,1506.7,5.79,35.68,2902718,12,2902718_012,D
2026-01-31 02:10:45.760085,14.8688,65.883,1568.3,5.39,35.44,2902718,12,2902718_012,D
2026-01-31 02:10:45.760085,14.8688,65.883,1630.0,5.06,35.35,2902718,12,2902718_012,D
2026-01-31 02:10:45.760085,14.8688,65.883,1691.7,4.58,35.69,2902718,12,2902718_012,D
2026-01-31 02:10:45.760085,14.8688,65.883,1753.3,4.93,35.69,2902718,12,2902718_012,D
2026-01-31 02:10:45.760085,14.8688,65.883,1815.0,4.12,35.66,2902718,12,2902718_012,D
2026-01-31 02:10:45.760085,14.8688,65.883,1876.7,4.35,35.57,2902718,12,2902718_012,D
2026-01-31 02:10:45.760085,14.8688,65.883,1938.3,4.02,35.61,2902718,12,2902718_012,D
2026-01-31 02:10:45.760085,14.8688,65.883,2000.0,3.18,35.29,2902718,12,2902718_012,D
2026-02-10 12:46:34.194526,15.5829,65.8557,5.0,29.11,36.06,2902718,13,2902718_013,D
2026-02-10 12:46:34.194526,15.5829,65.8557,11.8,29.1,36.08,2902718,13,2902718_013,D
2026-02-10 12:46:34.194526,15.5829,65.8557,18.6,29.2,35.99,2902718,13,2902718_013,D
2026-02-10 12:46:34.194526,15.5829,65.8557,25.4,29.06,36.17,2902718,13,2902718_013,D
2026-02-10 12:46:34.194526,15.5829,65.8557,32.1,28.82,35.41,2902718,13,2902718_013,D
2026-02-10 12:46:34.194526,15.5829,65.8557,38.9,28.81,35.13,2902718,13,2902718_013,D
2026-02-10 12:46:34.194526,15.5829,65.8557,45.7,28.04,35.4,2902718,13,2902718_013,D
2026-02-10 12:46:34.194526,15.5829,65.8557,52.5,27.66,35.29,2902718,13,2902718_013,D
2026-02-10 12:46:34.194526,15.5829,65.8557,59.3,27.0,35.28,2902718,13,2902718_013,D
2026-02-10 12:46:34.194526,15.5829,65.8557,66.1,26.04,35.38,2902718,13,2902718_013,D
2026-02-10 12:46:34.194526,15.5829,65.8557,72.9,25.86,35.38,2902718,13,2902718_013,D
2026-02-10 12:46:34.194526,15.5829,65.8557,79.6,25.42,35.29,2902718,13,2902718_013,D
2026-02-10 12:46:34.194526,15.5829,65.8557,86.4,24.59,35.41,2902718,13,2902718_013,D
2026-02-10 12:46:34.194526,15.5829,65.8557,93.2,23.66,35.45,2902718,13,2902718_013,D
2026-02-10 12:46:34.194526,15.5829,65.8557,100.0,23.33,35.58,2902718,13,2902718_013,D
2026-02-10 12:46:34.194526,15.5829,65.8557,110.0,23.62,35.59,2902718,13,2902718_013,D
2026-02-10 12:46:34.194526,15.5829,65.8557,137.9,20.42,35.74,2902718,13,2902718_013,D
2026-02-10 12:46:34.194526,15.5829,65.8557,165.7,18.81,35.66,2902718,13,2902718_013,D
2026-02-10 12:46:34.194526,15.5829,65.8557,193.6,18.35,35.84,2902718,13,2902718_013,D
2026-02-10 12:46:34.194526,15.5829,65.8557,221.4,17.85,35.27,2902718,13,2902718_013,D
2026-02-10 12:46:34.194526,15.5829,65.8557,249.3,16.85,35.43,2902718,13,2902718_013,D
2026-02-10 12:46:34.194526,15.5829,65.8557,277.1,16.1,35.42,2902718,13,2902718_013,D
2026-02-10 12:46:34.194526,15.5829,65.8557,305.0,15.39,35.4,2902718,13,2902718_013,D
2026-02-10 12:46:34.194526,15.5829,65.8557,332.9,14.13,35.4,2902718,13,2902718_013,D
2026-02-10 12:46:34.194526,15.5829,65.8557,360.7,13.49,35.37,2902718,13,2902718_013,D
2026-02-10 12:46:34.194526,15.5829,65.8557,388.6,12.95,35.9,2902718,13,2902718_013,D
2026-02-10 12:46:34.194526,15.5829,65.8557,416.4,11.74,35.57,2902718,13,2902718_013,D
2026-02-10 12:46:34.194526,15.5829,65.8557,444.3,11.07,35.47,2902718,13,2902718_013,D
2026-02-10 12:46:34.194526,15.5829,65.8557,472.1,10.1,35.35,2902718,13,2902718_013,D
2026-02-10 12:46:34.194526,15.5829,65.8557,500.0,9.7,35.57,2902718,13,2902718_013,D
2026-02-10 12:46:34.194526,15.5829,65.8557,520.0,9.28,35.66,2902718,13,2902718_013,D
2026-02-10 12:46:34.194526,15.5829,65.8557,581.7,9.45,35.49,2902718,13,2902718_013,D
2026-02-10 12:46:34.194526,15.5829,65.8557,643.3,9.01,35.53,2902718,13,2902718_013,D
2026-02-10 12:46:34.194526,15.5829,65.8557,705.0,8.7,35.36,2902718,13,2902718_013,D
2026-02-10 12:46:34.194526,15.5829,65.8557,766.7,8.78,35.48,2902718,13,2902718_013,D
2026-02-10 12:46:34.194526,15.5829,65.8557,828.3,8.48,35.54,2902718,13,2902718_013,D
2026-02-10 12:46:34.194526,15.5829,65.8557,890.0,8.4,35.48,2902718,13,2902718_013,D
2026-02-10 12:46:34.194526,15.5829,65.8557,951.7,8.37,35.46,2902718,13,2902718_013,D
2026-02-10 12:46:34.194526,15.5829,65.8557,1013.3,7.98,35.59,2902718,13,2902718_013,D
2026-02-10 12:46:34.194526,15.5829,65.8557,1075.0,7.51,35.68,2902718,13,2902718_013,D
2026-02-10 12:46:34.194526,15.5829,65.8557,1136.7,7.66,35.71,2902718,13,2902718_013,D
2026-02-10 12:46:34.194526,15.5829,65.8557,1198.3,6.95,35.33,2902718,13,2902718_013,D
2026-02-10 12:46:34.194526,15.5829,65.8557,1260.0,6.29,35.63,2902718,13,2902718_013,D
2026-02-10 12:46:34.194526,15.5829,65.8557,1321.7,6.91,35.52,2902718,13,2902718_013,D
2026-02-10 12:46:34.194526,15.5829,65.8557,1383.3,6.11,35.58,2902718,13,2902718_013,D
2026-02-10 12:46:34.194526,15.5829,65.8557,1445.0,5.71,35.58,2902718,13,2902718_013,D
2026-02-10 12:46:34.194526,15.5829,65.8557,1506.7,5.54,35.42,2902718,13,2902718_013,D
2026-02-10 12:46:34.194526,15.5829,65.8557,1568.3,5.4,35.51,2902718,13,2902718_013,D
2026-02-10 12:46:34.194526,15.5829,65.8557,1630.0,5.7,35.61,2902718,13,2902718_013,D
2026-02-10 12:46:34.194526,15.5829,65.8557,1691.7,4.88,35.44,2902718,13,2902718_013,D
2026-02-10 12:46:34.194526,15.5829,65.8557,1753.3,4.68,35.36,2902718,13,2902718_013,D
2026-02-10 12:46:34.194526,15.5829,65.8557,1815.0,4.41,35.37,2902718,13,2902718_013,D
2026-02-10 12:46:34.194526,15.5829,65.8557,1876.7,3.78,35.72,2902718,13,2902718_013,D
2026-02-10 12:46:34.194526,15.5829,65.8557,1938.3,4.13,35.5,2902718,13,2902718_013,D
2026-02-10 12:46:34.194526,15.5829,65.8557,2000.0,3.84,35.52,2902718,13,2902718_013,D
2025-11-22 11:14:10.815042,1.4973,77.9999,5.0,28.36,35.51,2902743,1,2902743_001,D
2025-11-22 11:14:10.815042,1.4973,77.9999,11.8,28.33,35.6,2902743,1,2902743_001,D
2025-11-22 11:14:10.815042,1.4973,77.9999,18.6,27.86,35.57,2902743,1,2902743_001,D
2025-11-22 11:14:10.815042,1.4973,77.9999,25.4,27.54,35.38,2902743,1,2902743_001,D
2025-11-22 11:14:10.815042,1.4973,77.9999,32.1,26.93,34.99,2902743,1,2902743_001,D
2025-11-22 11:14:10.815042,1.4973,77.9999,38.9,27.06,34.87,2902743,1,2902743_001,D
2025-11-22 11:14:10.815042,1.4973,77.9999,45.7,26.77,34.86,2902743,1,2902743_001,D
2025-11-22 11:14:10.815042,1.4973,77.9999,52.5,26.01,34.79,2902743,1,2902743_001,D
2025-11-22 11:14:10.815042,1.4973,77.9999,59.3,25.75,34.81,2902743,1,2902743_001,D
2025-11-22 11:14:10.815042,1.4973,77.9999,66.1,25.29,34.81,2902743,1,2902743_001,D
2025-11-22 11:14:10.815042,1.4973,77.9999,72.9,24.25,34.8,2902743,1,2902743_001,D
2025-11-22 11:14:10.815042,1.4973,77.9999,79.6,24.44,35.05,2902743,1,2902743_001,D
2025-11-22 11:14:10.815042,1.4973,77.9999,86.4,23.93,35.07,2902743,1,2902743_001,D
2025-11-22 11:14:10.815042,1.4973,77.9999,93.2,23.27,34.97,2902743,1,2902743_001,D
2025-11-22 11:14:10.815042,1.4973,77.9999,100.0,22.12,35.1,2902743,1,2902743_001,D
2025-11-22 11:14:10.815042,1.4973,77.9999,110.0,21.5,35.03,2902743,1,2902743_001,D
2025-11-22 11:14:10.815042,1.4973,77.9999,137.9,19.57,34.96,2902743,1,2902743_001,D
2025-11-22 11:14:10.815042,1.4973,77.9999,165.7,18.02,35.15,2902743,1,2902743_001,D
2025-11-22 11:14:10.815042,1.4973,77.9999,193.6,17.66,35.04,2902743,1,2902743_001,D
2025-11-22 11:14:10.815042,1.4973,77.9999,221.4,16.49,35.16,2902743,1,2902743_001,D
2025-11-22 11:14:10.815042,1.4973,77.9999,249.3,15.79,35.02,2902743,1,2902743_001,D
2025-11-22 11:14:10.815042,1.4973,77.9999,277.1,14.51,35.13,2902743,1,2902743_001,D
2025-11-22 11:14:10.815042,1.4973,77.9999,305.0,13.89,34.98,2902743,1,2902743_001,D
2025-11-22 11:14:10.815042,1.4973,77.9999,332.9,13.09,35.04,2902743,1,2902743_001,D
2025-11-22 11:14:10.815042,1.4973,77.9999,360.7,12.58,34.81,2902743,1,2902743_001,D
2025-11-22 11:14:10.815042,1.4973,77.9999,388.6,11.85,35.08,2902743,1,2902743_001,D
2025-11-22 11:14:10.815042,1.4973,77.9999,416.4,11.31,34.86,2902743,1,2902743_001,D
2025-11-22 11:14:10.815042,1.4973,77.9999,444.3,9.55,34.72,2902743,1,2902743_001,D
2025-11-22 11:14:10.815042,1.4973,77.9999,472.1,9.21,34.81,2902743,1,2902743_001,D
2025-11-22 11:14:10.815042,1.4973,77.9999,500.0,8.23,35.15,2902743,1,2902743_001,D
2025-11-22 11:14:10.815042,1.4973,77.9999,520.0,8.26,35.21,2902743,1,2902743_001,D
2025-11-22 11:14:10.815042,1.4973,77.9999,581.7,8.22,35.11,2902743,1,2902743_001,D
2025-11-22 11:14:10.815042,1.4973,77.9999,643.3,7.91,34.96,2902743,1,2902743_001,D
2025-11-22 11:14:10.815042,1.4973,77.9999,705.0,7.36,34.85,2902743,1,2902743_001,D
2025-11-22 11:14:10.815042,1.4973,77.9999,766.7,6.91,34.93,2902743,1,2902743_001,D
2025-11-22 11:14:10.815042,1.4973,77.9999,828.3,7.47,35.01,2902743,1,2902743_001,D
2025-11-22 11:14:10.815042,1.4973,77.9999,890.0,7.14,34.93,2902743,1,2902743_001,D
2025-11-22 11:14:10.815042,1.4973,77.9999,951.7,6.89,35.16,2902743,1,2902743_001,D
2025-11-22 11:14:10.815042,1.4973,77.9999,1013.3,6.01,35.2,2902743,1,2902743_001,D
2025-11-22 11:14:10.815042,1.4973,77.9999,1075.0,6.61,34.72,2902743,1,2902743_001,D
2025-11-22 11:14:10.815042,1.4973,77.9999,1136.7,5.12,34.83,2902743,1,2902743_001,D
2025-11-22 11:14:10.815042,1.4973,77.9999,1198.3,5.86,34.96,2902743,1,2902743_001,D
2025-11-22 11:14:10.815042,1.4973,77.9999,1260.0,5.72,35.23,2902743,1,2902743_001,D
2025-11-22 11:14:10.815042,1.4973,77.9999,1321.7,5.09,34.92,2902743,1,2902743_001,D
2025-11-22 11:14:10.815042,1.4973,77.9999,1383.3,4.45,35.04,2902743,1,2902743_001,D
2025-11-22 11:14:10.815042,1.4973,77.9999,1445.0,4.97,34.95,2902743,1,2902743_001,D
2025-11-22 11:14:10.815042,1.4973,77.9999,1506.7,4.43,34.85,2902743,1,2902743_001,D
2025-11-22 11:14:10.815042,1.4973,77.9999,1568.3,4.28,34.87,2902743,1,2902743_001,D
2025-11-22 11:14:10.815042,1.4973,77.9999,1630.0,4.06,35.02,2902743,1,2902743_001,D
2025-11-22 11:14:10.815042,1.4973,77.9999,1691.7,3.45,34.87,2902743,1,2902743_001,D
2025-11-22 11:14:10.815042,1.4973,77.9999,1753.3,3.23,35.0,2902743,1,2902743_001,D
2025-11-22 11:14:10.815042,1.4973,77.9999,1815.0,3.2,35.12,2902743,1,2902743_001,D
2025-11-22 11:14:10.815042,1.4973,77.9999,1876.7,3.34,35.03,2902743,1,2902743_001,D
2025-11-22 11:14:10.815042,1.4973,77.9999,1938.3,2.75,35.19,2902743,1,2902743_001,D
2025-11-22 11:14:10.815042,1.4973,77.9999,2000.0,2.39,35.08,2902743,1,2902743_001,D
2025-12-03 18:03:57.719345,1.5262,78.08,5.0,28.22,35.4,2902743,2,2902743_002,D
2025-12-03 18:03:57.719345,1.5262,78.08,11.8,28.05,35.44,2902743,2,2902743_002,D
2025-12-03 18:03:57.719345,1.5262,78.08,18.6,27.49,35.49,2902743,2,2902743_002,D
2025-12-03 18:03:57.719345,1.5262,78.08,25.4,27.26,35.31,2902743,2,2902743_002,D
2025-12-03 18:03:57.719345,1.5262,78.08,32.1,27.38,34.76,2902743,2,2902743_002,D
2025-12-03 18:03:57.719345,1.5262,78.08,38.9,27.11,34.79,2902743,2,2902743_002,D
2025-12-03 18:03:57.719345,1.5262,78.08,45.7,26.29,34.79,2902743,2,2902743_002,D
2025-12-03 18:03:57.719345,1.5262,78.08,52.5,26.03,34.86,2902743,2,2902743_002,D
2025-12-03 18:03:57.719345,1.5262,78.08,59.3,26.13,34.89,2902743,2,2902743_002,D
2025-12-03 18:03:57.719345,1.5262,78.08,66.1,25.38,34.95,2902743,2,2902743_002,D
2025-12-03 18:03:57.719345,1.5262,78.08,72.9,24.63,34.96,2902743,2,2902743_002,D
2025-12-03 18:03:57.719345,1.5262,78.08,79.6,24.09,35.01,2902743,2,2902743_002,D
2025-12-03 18:03:57.719345,1.5262,78.08,86.4,23.78,35.02,2902743,2,2902743_002,D
2025-12-03 18:03:57.719345,1.5262,78.08,93.2,23.45,34.9,2902743,2,2902743_002,D
2025-12-03 18:03:57.719345,1.5262,78.08,100.0,22.81,35.19,2902743,2,2902743_002,D
2025-12-03 18:03:57.719345,1.5262,78.08,110.0,21.66,35.03,2902743,2,2902743_002,D
2025-12-03 18:03:57.719345,1.5262,78.08,137.9,19.54,35.11,2902743,2,2902743_002,D
2025-12-03 18:03:57.719345,1.5262,78.08,165.7,18.08,35.31,2902743,2,2902743_002,D
2025-12-03 18:03:57.719345,1.5262,78.08,193.6,16.63,35.19,2902743,2,2902743_002,D
2025-12-03 18:03:57.719345,1.5262,78.08,221.4,16.43,34.92,2902743,2,2902743_002,D
2025-12-03 18:03:57.719345,1.5262,78.08,249.3,16.02,34.95,2902743,2,2902743_002,D
2025-12-03 18:03:57.719345,1.5262,78.08,277.1,14.89,34.94,2902743,2,2902743_002,D
2025-12-03 18:03:57.719345,1.5262,78.08,305.0,14.31,35.01,2902743,2,2902743_002,D
2025-12-03 18:03:57.719345,1.5262,78.08,332.9,13.27,35.19,2902743,2,2902743_002,D
2025-12-03 18:03:57.719345,1.5262,78.08,360.7,12.44,35.05,2902743,2,2902743_002,D
2025-12-03 18:03:57.719345,1.5262,78.08,388.6,11.86,35.07,2902743,2,2902743_002,D
2025-12-03 18:03:57.719345,1.5262,78.08,416.4,10.73,35.1,2902743,2,2902743_002,D
2025-12-03 18:03:57.719345,1.5262,78.08,444.3,10.54,35.12,2902743,2,2902743_002,D
2025-12-03 18:03:57.719345,1.5262,78.08,472.1,9.48,34.98,2902743,2,2902743_002,D
2025-12-03 18:03:57.719345,1.5262,78.08,500.0,8.69,35.05,2902743,2,2902743_002,D
2025-12-03 18:03:57.719345,1.5262,78.08,520.0,7.95,35.13,2902743,2,2902743_002,D
2025-12-03 18:03:57.719345,1.5262,78.08,581.7,7.71,34.92,2902743,2,2902743_002,D
2025-12-03 18:03:57.719345,1.5262,78.08,643.3,8.08,34.95,2902743,2,2902743_002,D
2025-12-03 18:03:57.719345,1.5262,78.08,705.0,8.11,34.68,2902743,2,2902743_002,D
2025-12-03 18:03:57.719345,1.5262,78.08,766.7,7.97,35.13,2902743,2,2902743_002,D
2025-12-03 18:03:57.719345,1.5262,78.08,828.3,7.07,35.0,2902743,2,2902743_002,D
2025-12-03 18:03:57.719345,1.5262,78.08,890.0,6.74,35.01,2902743,2,2902743_002,D
2025-12-03 18:03:57.719345,1.5262,78.08,951.7,6.83,34.84,2902743,2,2902743_002,D
2025-12-03 18:03:57.719345,1.5262,78.08,1013.3,6.41,34.91,2902743,2,2902743_002,D
2025-12-03 18:03:57.719345,1.5262,78.08,1075.0,6.45,35.1,2902743,2,2902743_002,D
2025-12-03 18:03:57.719345,1.5262,78.08,1136.7,5.87,34.99,2902743,2,2902743_002,D
2025-12-03 18:03:57.719345,1.5262,78.08,1198.3,5.53,34.8,2902743,2,2902743_002,D
2025-12-03 18:03:57.719345,1.5262,78.08,1260.0,5.63,35.11,2902743,2,2902743_002,D
2025-12-03 18:03:57.719345,1.5262,78.08,1321.7,4.99,35.01,2902743,2,2902743_002,D
2025-12-03 18:03:57.719345,1.5262,78.08,1383.3,5.48,34.91,2902743,2,2902743_002,D
2025-12-03 18:03:57.719345,1.5262,78.08,1445.0,4.8,34.99,2902743,2,2902743_002,D
2025-12-03 18:03:57.719345,1.5262,78.08,1506.7,4.44,35.07,2902743,2,2902743_002,D
2025-12-03 18:03:57.719345,1.5262,78.08,1568.3,3.84,34.94,2902743,2,2902743_002,D
2025-12-03 18:03:57.719345,1.5262,78.08,1630.0,3.51,35.16,2902743,2,2902743_002,D
2025-12-03 18:03:57.719345,1.5262,78.08,1691.7,3.82,35.08,2902743,2,2902743_002,D
2025-12-03 18:03:57.719345,1.5262,78.08,1753.3,3.25,35.22,2902743,2,2902743_002,D
2025-12-03 18:03:57.719345,1.5262,78.08,1815.0,3.04,35.26,2902743,2,2902743_002,D
2025-12-03 18:03:57.719345,1.5262,78.08,1876.7,3.01,35.17,2902743,2,2902743_002,D
2025-12-03 18:03:57.719345,1.5262,78.08,1938.3,2.74,35.02,2902743,2,2902743_002,D
2025-12-03 18:03:57.719345,1.5262,78.08,2000.0,1.82,35.15,2902743,2,2902743_002,D
2025-12-12 01:48:10.707434,1.5369,77.9625,5.0,28.76,35.53,2902743,3,2902743_003,D
2025-12-12 01:48:10.707434,1.5369,77.9625,11.8,27.94,35.53,2902743,3,2902743_003,D
2025-12-12 01:48:10.707434,1.5369,77.9625,18.6,27.81,35.66,2902743,3,2902743_003,D
2025-12-12 01:48:10.707434,1.5369,77.9625,25.4,27.87,35.52,2902743,3,2902743_003,D
2025-12-12 01:48:10.707434,1.5369,77.9625,32.1,27.34,35.09,2902743,3,2902743_003,D
2025-12-12 01:48:10.707434,1.5369,77.9625,38.9,26.89,34.77,2902743,3,2902743_003,D
2025-12-12 01:48:10.707434,1.5369,77.9625,45.7,26.17,34.97,2902743,3,2902743_003,D
2025-12-12 01:48:10.707434,1.5369,77.9625,52.5,25.81,34.79,2902743,3,2902743_003,D
2025-12-12 01:48:10.707434,1.5369,77.9625,59.3,26.39,34.84,2902743,3,2902743_003,D
2025-12-12 01:48:10.707434,1.5369,77.9625,66.1,24.83,34.87,2902743,3,2902743_003,D
2025-12-12 01:48:10.707434,1.5369,77.9625,72.9,24.96,34.93,2902743,3,2902743_003,D
2025-12-12 01:48:10.707434,1.5369,77.9625,79.6,24.16,35.05,2902743,3,2902743_003,D
2025-12-12 01:48:10.707434,1.5369,77.9625,86.4,23.39,34.92,2902743,3,2902743_003,D
2025-12-12 01:48:10.707434,1.5369,77.9625,93.2,22.99,35.09,2902743,3,2902743_003,D
2025-12-12 01:48:10.707434,1.5369,77.9625,100.0,22.32,34.98,2902743,3,2902743_003,D
2025-12-12 01:48:10.707434,1.5369,77.9625,110.0,22.36,35.12,2902743,3,2902743_003,D
2025-12-12 01:48:10.707434,1.5369,77.9625,137.9,19.07,35.3,2902743,3,2902743_003,D
2025-12-12 01:48:10.707434,1.5369,77.9625,165.7,17.85,35.26,2902743,3,2902743_003,D
2025-12-12 01:48:10.707434,1.5369,77.9625,193.6,17.27,35.18,2902743,3,2902743_003,D
2025-12-12 01:48:10.707434,1.5369,77.9625,221.4,16.64,34.89,2902743,3,2902743_003,D
2025-12-12 01:48:10.707434,1.5369,77.9625,249.3,16.06,34.98,2902743,3,2902743_003,D
2025-12-12 01:48:10.707434,1.5369,77.9625,277.1,14.94,35.26,2902743,3,2902743_003,D
2025-12-12 01:48:10.707434,1.5369,77.9625,305.0,14.59,34.92,2902743,3,2902743_003,D
2025-12-12 01:48:10.707434,1.5369,77.9625,332.9,13.18,34.94,2902743,3,2902743_003,D
2025-12-12 01:48:10.707434,1.5369,77.9625,360.7,12.55,34.94,2902743,3,2902743_003,D
2025-12-12 01:48:10.707434,1.5369,77.9625,388.6,11.76,35.14,2902743,3,2902743_003,D
2025-12-12 01:48:10.707434,1.5369,77.9625,416.4,10.78,34.85,2902743,3,2902743_003,D
2025-12-12 01:48:10.707434,1.5369,77.9625,444.3,10.1,35.13,2902743,3,2902743_003,D
2025-12-12 01:48:10.707434,1.5369,77.9625,472.1,9.05,34.85,2902743,3,2902743_003,D
2025-12-12 01:48:10.707434,1.5369,77.9625,500.0,8.4,34.95,2902743,3,2902743_003,D
2025-12-12 01:48:10.707434,1.5369,77.9625,520.0,8.81,35.02,2902743,3,2902743_003,D
2025-12-12 01:48:10.707434,1.5369,77.9625,581.7,8.18,34.95,2902743,3,2902743_003,D
2025-12-12 01:48:10.707434,1.5369,77.9625,643.3,7.94,34.81,2902743,3,2902743_003,D
2025-12-12 01:48:10.707434,1.5369,77.9625,705.0,7.65,35.02,2902743,3,2902743_003,D
2025-12-12 01:48:10.707434,1.5369,77.9625,766.7,7.32,34.94,2902743,3,2902743_003,D
2025-12-12 01:48:10.707434,1.5369,77.9625,828.3,7.46,34.97,2902743,3,2902743_003,D
2025-12-12 01:48:10.707434,1.5369,77.9625,890.0,6.74,34.9,2902743,3,2902743_003,D
2025-12-12 01:48:10.707434,1.5369,77.9625,951.7,7.1,34.99,2902743,3,2902743_003,D
2025-12-12 01:48:10.707434,1.5369,77.9625,1013.3,7.03,35.04,2902743,3,2902743_003,D
2025-12-12 01:48:10.707434,1.5369,77.9625,1075.0,6.36,34.99,2902743,3,2902743_003,D
2025-12-12 01:48:10.707434,1.5369,77.9625,1136.7,5.67,34.97,2902743,3,2902743_003,D
2025-12-12 01:48:10.707434,1.5369,77.9625,1198.3,5.55,35.09,2902743,3,2902743_003,D
2025-12-12 01:48:10.707434,1.5369,77.9625,1260.0,5.16,35.02,2902743,3,2902743_003,D
2025-12-12 01:48:10.707434,1.5369,77.9625,1321.7,5.25,34.95,2902743,3,2902743_003,D
2025-12-12 01:48:10.707434,1.5369,77.9625,1383.3,5.05,34.9,2902743,3,2902743_003,D
2025-12-12 01:48:10.707434,1.5369,77.9625,1445.0,4.79,35.19,2902743,3,2902743_003,D
2025-12-12 01:48:10.707434,1.5369,77.9625,1506.7,4.97,34.66,2902743,3,2902743_003,D
2025-12-12 01:48:10.707434,1.5369,77.9625,1568.3,4.33,35.13,2902743,3,2902743_003,D
2025-12-12 01:48:10.707434,1.5369,77.9625,1630.0,4.03,34.84,2902743,3,2902743_003,D
2025-12-12 01:48:10.707434,1.5369,77.9625,1691.7,3.77,34.93,2902743,3,2902743_003,D
2025-12-12 01:48:10.707434,1.5369,77.9625,1753.3,3.75,34.86,2902743,3,2902743_003,D
2025-12-12 01:48:10.707434,1.5369,77.9625,1815.0,3.88,35.08,2902743,3,2902743_003,D
2025-12-12 01:48:10.707434,1.5369,77.9625,1876.7,2.78,35.0,2902743,3,2902743_003,D
2025-12-12 01:48:10.707434,1.5369,77.9625,1938.3,3.25,35.02,2902743,3,2902743_003,D
2025-12-12 01:48:10.707434,1.5369,77.9625,2000.0,2.51,35.14,2902743,3,2902743_003,D
2025-12-22 06:02:22.472143,1.4952,78.0957,5.0,28.72,35.67,2902743,4,2902743_004,D
2025-12-22 06:02:22.472143,1.4952,78.0957,11.8,28.04,35.42,2902743,4,2902743_004,D
2025-12-22 06:02:22.472143,1.4952,78.0957,18.6,27.27,35.52,2902743,4,2902743_004,D
2025-12-22 06:02:22.472143,1.4952,78.0957,25.4,27.34,35.36,2902743,4,2902743_004,D
2025-12-22 06:02:22.472143,1.4952,78.0957,32.1,26.91,34.82,2902743,4,2902743_004,D
2025-12-22 06:02:22.472143,1.4952,78.0957,38.9,27.43,34.83,2902743,4,2902743_004,D
2025-12-22 06:02:22.472143,1.4952,78.0957,45.7,26.93,34.94,2902743,4,2902743_004,D
2025-12-22 06:02:22.472143,1.4952,78.0957,52.5,26.1,34.9,2902743,4,2902743_004,D
2025-12-22 06:02:22.472143,1.4952,78.0957,59.3,25.94,34.91,2902743,4,2902743_004,D
2025-12-22 06:02:22.472143,1.4952,78.0957,66.1,24.7,34.92,2902743,4,2902743_004,D
2025-12-22 06:02:22.472143,1.4952,78.0957,72.9,24.78,34.93,2902743,4,2902743_004,D
2025-12-22 06:02:22.472143,1.4952,78.0957,79.6,24.04,35.0,2902743,4,2902743_004,D
2025-12-22 06:02:22.472143,1.4952,78.0957,86.4,23.6,35.18,2902743,4,2902743_004,D
2025-12-22 06:02:22.472143,1.4952,78.0957,93.2,22.51,35.1,2902743,4,2902743_004,D
2025-12-22 06:02:22.472143,1.4952,78.0957,100.0,22.57,35.13,2902743,4,2902743_004,D
2025-12-22 06:02:22.472143,1.4952,78.0957,110.0,21.77,35.03,2902743,4,2902743_004,D
2025-12-22 06:02:22.472143,1.4952,78.0957,137.9,19.52,35.16,2902743,4,2902743_004,D
2025-12-22 06:02:22.472143,1.4952,78.0957,165.7,18.06,35.07,2902743,4,2902743_004,D
2025-12-22 06:02:22.472143,1.4952,78.0957,193.6,17.38,35.34,2902743,4,2902743_004,D
2025-12-22 06:02:22.472143,1.4952,78.0957,221.4,16.63,35.1,2902743,4,2902743_004,D
2025-12-22 06:02:22.472143,1.4952,78.0957,249.3,16.09,35.1,2902743,4,2902743_004,D
2025-12-22 06:02:22.472143,1.4952,78.0957,277.1,14.75,35.11,2902743,4,2902743_004,D
2025-12-22 06:02:22.472143,1.4952,78.0957,305.0,14.29,34.93,2902743,4,2902743_004,D
2025-12-22 06:02:22.472143,1.4952,78.0957,332.9,12.86,34.98,2902743,4,2902743_004,D
2025-12-22 06:02:22.472143,1.4952,78.0957,360.7,12.82,34.99,2902743,4,2902743_004,D
2025-12-22 06:02:22.472143,1.4952,78.0957,388.6,11.61,34.91,2902743,4,2902743_004,D
2025-12-22 06:02:22.472143,1.4952,78.0957,416.4,10.36,35.01,2902743,4,2902743_004,D
2025-12-22 06:02:22.472143,1.4952,78.0957,444.3,10.41,34.79,2902743,4,2902743_004,D
2025-12-22 06:02:22.472143,1.4952,78.0957,472.1,9.44,34.99,2902743,4,2902743_004,D
2025-12-22 06:02:22.472143,1.4952,78.0957,500.0,8.56,34.91,2902743,4,2902743_004,D
2025-12-22 06:02:22.472143,1.4952,78.0957,520.0,8.6,34.91,2902743,4,2902743_004,D
2025-12-22 06:02:22.472143,1.4952,78.0957,581.7,8.07,35.0,2902743,4,2902743_004,D
2025-12-22 06:02:22.472143,1.4952,78.0957,643.3,7.4,35.11,2902743,4,2902743_004,D
2025-12-22 06:02:22.472143,1.4952,78.0957,705.0,7.46,34.94,2902743,4,2902743_004,D
2025-12-22 06:02:22.472143,1.4952,78.0957,766.7,7.85,35.11,2902743,4,2902743_004,D
2025-12-22 06:02:22.472143,1.4952,78.0957,828.3,7.54,34.84,2902743,4,2902743_004,D
2025-12-22 06:02:22.472143,1.4952,78.0957,890.0,7.41,35.02,2902743,4,2902743_004,D
2025-12-22 06:02:22.472143,1.4952,78.0957,951.7,6.37,35.07,2902743,4,2902743_004,D
2025-12-22 06:02:22.472143,1.4952,78.0957,1013.3,6.68,35.04,2902743,4,2902743_004,D
2025-12-22 06:02:22.472143,1.4952,78.0957,1075.0,6.09,34.99,2902743,4,2902743_004,D
2025-12-22 06:02:22.472143,1.4952,78.0957,1136.7,5.94,34.89,2902743,4,2902743_004,D
2025-12-22 06:02:22.472143,1.4952,78.0957,1198.3,5.53,34.95,2902743,4,2902743_004,D
2025-12-22 06:02:22.472143,1.4952,78.0957,1260.0,5.25,35.03,2902743,4,2902743_004,D
2025-12-22 06:02:22.472143,1.4952,78.0957,1321.7,5.18,34.84,2902743,4,2902743_004,D
2025-12-22 06:02:22.472143,1.4952,78.0957,1383.3,5.06,34.96,2902743,4,2902743_004,D
2025-12-22 06:02:22.472143,1.4952,78.0957,1445.0,4.47,34.94,2902743,4,2902743_004,D
2025-12-22 06:02:22.472143,1.4952,78.0957,1506.7,4.22,35.0,2902743,4,2902743_004,D
2025-12-22 06:02:22.472143,1.4952,78.0957,1568.3,3.79,34.84,2902743,4,2902743_004,D
2025-12-22 06:02:22.472143,1.4952,78.0957,1630.0,3.98,34.94,2902743,4,2902743_004,D
2025-12-22 06:02:22.472143,1.4952,78.0957,1691.7,3.53,35.13,2902743,4,2902743_004,D
2025-12-22 06:02:22.472143,1.4952,78.0957,1753.3,2.71,34.99,2902743,4,2902743_004,D
2025-12-22 06:02:22.472143,1.4952,78.0957,1815.0,2.79,35.03,2902743,4,2902743_004,D
2025-12-22 06:02:22.472143,1.4952,78.0957,1876.7,3.29,35.04,2902743,4,2902743_004,D
2025-12-22 06:02:22.472143,1.4952,78.0957,1938.3,2.42,35.07,2902743,4,2902743_004,D
2025-12-22 06:02:22.472143,1.4952,78.0957,2000.0,3.08,34.89,2902743,4,2902743_004,D
2026-01-02 21:34:51.946361,1.607,77.9553,5.0,28.24,35.57,2902743,5,2902743_005,D
2026-01-02 21:34:51.946361,1.607,77.9553,11.8,28.4,35.54,2902743,5,2902743_005,D
2026-01-02 21:34:51.946361,1.607,77.9553,18.6,27.29,35.56,2902743,5,2902743_005,D
2026-01-02 21:34:51.946361,1.607,77.9553,25.4,27.05,35.54,2902743,5,2902743_005,D
2026-01-02 21:34:51.946361,1.607,77.9553,32.1,28.24,34.81,2902743,5,2902743_005,D
2026-01-02 21:34:51.946361,1.607,77.9553,38.9,26.67,34.76,2902743,5,2902743_005,D
2026-01-02 21:34:51.946361,1.607,77.9553,45.7,26.6,34.64,2902743,5,2902743_005,D
2026-01-02 21:34:51.946361,1.607,77.9553,52.5,26.35,34.82,2902743,5,2902743_005,D
2026-01-02 21:34:51.946361,1.607,77.9553,59.3,25.71,34.77,2902743,5,2902743_005,D
2026-01-02 21:34:51.946361,1.607,77.9553,66.1,24.84,34.86,2902743,5,2902743_005,D
2026-01-02 21:34:51.946361,1.607,77.9553,72.9,24.36,34.84,2902743,5,2902743_005,D
2026-01-02 21:34:51.946361,1.607,77.9553,79.6,23.8,35.0,2902743,5,2902743_005,D
2026-01-02 21:34:51.946361,1.607,77.9553,86.4,23.38,34.87,2902743,5,2902743_005,D
2026-01-02 21:34:51.946361,1.607,77.9553,93.2,22.94,35.07,2902743,5,2902743_005,D
2026-01-02 21:34:51.946361,1.607,77.9553,100.0,22.73,35.05,2902743,5,2902743_005,D
2026-01-02 21:34:51.946361,1.607,77.9553,110.0,21.21,34.92,2902743,5,2902743_005,D
2026-01-02 21:34:51.946361,1.607,77.9553,137.9,19.74,35.14,2902743,5,2902743_005,D
2026-01-02 21:34:51.946361,1.607,77.9553,165.7,17.28,35.25,2902743,5,2902743_005,D
2026-01-02 21:34:51.946361,1.607,77.9553,193.6,16.88,35.29,2902743,5,2902743_005,D
2026-01-02 21:34:51.946361,1.607,77.9553,221.4,16.2,34.9,2902743,5,2902743_005,D
2026-01-02 21:34:51.946361,1.607,77.9553,249.3,15.3,34.61,2902743,5,2902743_005,D
2026-01-02 21:34:51.946361,1.607,77.9553,277.1,14.92,34.99,2902743,5,2902743_005,D
2026-01-02 21:34:51.946361,1.607,77.9553,305.0,14.36,34.99,2902743,5,2902743_005,D
2026-01-02 21:34:51.946361,1.607,77.9553,332.9,13.52,34.87,2902743,5,2902743_005,D
2026-01-02 21:34:51.946361,1.607,77.9553,360.7,12.59,34.81,2902743,5,2902743_005,D
2026-01-02 21:34:51.946361,1.607,77.9553,388.6,10.97,35.0,2902743,5,2902743_005,D
2026-01-02 21:34:51.946361,1.607,77.9553,416.4,10.89,34.9,2902743,5,2902743_005,D
2026-01-02 21:34:51.946361,1.607,77.9553,444.3,10.18,34.83,2902743,5,2902743_005,D
2026-01-02 21:34:51.946361,1.607,77.9553,472.1,9.22,35.26,2902743,5,2902743_005,D
2026-01-02 21:34:51.946361,1.607,77.9553,500.0,8.17,34.97,2902743,5,2902743_005,D
2026-01-02 21:34:51.946361,1.607,77.9553,520.0,8.84,34.91,2902743,5,2902743_005,D
2026-01-02 21:34:51.946361,1.607,77.9553,581.7,7.92,34.76,2902743,5,2902743_005,D
2026-01-02 21:34:51.946361,1.607,77.9553,643.3,7.87,35.01,2902743,5,2902743_005,D
2026-01-02 21:34:51.946361,1.607,77.9553,705.0,7.98,34.9,2902743,5,2902743_005,D
2026-01-02 21:34:51.946361,1.607,77.9553,766.7,7.25,34.89,2902743,5,2902743_005,D
2026-01-02 21:34:51.946361,1.607,77.9553,828.3,6.52,34.98,2902743,5,2902743_005,D
2026-01-02 21:34:51.946361,1.607,77.9553,890.0,7.18,35.02,2902743,5,2902743_005,D
2026-01-02 21:34:51.946361,1.607,77.9553,951.7,6.29,35.04,2902743,5,2902743_005,D
2026-01-02 21:34:51.946361,1.607,77.9553,1013.3,6.74,34.87,2902743,5,2902743_005,D
2026-01-02 21:34:51.946361,1.607,77.9553,1075.0,5.69,34.99,2902743,5,2902743_005,D
2026-01-02 21:34:51.946361,1.607,77.9553,1136.7,5.97,35.06,2902743,5,2902743_005,D
2026-01-02 21:34:51.946361,1.607,77.9553,1198.3,5.3,34.92,2902743,5,2902743_005,D
2026-01-02 21:34:51.946361,1.607,77.9553,1260.0,5.86,35.12,2902743,5,2902743_005,D
2026-01-02 21:34:51.946361,1.607,77.9553,1321.7,4.98,35.08,2902743,5,2902743_005,D
2026-01-02 21:34:51.946361,1.607,77.9553,1383.3,4.41,35.14,2902743,5,2902743_005,D
2026-01-02 21:34:51.946361,1.607,77.9553,1445.0,4.36,34.89,2902743,5,2902743_005,D
2026-01-02 21:34:51.946361,1.607,77.9553,1506.7,4.65,35.13,2902743,5,2902743_005,D
2026-01-02 21:34:51.946361,1.607,77.9553,1568.3,4.69,34.91,2902743,5,2902743_005,D
2026-01-02 21:34:51.946361,1.607,77.9553,1630.0,4.3,35.1,2902743,5,2902743_005,D
2026-01-02 21:34:51.946361,1.607,77.9553,1691.7,4.03,34.94,2902743,5,2902743_005,D
2026-01-02 21:34:51.946361,1.607,77.9553,1753.3,3.28,35.06,2902743,5,2902743_005,D
2026-01-02 21:34:51.946361,1.607,77.9553,1815.0,2.88,35.07,2902743,5,2902743_005,D
2026-01-02 21:34:51.946361,1.607,77.9553,1876.7,3.67,35.01,2902743,5,2902743_005,D
2026-01-02 21:34:51.946361,1.607,77.9553,1938.3,2.77,35.17,2902743,5,2902743_005,D
2026-01-02 21:34:51.946361,1.607,77.9553,2000.0,2.61,34.97,2902743,5,2902743_005,D
2026-01-12 21:53:14.642030,1.3666,78.2032,5.0,28.59,35.66,2902743,6,2902743_006,D
2026-01-12 21:53:14.642030,1.3666,78.2032,11.8,27.43,35.46,2902743,6,2902743_006,D
2026-01-12 21:53:14.642030,1.3666,78.2032,18.6,27.56,35.51,2902743,6,2902743_006,D
2026-01-12 21:53:14.642030,1.3666,78.2032,25.4,27.58,35.46,2902743,6,2902743_006,D
2026-01-12 21:53:14.642030,1.3666,78.2032,32.1,26.63,34.74,2902743,6,2902743_006,D
2026-01-12 21:53:14.642030,1.3666,78.2032,38.9,27.19,34.72,2902743,6,2902743_006,D
2026-01-12 21:53:14.642030,1.3666,78.2032,45.7,26.52,34.85,2902743,6,2902743_006,D
2026-01-12 21:53:14.642030,1.3666,78.2032,52.5,26.29,34.91,2902743,6,2902743_006,D
2026-01-12 21:53:14.642030,1.3666,78.2032,59.3,26.13,34.96,2902743,6,2902743_006,D
2026-01-12 21:53:14.642030,1.3666,78.2032,66.1,25.04,35.05,2902743,6,2902743_006,D
2026-01-12 21:53:14.642030,1.3666,78.2032,72.9,25.03,34.94,2902743,6,2902743_006,D
2026-01-12 21:53:14.642030,1.3666,78.2032,79.6,24.06,34.87,2902743,6,2902743_006,D
2026-01-12 21:53:14.642030,1.3666,78.2032,86.4,23.36,34.91,2902743,6,2902743_006,D
2026-01-12 21:53:14.642030,1.3666,78.2032,93.2,22.9,34.99,2902743,6,2902743_006,D
2026-01-12 21:53:14.642030,1.3666,78.2032,100.0,22.98,34.76,2902743,6,2902743_006,D
2026-01-12 21:53:14.642030,1.3666,78.2032,110.0,21.84,35.14,2902743,6,2902743_006,D
2026-01-12 21:53:14.642030,1.3666,78.2032,137.9,19.26,35.17,2902743,6,2902743_006,D
2026-01-12 21:53:14.642030,1.3666,78.2032,165.7,18.03,35.41,2902743,6,2902743_006,D
2026-01-12 21:53:14.642030,1.3666,78.2032,193.6,17.04,35.25,2902743,6,2902743_006,D
2026-01-12 21:53:14.642030,1.3666,78.2032,221.4,16.24,35.16,2902743,6,2902743_006,D
2026-01-12 21:53:14.642030,1.3666,78.2032,249.3,15.78,35.37,2902743,6,2902743_006,D
2026-01-12 21:53:14.642030,1.3666,78.2032,277.1,14.98,34.97,2902743,6,2902743_006,D
2026-01-12 21:53:14.642030,1.3666,78.2032,305.0,13.49,34.92,2902743,6,2902743_006,D
2026-01-12 21:53:14.642030,1.3666,78.2032,332.9,13.42,34.98,2902743,6,2902743_006,D
2026-01-12 21:53:14.642030,1.3666,78.2032,360.7,12.03,35.12,2902743,6,2902743_006,D
2026-01-12 21:53:14.642030,1.3666,78.2032,388.6,11.76,35.04,2902743,6,2902743_006,D
2026-01-12 21:53:14.642030,1.3666,78.2032,416.4,10.99,34.88,2902743,6,2902743_006,D
2026-01-12 21:53:14.642030,1.3666,78.2032,444.3,10.33,35.18,2902743,6,2902743_006,D
2026-01-12 21:53:14.642030,1.3666,78.2032,472.1,9.22,35.02,2902743,6,2902743_006,D
2026-01-12 21:53:14.642030,1.3666,78.2032,500.0,8.13,35.36,2902743,6,2902743_006,D
2026-01-12 21:53:14.642030,1.3666,78.2032,520.0,8.3,35.09,2902743,6,2902743_006,D
2026-01-12 21:53:14.642030,1.3666,78.2032,581.7,8.17,34.63,2902743,6,2902743_006,D
2026-01-12 21:53:14.642030,1.3666,78.2032,643.3,8.83,35.05,2902743,6,2902743_006,D
2026-01-12 21:53:14.642030,1.3666,78.2032,705.0,7.35,34.72,2902743,6,2902743_006,D
2026-01-12 21:53:14.642030,1.3666,78.2032,766.7,7.49,34.75,2902743,6,2902743_006,D
2026-01-12 21:53:14.642030,1.3666,78.2032,828.3,7.13,34.99,2902743,6,2902743_006,D
2026-01-12 21:53:14.642030,1.3666,78.2032,890.0,7.3,35.11,2902743,6,2902743_006,D
2026-01-12 21:53:14.642030,1.3666,78.2032,951.7,6.55,35.09,2902743,6,2902743_006,D
2026-01-12 21:53:14.642030,1.3666,78.2032,1013.3,6.45,35.22,2902743,6,2902743_006,D
2026-01-12 21:53:14.642030,1.3666,78.2032,1075.0,6.41,35.0,2902743,6,2902743_006,D
2026-01-12 21:53:14.642030,1.3666,78.2032,1136.7,5.98,34.96,2902743,6,2902743_006,D
2026-01-12 21:53:14.642030,1.3666,78.2032,1198.3,5.57,35.09,2902743,6,2902743_006,D
2026-01-12 21:53:14.642030,1.3666,78.2032,1260.0,5.49,34.89,2902743,6,2902743_006,D
2026-01-12 21:53:14.642030,1.3666,78.2032,1321.7,5.47,34.98,2902743,6,2902743_006,D
2026-01-12 21:53:14.642030,1.3666,78.2032,1383.3,4.72,34.88,2902743,6,2902743_006,D
2026-01-12 21:53:14.642030,1.3666,78.2032,1445.0,4.36,34.93,2902743,6,2902743_006,D
2026-01-12 21:53:14.642030,1.3666,78.2032,1506.7,4.06,34.87,2902743,6,2902743_006,D
2026-01-12 21:53:14.642030,1.3666,78.2032,1568.3,4.36,35.01,2902743,6,2902743_006,D
2026-01-12 21:53:14.642030,1.3666,78.2032,1630.0,4.42,34.85,2902743,6,2902743_006,D
2026-01-12 21:53:14.642030,1.3666,78.2032,1691.7,4.21,35.11,2902743,6,2902743_006,D
2026-01-12 21:53:14.642030,1.3666,78.2032,1753.3,3.65,35.02,2902743,6,2902743_006,D
2026-01-12 21:53:14.642030,1.3666,78.2032,1815.0,3.11,35.07,2902743,6,2902743_006,D
2026-01-12 21:53:14.642030,1.3666,78.2032,1876.7,2.64,35.04,2902743,6,2902743_006,D
2026-01-12 21:53:14.642030,1.3666,78.2032,1938.3,2.75,34.89,2902743,6,2902743_006,D
2026-01-12 21:53:14.642030,1.3666,78.2032,2000.0,2.16,35.0,2902743,6,2902743_006,D
2026-01-21 06:03:55.641113,1.6647,78.008,5.0,28.34,35.55,2902743,7,2902743_007,D
2026-01-21 06:03:55.641113,1.6647,78.008,11.8,27.69,35.7,2902743,7,2902743_007,D
2026-01-21 06:03:55.641113,1.6647,78.008,18.6,28.25,35.56,2902743,7,2902743_007,D
2026-01-21 06:03:55.641113,1.6647,78.008,25.4,27.57,35.5,2902743,7,2902743_007,D
2026-01-21 06:03:55.641113,1.6647,78.008,32.1,26.98,34.87,2902743,7,2902743_007,D
2026-01-21 06:03:55.641113,1.6647,78.008,38.9,27.12,34.87,2902743,7,2902743_007,D
2026-01-21 06:03:55.641113,1.6647,78.008,45.7,27.01,34.76,2902743,7,2902743_007,D
2026-01-21 06:03:55.641113,1.6647,78.008,52.5,26.46,34.87,2902743,7,2902743_007,D
2026-01-21 06:03:55.641113,1.6647,78.008,59.3,25.43,34.94,2902743,7,2902743_007,D
2026-01-21 06:03:55.641113,1.6647,78.008,66.1,25.24,34.82,2902743,7,2902743_007,D
2026-01-21 06:03:55.641113,1.6647,78.008,72.9,24.24,34.87,2902743,7,2902743_007,D
2026-01-21 06:03:55.641113,1.6647,78.008,79.6,24.46,34.8,2902743,7,2902743_007,D
2026-01-21 06:03:55.641113,1.6647,78.008,86.4,23.27,35.03,2902743,7,2902743_007,D
2026-01-21 06:03:55.641113,1.6647,78.008,93.2,23.35,35.13,2902743,7,2902743_007,D
2026-01-21 06:03:55.641113,1.6647,78.008,100.0,22.37,35.08,2902743,7,2902743_007,D
2026-01-21 06:03:55.641113,1.6647,78.008,110.0,21.35,35.16,2902743,7,2902743_007,D
2026-01-21 06:03:55.641113,1.6647,78.008,137.9,18.95,35.27,2902743,7,2902743_007,D
2026-01-21 06:03:55.641113,1.6647,78.008,165.7,18.18,35.26,2902743,7,2902743_007,D
2026-01-21 06:03:55.641113,1.6647,78.008,193.6,17.12,35.22,2902743,7,2902743_007,D
2026-01-21 06:03:55.641113,1.6647,78.008,221.4,16.74,35.01,2902743,7,2902743_007,D
2026-01-21 06:03:55.641113,1.6647,78.008,249.3,15.66,34.89,2902743,7,2902743_007,D
2026-01-21 06:03:55.641113,1.6647,78.008,277.1,14.84,35.03,2902743,7,2902743_007,D
2026-01-21 06:03:55.641113,1.6647,78.008,305.0,13.62,34.92,2902743,7,2902743_007,D
2026-01-21 06:03:55.641113,1.6647,78.008,332.9,13.21,34.99,2902743,7,2902743_007,D
2026-01-21 06:03:55.641113,1.6647,78.008,360.7,12.52,35.09,2902743,7,2902743_007,D
2026-01-21 06:03:55.641113,1.6647,78.008,388.6,11.57,34.8,2902743,7,2902743_007,D
2026-01-21 06:03:55.641113,1.6647,78.008,416.4,10.86,34.98,2902743,7,2902743_007,D
2026-01-21 06:03:55.641113,1.6647,78.008,444.3,10.35,34.89,2902743,7,2902743_007,D
2026-01-21 06:03:55.641113,1.6647,78.008,472.1,9.09,35.14,2902743,7,2902743_007,D
2026-01-21 06:03:55.641113,1.6647,78.008,500.0,8.68,34.86,2902743,7,2902743_007,D
2026-01-21 06:03:55.641113,1.6647,78.008,520.0,8.45,35.09,2902743,7,2902743_007,D
2026-01-21 06:03:55.641113,1.6647,78.008,581.7,8.67,34.96,2902743,7,2902743_007,D
2026-01-21 06:03:55.641113,1.6647,78.008,643.3,7.16,35.21,2902743,7,2902743_007,D
2026-01-21 06:03:55.641113,1.6647,78.008,705.0,7.77,34.95,2902743,7,2902743_007,D
2026-01-21 06:03:55.641113,1.6647,78.008,766.7,7.23,35.22,2902743,7,2902743_007,D
2026-01-21 06:03:55.641113,1.6647,78.008,828.3,7.37,34.95,2902743,7,2902743_007,D
2026-01-21 06:03:55.641113,1.6647,78.008,890.0,6.72,34.77,2902743,7,2902743_007,D
2026-01-21 06:03:55.641113,1.6647,78.008,951.7,6.62,35.05,2902743,7,2902743_007,D
2026-01-21 06:03:55.641113,1.6647,78.008,1013.3,6.12,35.17,2902743,7,2902743_007,D
2026-01-21 06:03:55.641113,1.6647,78.008,1075.0,5.93,35.31,2902743,7,2902743_007,D
2026-01-21 06:03:55.641113,1.6647,78.008,1136.7,6.12,34.88,2902743,7,2902743_007,D
2026-01-21 06:03:55.641113,1.6647,78.008,1198.3,5.78,35.25,2902743,7,2902743_007,D
2026-01-21 06:03:55.641113,1.6647,78.008,1260.0,5.63,34.81,2902743,7,2902743_007,D
2026-01-21 06:03:55.641113,1.6647,78.008,1321.7,5.03,34.96,2902743,7,2902743_007,D
2026-01-21 06:03:55.641113,1.6647,78.008,1383.3,5.39,34.98,2902743,7,2902743_007,D
2026-01-21 06:03:55.641113,1.6647,78.008,1445.0,5.06,34.98,2902743,7,2902743_007,D
2026-01-21 06:03:55.641113,1.6647,78.008,1506.7,4.93,35.29,2902743,7,2902743_007,D
2026-01-21 06:03:55.641113,1.6647,78.008,1568.3,4.31,35.07,2902743,7,2902743_007,D
2026-01-21 06:03:55.641113,1.6647,78.008,1630.0,3.94,34.85,2902743,7,2902743_007,D
2026-01-21 06:03:55.641113,1.6647,78.008,1691.7,3.79,34.9,2902743,7,2902743_007,D
2026-01-21 06:03:55.641113,1.6647,78.008,1753.3,3.11,34.94,2902743,7,2902743_007,D
2026-01-21 06:03:55.641113,1.6647,78.008,1815.0,2.8,34.98,2902743,7,2902743_007,D
2026-01-21 06:03:55.641113,1.6647,78.008,1876.7,3.45,34.78,2902743,7,2902743_007,D
2026-01-21 06:03:55.641113,1.6647,78.008,1938.3,2.61,34.87,2902743,7,2902743_007,D
2026-01-21 06:03:55.641113,1.6647,78.008,2000.0,1.94,35.04,2902743,7,2902743_007,D
2026-01-31 02:39:59.586307,1.5997,77.9231,5.0,27.78,35.56,2902743,8,2902743_008,D
2026-01-31 02:39:59.586307,1.5997,77.9231,11.8,28.85,35.42,2902743,8,2902743_008,D
2026-01-31 02:39:59.586307,1.5997,77.9231,18.6,28.32,35.48,2902743,8,2902743_008,D
2026-01-31 02:39:59.586307,1.5997,77.9231,25.4,27.64,35.36,2902743,8,2902743_008,D
2026-01-31 02:39:59.586307,1.5997,77.9231,32.1,27.02,34.74,2902743,8,2902743_008,D
2026-01-31 02:39:59.586307,1.5997,77.9231,38.9,26.51,34.78,2902743,8,2902743_008,D
2026-01-31 02:39:59.586307,1.5997,77.9231,45.7,26.4,34.86,2902743,8,2902743_008,D
2026-01-31 02:39:59.586307,1.5997,77.9231,52.5,26.44,34.81,2902743,8,2902743_008,D
2026-01-31 02:39:59.586307,1.5997,77.9231,59.3,25.6,34.77,2902743,8,2902743_008,D
2026-01-31 02:39:59.586307,1.5997,77.9231,66.1,25.48,34.81,2902743,8,2902743_008,D
2026-01-31 02:39:59.586307,1.5997,77.9231,72.9,24.5,35.07,2902743,8,2902743_008,D
2026-01-31 02:39:59.586307,1.5997,77.9231,79.6,24.2,35.11,2902743,8,2902743_008,D
2026-01-31 02:39:59.586307,1.5997,77.9231,86.4,23.44,34.98,2902743,8,2902743_008,D
2026-01-31 02:39:59.586307,1.5997,77.9231,93.2,22.79,35.12,2902743,8,2902743_008,D
2026-01-31 02:39:59.586307,1.5997,77.9231,100.0,22.19,35.13,2902743,8,2902743_008,D
2026-01-31 02:39:59.586307,1.5997,77.9231,110.0,21.5,35.12,2902743,8,2902743_008,D
2026-01-31 02:39:59.586307,1.5997,77.9231,137.9,18.91,35.05,2902743,8,2902743_008,D
2026-01-31 02:39:59.586307,1.5997,77.9231,165.7,18.11,35.31,2902743,8,2902743_008,D
2026-01-31 02:39:59.586307,1.5997,77.9231,193.6,17.15,35.32,2902743,8,2902743_008,D
2026-01-31 02:39:59.586307,1.5997,77.9231,221.4,15.96,34.82,2902743,8,2902743_008,D
2026-01-31 02:39:59.586307,1.5997,77.9231,249.3,15.35,35.08,2902743,8,2902743_008,D
2026-01-31 02:39:59.586307,1.5997,77.9231,277.1,14.83,34.93,2902743,8,2902743_008,D
2026-01-31 02:39:59.586307,1.5997,77.9231,305.0,13.96,35.29,2902743,8,2902743_008,D
2026-01-31 02:39:59.586307,1.5997,77.9231,332.9,13.35,34.93,2902743,8,2902743_008,D
2026-01-31 02:39:59.586307,1.5997,77.9231,360.7,12.78,35.06,2902743,8,2902743_008,D
2026-01-31 02:39:59.586307,1.5997,77.9231,388.6,11.67,34.91,2902743,8,2902743_008,D
2026-01-31 02:39:59.586307,1.5997,77.9231,416.4,10.65,35.12,2902743,8,2902743_008,D
2026-01-31 02:39:59.586307,1.5997,77.9231,444.3,10.44,34.99,2902743,8,2902743_008,D
2026-01-31 02:39:59.586307,1.5997,77.9231,472.1,9.52,34.83,2902743,8,2902743_008,D
2026-01-31 02:39:59.586307,1.5997,77.9231,500.0,8.82,35.24,2902743,8,2902743_008,D
2026-01-31 02:39:59.586307,1.5997,77.9231,520.0,8.18,35.0,2902743,8,2902743_008,D
2026-01-31 02:39:59.586307,1.5997,77.9231,581.7,7.58,35.13,2902743,8,2902743_008,D
2026-01-31 02:39:59.586307,1.5997,77.9231,643.3,7.35,34.57,2902743,8,2902743_008,D
2026-01-31 02:39:59.586307,1.5997,77.9231,705.0,7.39,34.98,2902743,8,2902743_008,D
2026-01-31 02:39:59.586307,1.5997,77.9231,766.7,7.32,35.09,2902743,8,2902743_008,D
2026-01-31 02:39:59.586307,1.5997,77.9231,828.3,7.24,35.01,2902743,8,2902743_008,D
2026-01-31 02:39:59.586307,1.5997,77.9231,890.0,7.38,34.97,2902743,8,2902743_008,D
2026-01-31 02:39:59.586307,1.5997,77.9231,951.7,6.78,35.09,2902743,8,2902743_008,D
2026-01-31 02:39:59.586307,1.5997,77.9231,1013.3,6.43,34.88,2902743,8,2902743_008,D
2026-01-31 02:39:59.586307,1.5997,77.9231,1075.0,6.26,34.9,2902743,8,2902743_008,D
2026-01-31 02:39:59.586307,1.5997,77.9231,1136.7,5.94,34.81,2902743,8,2902743_008,D
2026-01-31 02:39:59.586307,1.5997,77.9231,1198.3,6.21,35.08,2902743,8,2902743_008,D
2026-01-31 02:39:59.586307,1.5997,77.9231,1260.0,5.84,34.93,2902743,8,2902743_008,D
2026-01-31 02:39:59.586307,1.5997,77.9231,1321.7,5.74,34.99,2902743,8,2902743_008,D
2026-01-31 02:39:59.586307,1.5997,77.9231,1383.3,4.8,35.02,2902743,8,2902743_008,D
2026-01-31 02:39:59.586307,1.5997,77.9231,1445.0,4.8,34.88,2902743,8,2902743_008,D
2026-01-31 02:39:59.586307,1.5997,77.9231,1506.7,4.55,35.06,2902743,8,2902743_008,D
2026-01-31 02:39:59.586307,1.5997,77.9231,1568.3,3.79,34.92,2902743,8,2902743_008,D
2026-01-31 02:39:59.586307,1.5997,77.9231,1630.0,3.48,34.91,2902743,8,2902743_008,D
2026-01-31 02:39:59.586307,1.5997,77.9231,1691.7,3.81,34.8,2902743,8,2902743_008,D
2026-01-31 02:39:59.586307,1.5997,77.9231,1753.3,3.9,35.03,2902743,8,2902743_008,D
2026-01-31 02:39:59.586307,1.5997,77.9231,1815.0,2.93,35.0,2902743,8,2902743_008,D
2026-01-31 02:39:59.586307,1.5997,77.9231,1876.7,2.84,35.01,2902743,8,2902743_008,D
2026-01-31 02:39:59.586307,1.5997,77.9231,1938.3,2.68,34.98,2902743,8,2902743_008,D
2026-01-31 02:39:59.586307,1.5997,77.9231,2000.0,2.44,35.09,2902743,8,2902743_008,D
2026-02-10 14:33:31.096565,1.4853,77.768,5.0,28.55,35.39,2902743,9,2902743_009,D
2026-02-10 14:33:31.096565,1.4853,77.768,11.8,27.79,35.68,2902743,9,2902743_009,D
2026-02-10 14:33:31.096565,1.4853,77.768,18.6,27.73,35.59,2902743,9,2902743_009,D
2026-02-10 14:33:31.096565,1.4853,77.768,25.4,27.85,35.54,2902743,9,2902743_009,D
2026-02-10 14:33:31.096565,1.4853,77.768,32.1,27.49,34.94,2902743,9,2902743_009,D
2026-02-10 14:33:31.096565,1.4853,77.768,38.9,26.67,34.99,2902743,9,2902743_009,D
2026-02-10 14:33:31.096565,1.4853,77.768,45.7,26.39,34.95,2902743,9,2902743_009,D
2026-02-10 14:33:31.096565,1.4853,77.768,52.5,26.08,34.92,2902743,9,2902743_009,D
2026-02-10 14:33:31.096565,1.4853,77.768,59.3,25.82,34.95,2902743,9,2902743_009,D
2026-02-10 14:33:31.096565,1.4853,77.768,66.1,25.02,35.0,2902743,9,2902743_009,D
2026-02-10 14:33:31.096565,1.4853,77.768,72.9,24.52,34.96,2902743,9,2902743_009,D
2026-02-10 14:33:31.096565,1.4853,77.768,79.6,24.23,35.02,2902743,9,2902743_009,D
2026-02-10 14:33:31.096565,1.4853,77.768,86.4,23.35,34.93,2902743,9,2902743_009,D
2026-02-10 14:33:31.096565,1.4853,77.768,93.2,22.99,35.03,2902743,9,2902743_009,D
2026-02-10 14:33:31.096565,1.4853,77.768,100.0,22.28,35.14,2902743,9,2902743_009,D
2026-02-10 14:33:31.096565,1.4853,77.768,110.0,21.85,35.02,2902743,9,2902743_009,D
2026-02-10 14:33:31.096565,1.4853,77.768,137.9,19.19,35.14,2902743,9,2902743_009,D
2026-02-10 14:33:31.096565,1.4853,77.768,165.7,18.37,35.4,2902743,9,2902743_009,D
2026-02-10 14:33:31.096565,1.4853,77.768,193.6,17.23,35.56,2902743,9,2902743_009,D
2026-02-10 14:33:31.096565,1.4853,77.768,221.4,16.79,35.0,2902743,9,2902743_009,D
2026-02-10 14:33:31.096565,1.4853,77.768,249.3,16.13,34.96,2902743,9,2902743_009,D
2026-02-10 14:33:31.096565,1.4853,77.768,277.1,15.1,34.95,2902743,9,2902743_009,D
2026-02-10 14:33:31.096565,1.4853,77.768,305.0,14.42,34.76,2902743,9,2902743_009,D
2026-02-10 14:33:31.096565,1.4853,77.768,332.9,13.43,34.93,2902743,9,2902743_009,D
2026-02-10 14:33:31.096565,1.4853,77.768,360.7,12.36,34.98,2902743,9,2902743_009,D
2026-02-10 14:33:31.096565,1.4853,77.768,388.6,11.53,35.21,2902743,9,2902743_009,D
2026-02-10 14:33:31.096565,1.4853,77.768,416.4,10.95,35.0,2902743,9,2902743_009,D
2026-02-10 14:33:31.096565,1.4853,77.768,444.3,9.68,35.28,2902743,9,2902743_009,D
2026-02-10 14:33:31.096565,1.4853,77.768,472.1,9.09,34.89,2902743,9,2902743_009,D
2026-02-10 14:33:31.096565,1.4853,77.768,500.0,8.45,34.75,2902743,9,2902743_009,D
2026-02-10 14:33:31.096565,1.4853,77.768,520.0,8.38,35.27,2902743,9,2902743_009,D
2026-02-10 14:33:31.096565,1.4853,77.768,581.7,8.34,35.11,2902743,9,2902743_009,D
2026-02-10 14:33:31.096565,1.4853,77.768,643.3,7.7,35.15,2902743,9,2902743_009,D
2026-02-10 14:33:31.096565,1.4853,77.768,705.0,7.61,35.2,2902743,9,2902743_009,D
2026-02-10 14:33:31.096565,1.4853,77.768,766.7,7.54,35.04,2902743,9,2902743_009,D
2026-02-10 14:33:31.096565,1.4853,77.768,828.3,7.34,34.85,2902743,9,2902743_009,D
2026-02-10 14:33:31.096565,1.4853,77.768,890.0,6.96,35.2,2902743,9,2902743_009,D
2026-02-10 14:33:31.096565,1.4853,77.768,951.7,7.45,35.09,2902743,9,2902743_009,D
2026-02-10 14:33:31.096565,1.4853,77.768,1013.3,7.03,35.02,2902743,9,2902743_009,D
2026-02-10 14:33:31.096565,1.4853,77.768,1075.0,5.95,34.94,2902743,9,2902743_009,D
2026-02-10 14:33:31.096565,1.4853,77.768,1136.7,6.14,35.1,2902743,9,2902743_009,D
2026-02-10 14:33:31.096565,1.4853,77.768,1198.3,5.4,35.22,2902743,9,2902743_009,D
2026-02-10 14:33:31.096565,1.4853,77.768,1260.0,4.93,34.88,2902743,9,2902743_009,D
2026-02-10 14:33:31.096565,1.4853,77.768,1321.7,5.27,35.22,2902743,9,2902743_009,D
2026-02-10 14:33:31.096565,1.4853,77.768,1383.3,5.13,35.27,2902743,9,2902743_009,D
2026-02-10 14:33:31.096565,1.4853,77.768,1445.0,4.8,35.04,2902743,9,2902743_009,D
2026-02-10 14:33:31.096565,1.4853,77.768,1506.7,4.09,34.99,2902743,9,2902743_009,D
2026-02-10 14:33:31.096565,1.4853,77.768,1568.3,4.39,35.01,2902743,9,2902743_009,D
2026-02-10 14:33:31.096565,1.4853,77.768,1630.0,4.18,35.02,2902743,9,2902743_009,D
2026-02-10 14:33:31.096565,1.4853,77.768,1691.7,3.67,34.96,2902743,9,2902743_009,D
2026-02-10 14:33:31.096565,1.4853,77.768,1753.3,3.18,34.82,2902743,9,2902743_009,D
2026-02-10 14:33:31.096565,1.4853,77.768,1815.0,3.54,34.92,2902743,9,2902743_009,D
2026-02-10 14:33:31.096565,1.4853,77.768,1876.7,3.41,35.12,2902743,9,2902743_009,D
2026-02-10 14:33:31.096565,1.4853,77.768,1938.3,2.89,35.11,2902743,9,2902743_009,D
2026-02-10 14:33:31.096565,1.4853,77.768,2000.0,2.39,35.24,2902743,9,2902743_009,D
2025-11-03 14:52:30.994187,-15.2739,72.11,5.0,25.86,35.57,2902756,1,2902756_001,D
2025-11-03 14:52:30.994187,-15.2739,72.11,11.8,26.08,35.47,2902756,1,2902756_001,D
2025-11-03 14:52:30.994187,-15.2739,72.11,18.6,25.42,35.56,2902756,1,2902756_001,D
2025-11-03 14:52:30.994187,-15.2739,72.11,25.4,25.71,35.59,2902756,1,2902756_001,D
2025-11-03 14:52:30.994187,-15.2739,72.11,32.1,25.6,34.82,2902756,1,2902756_001,D
2025-11-03 14:52:30.994187,-15.2739,72.11,38.9,24.99,34.7,2902756,1,2902756_001,D
2025-11-03 14:52:30.994187,-15.2739,72.11,45.7,24.91,34.87,2902756,1,2902756_001,D
2025-11-03 14:52:30.994187,-15.2739,72.11,52.5,24.93,35.06,2902756,1,2902756_001,D
2025-11-03 14:52:30.994187,-15.2739,72.11,59.3,23.71,34.81,2902756,1,2902756_001,D
2025-11-03 14:52:30.994187,-15.2739,72.11,66.1,22.86,35.05,2902756,1,2902756_001,D
2025-11-03 14:52:30.994187,-15.2739,72.11,72.9,22.6,34.93,2902756,1,2902756_001,D
2025-11-03 14:52:30.994187,-15.2739,72.11,79.6,22.21,35.01,2902756,1,2902756_001,D
2025-11-03 14:52:30.994187,-15.2739,72.11,86.4,21.38,34.89,2902756,1,2902756_001,D
2025-11-03 14:52:30.994187,-15.2739,72.11,93.2,21.04,34.99,2902756,1,2902756_001,D
2025-11-03 14:52:30.994187,-15.2739,72.11,100.0,20.62,35.0,2902756,1,2902756_001,D
2025-11-03 14:52:30.994187,-15.2739,72.11,110.0,19.54,35.09,2902756,1,2902756_001,D
2025-11-03 14:52:30.994187,-15.2739,72.11,137.9,17.46,35.17,2902756,1,2902756_001,D
2025-11-03 14:52:30.994187,-15.2739,72.11,165.7,16.23,35.01,2902756,1,2902756_001,D
2025-11-03 14:52:30.994187,-15.2739,72.11,193.6,15.38,35.18,2902756,1,2902756_001,D
2025-11-03 14:52:30.994187,-15.2739,72.11,221.4,14.49,34.63,2902756,1,2902756_001,D
2025-11-03 14:52:30.994187,-15.2739,72.11,249.3,13.43,35.08,2902756,1,2902756_001,D
2025-11-03 14:52:30.994187,-15.2739,72.11,277.1,12.51,35.05,2902756,1,2902756_001,D
2025-11-03 14:52:30.994187,-15.2739,72.11,305.0,12.47,34.88,2902756,1,2902756_001,D
2025-11-03 14:52:30.994187,-15.2739,72.11,332.9,11.17,34.99,2902756,1,2902756_001,D
2025-11-03 14:52:30.994187,-15.2739,72.11,360.7,10.98,35.02,2902756,1,2902756_001,D
2025-11-03 14:52:30.994187,-15.2739,72.11,388.6,9.88,35.11,2902756,1,2902756_001,D
2025-11-03 14:52:30.994187,-15.2739,72.11,416.4,9.43,35.01,2902756,1,2902756_001,D
2025-11-03 14:52:30.994187,-15.2739,72.11,444.3,7.6,35.04,2902756,1,2902756_001,D
2025-11-03 14:52:30.994187,-15.2739,72.11,472.1,7.04,35.11,2902756,1,2902756_001,D
2025-11-03 14:52:30.994187,-15.2739,72.11,500.0,7.11,34.99,2902756,1,2902756_001,D
2025-11-03 14:52:30.994187,-15.2739,72.11,520.0,6.28,35.05,2902756,1,2902756_001,D
2025-11-03 14:52:30.994187,-15.2739,72.11,581.7,5.9,35.07,2902756,1,2902756_001,D
2025-11-03 14:52:30.994187,-15.2739,72.11,643.3,5.54,34.98,2902756,1,2902756_001,D
2025-11-03 14:52:30.994187,-15.2739,72.11,705.0,6.29,34.9,2902756,1,2902756_001,D
2025-11-03 14:52:30.994187,-15.2739,72.11,766.7,5.34,34.98,2902756,1,2902756_001,D
2025-11-03 14:52:30.994187,-15.2739,72.11,828.3,5.12,34.79,2902756,1,2902756_001,D
2025-11-03 14:52:30.994187,-15.2739,72.11,890.0,4.69,34.68,2902756,1,2902756_001,D
2025-11-03 14:52:30.994187,-15.2739,72.11,951.7,5.2,34.84,2902756,1,2902756_001,D
2025-11-03 14:52:30.994187,-15.2739,72.11,1013.3,4.91,35.13,2902756,1,2902756_001,D
2025-11-03 14:52:30.994187,-15.2739,72.11,1075.0,3.68,35.16,2902756,1,2902756_001,D
2025-11-03 14:52:30.994187,-15.2739,72.11,1136.7,4.09,35.18,2902756,1,2902756_001,D
2025-11-03 14:52:30.994187,-15.2739,72.11,1198.3,3.57,34.83,2902756,1,2902756_001,D
2025-11-03 14:52:30.994187,-15.2739,72.11,1260.0,3.72,34.63,2902756,1,2902756_001,D
2025-11-03 14:52:30.994187,-15.2739,72.11,1321.7,3.91,34.91,2902756,1,2902756_001,D
2025-11-03 14:52:30.994187,-15.2739,72.11,1383.3,3.41,34.92,2902756,1,2902756_001,D
2025-11-03 14:52:30.994187,-15.2739,72.11,1445.0,2.7,35.05,2902756,1,2902756_001,D
2025-11-03 14:52:30.994187,-15.2739,72.11,1506.7,2.01,34.76,2902756,1,2902756_001,D
2025-11-03 14:52:30.994187,-15.2739,72.11,1568.3,2.29,34.96,2902756,1,2902756_001,D
2025-11-03 14:52:30.994187,-15.2739,72.11,1630.0,1.97,34.97,2902756,1,2902756_001,D
2025-11-03 14:52:30.994187,-15.2739,72.11,1691.7,1.9,35.14,2902756,1,2902756_001,D
2025-11-03 14:52:30.994187,-15.2739,72.11,1753.3,1.15,34.94,2902756,1,2902756_001,D
2025-11-03 14:52:30.994187,-15.2739,72.11,1815.0,1.36,35.2,2902756,1,2902756_001,D
2025-11-03 14:52:30.994187,-15.2739,72.11,1876.7,1.19,35.07,2902756,1,2902756_001,D
2025-11-03 14:52:30.994187,-15.2739,72.11,1938.3,0.4,35.04,2902756,1,2902756_001,D
2025-11-03 14:52:30.994187,-15.2739,72.11,2000.0,0.31,35.1,2902756,1,2902756_001,D
2025-11-13 13:43:15.234753,-15.3116,72.068,5.0,26.15,35.53,2902756,2,2902756_002,D
2025-11-13 13:43:15.234753,-15.3116,72.068,11.8,26.88,35.58,2902756,2,2902756_002,D
2025-11-13 13:43:15.234753,-15.3116,72.068,18.6,25.99,35.55,2902756,2,2902756_002,D
2025-11-13 13:43:15.234753,-15.3116,72.068,25.4,25.44,35.49,2902756,2,2902756_002,D
2025-11-13 13:43:15.234753,-15.3116,72.068,32.1,25.32,34.79,2902756,2,2902756_002,D
2025-11-13 13:43:15.234753,-15.3116,72.068,38.9,25.23,34.77,2902756,2,2902756_002,D
2025-11-13 13:43:15.234753,-15.3116,72.068,45.7,24.0,34.95,2902756,2,2902756_002,D
2025-11-13 13:43:15.234753,-15.3116,72.068,52.5,24.4,34.94,2902756,2,2902756_002,D
2025-11-13 13:43:15.234753,-15.3116,72.068,59.3,23.66,34.79,2902756,2,2902756_002,D
2025-11-13 13:43:15.234753,-15.3116,72.068,66.1,23.16,34.92,2902756,2,2902756_002,D
2025-11-13 13:43:15.234753,-15.3116,72.068,72.9,22.03,34.96,2902756,2,2902756_002,D
2025-11-13 13:43:15.234753,-15.3116,72.068,79.6,22.03,34.87,2902756,2,2902756_002,D
2025-11-13 13:43:15.234753,-15.3116,72.068,86.4,21.49,34.79,2902756,2,2902756_002,D
2025-11-13 13:43:15.234753,-15.3116,72.068,93.2,21.18,34.97,2902756,2,2902756_002,D
2025-11-13 13:43:15.234753,-15.3116,72.068,100.0,19.91,34.95,2902756,2,2902756_002,D
2025-11-13 13:43:15.234753,-15.3116,72.068,110.0,19.68,34.87,2902756,2,2902756_002,D
2025-11-13 13:43:15.234753,-15.3116,72.068,137.9,17.57,35.16,2902756,2,2902756_002,D
2025-11-13 13:43:15.234753,-15.3116,72.068,165.7,15.86,35.25,2902756,2,2902756_002,D
2025-11-13 13:43:15.234753,-15.3116,72.068,193.6,14.98,35.45,2902756,2,2902756_002,D
2025-11-13 13:43:15.234753,-15.3116,72.068,221.4,14.21,35.1,2902756,2,2902756_002,D
2025-11-13 13:43:15.234753,-15.3116,72.068,249.3,13.42,34.92,2902756,2,2902756_002,D
2025-11-13 13:43:15.234753,-15.3116,72.068,277.1,13.16,34.86,2902756,2,2902756_002,D
2025-11-13 13:43:15.234753,-15.3116,72.068,305.0,11.47,34.82,2902756,2,2902756_002,D
2025-11-13 13:43:15.234753,-15.3116,72.068,332.9,11.49,34.79,2902756,2,2902756_002,D
2025-11-13 13:43:15.234753,-15.3116,72.068,360.7,10.24,34.95,2902756,2,2902756_002,D
2025-11-13 13:43:15.234753,-15.3116,72.068,388.6,9.25,35.11,2902756,2,2902756_002,D
2025-11-13 13:43:15.234753,-15.3116,72.068,416.4,9.08,34.9,2902756,2,2902756_002,D
2025-11-13 13:43:15.234753,-15.3116,72.068,444.3,8.52,34.91,2902756,2,2902756_002,D
2025-11-13 13:43:15.234753,-15.3116,72.068,472.1,6.79,34.82,2902756,2,2902756_002,D
2025-11-13 13:43:15.234753,-15.3116,72.068,500.0,6.4,34.97,2902756,2,2902756_002,D
2025-11-13 13:43:15.234753,-15.3116,72.068,520.0,6.2,35.18,2902756,2,2902756_002,D
2025-11-13 13:43:15.234753,-15.3116,72.068,581.7,6.06,34.87,2902756,2,2902756_002,D
2025-11-13 13:43:15.234753,-15.3116,72.068,643.3,5.6,35.09,2902756,2,2902756_002,D
2025-11-13 13:43:15.234753,-15.3116,72.068,705.0,5.83,34.86,2902756,2,2902756_002,D
2025-11-13 13:43:15.234753,-15.3116,72.068,766.7,5.66,35.19,2902756,2,2902756_002,D
2025-11-13 13:43:15.234753,-15.3116,72.068,828.3,4.9,34.94,2902756,2,2902756_002,D
2025-11-13 13:43:15.234753,-15.3116,72.068,890.0,5.47,35.21,2902756,2,2902756_002,D
2025-11-13 13:43:15.234753,-15.3116,72.068,951.7,4.51,35.16,2902756,2,2902756_002,D
2025-11-13 13:43:15.234753,-15.3116,72.068,1013.3,4.08,34.78,2902756,2,2902756_002,D
2025-11-13 13:43:15.234753,-15.3116,72.068,1075.0,4.23,35.02,2902756,2,2902756_002,D
2025-11-13 13:43:15.234753,-15.3116,72.068,1136.7,3.95,35.03,2902756,2,2902756_002,D
2025-11-13 13:43:15.234753,-15.3116,72.068,1198.3,3.88,34.81,2902756,2,2902756_002,D
2025-11-13 13:43:15.234753,-15.3116,72.068,1260.0,3.53,34.86,2902756,2,2902756_002,D
2025-11-13 13:43:15.234753,-15.3116,72.068,1321.7,2.53,34.82,2902756,2,2902756_002,D
2025-11-13 13:43:15.234753,-15.3116,72.068,1383.3,3.06,35.14,2902756,2,2902756_002,D
2025-11-13 13:43:15.234753,-15.3116,72.068,1445.0,2.61,34.71,2902756,2,2902756_002,D
2025-11-13 13:43:15.234753,-15.3116,72.068,1506.7,2.23,34.98,2902756,2,2902756_002,D
2025-11-13 13:43:15.234753,-15.3116,72.068,1568.3,2.29,35.06,2902756,2,2902756_002,D
2025-11-13 13:43:15.234753,-15.3116,72.068,1630.0,2.21,34.88,2902756,2,2902756_002,D
2025-11-13 13:43:15.234753,-15.3116,72.068,1691.7,1.73,35.05,2902756,2,2902756_002,D
2025-11-13 13:43:15.234753,-15.3116,72.068,1753.3,1.75,35.15,2902756,2,2902756_002,D
2025-11-13 13:43:15.234753,-15.3116,72.068,1815.0,1.2,34.86,2902756,2,2902756_002,D
2025-11-13 13:43:15.234753,-15.3116,72.068,1876.7,1.35,34.95,2902756,2,2902756_002,D
2025-11-13 13:43:15.234753,-15.3116,72.068,1938.3,1.02,34.77,2902756,2,2902756_002,D
2025-11-13 13:43:15.234753,-15.3116,72.068,2000.0,0.19,35.0,2902756,2,2902756_002,D
2025-11-23 07:16:15.050163,-15.3832,72.111,5.0,26.28,35.43,2902756,3,2902756_003,D
2025-11-23 07:16:15.050163,-15.3832,72.111,11.8,26.34,35.41,2902756,3,2902756_003,D
2025-11-23 07:16:15.050163,-15.3832,72.111,18.6,25.58,35.43,2902756,3,2902756_003,D
2025-11-23 07:16:15.050163,-15.3832,72.111,25.4,25.19,35.5,2902756,3,2902756_003,D
2025-11-23 07:16:15.050163,-15.3832,72.111,32.1,25.11,34.95,2902756,3,2902756_003,D
2025-11-23 07:16:15.050163,-15.3832,72.111,38.9,24.81,34.92,2902756,3,2902756_003,D
2025-11-23 07:16:15.050163,-15.3832,72.111,45.7,25.39,34.81,2902756,3,2902756_003,D
2025-11-23 07:16:15.050163,-15.3832,72.111,52.5,24.43,34.85,2902756,3,2902756_003,D
2025-11-23 07:16:15.050163,-15.3832,72.111,59.3,23.86,35.0,2902756,3,2902756_003,D
2025-11-23 07:16:15.050163,-15.3832,72.111,66.1,22.87,34.75,2902756,3,2902756_003,D
2025-11-23 07:16:15.050163,-15.3832,72.111,72.9,23.24,35.06,2902756,3,2902756_003,D
2025-11-23 07:16:15.050163,-15.3832,72.111,79.6,21.74,35.15,2902756,3,2902756_003,D
2025-11-23 07:16:15.050163,-15.3832,72.111,86.4,22.0,34.98,2902756,3,2902756_003,D
2025-11-23 07:16:15.050163,-15.3832,72.111,93.2,20.79,34.9,2902756,3,2902756_003,D
2025-11-23 07:16:15.050163,-15.3832,72.111,100.0,20.88,35.07,2902756,3,2902756_003,D
2025-11-23 07:16:15.050163,-15.3832,72.111,110.0,19.62,34.95,2902756,3,2902756_003,D
2025-11-23 07:16:15.050163,-15.3832,72.111,137.9,17.49,35.16,2902756,3,2902756_003,D
2025-11-23 07:16:15.050163,-15.3832,72.111,165.7,16.19,35.09,2902756,3,2902756_003,D
2025-11-23 07:16:15.050163,-15.3832,72.111,193.6,15.08,35.13,2902756,3,2902756_003,D
2025-11-23 07:16:15.050163,-15.3832,72.111,221.4,14.44,35.12,2902756,3,2902756_003,D
2025-11-23 07:16:15.050163,-15.3832,72.111,249.3,13.58,35.12,2902756,3,2902756_003,D
2025-11-23 07:16:15.050163,-15.3832,72.111,277.1,12.6,34.91,2902756,3,2902756_003,D
2025-11-23 07:16:15.050163,-15.3832,72.111,305.0,12.73,34.99,2902756,3,2902756_003,D
2025-11-23 07:16:15.050163,-15.3832,72.111,332.9,11.73,34.88,2902756,3,2902756_003,D
2025-11-23 07:16:15.050163,-15.3832,72.111,360.7,10.15,35.03,2902756,3,2902756_003,D
2025-11-23 07:16:15.050163,-15.3832,72.111,388.6,9.81,34.85,2902756,3,2902756_003,D
2025-11-23 07:16:15.050163,-15.3832,72.111,416.4,9.51,34.96,2902756,3,2902756_003,D
2025-11-23 07:16:15.050163,-15.3832,72.111,444.3,7.91,34.98,2902756,3,2902756_003,D
2025-11-23 07:16:15.050163,-15.3832,72.111,472.1,7.21,34.85,2902756,3,2902756_003,D
2025-11-23 07:16:15.050163,-15.3832,72.111,500.0,6.46,35.01,2902756,3,2902756_003,D
2025-11-23 07:16:15.050163,-15.3832,72.111,520.0,6.56,34.84,2902756,3,2902756_003,D
2025-11-23 07:16:15.050163,-15.3832,72.111,581.7,6.35,34.87,2902756,3,2902756_003,D
2025-11-23 07:16:15.050163,-15.3832,72.111,643.3,5.95,35.09,2902756,3,2902756_003,D
2025-11-23 07:16:15.050163,-15.3832,72.111,705.0,5.49,34.97,2902756,3,2902756_003,D
2025-11-23 07:16:15.050163,-15.3832,72.111,766.7,5.03,35.08,2902756,3,2902756_003,D
2025-11-23 07:16:15.050163,-15.3832,72.111,828.3,5.35,34.92,2902756,3,2902756_003,D
2025-11-23 07:16:15.050163,-15.3832,72.111,890.0,5.38,35.2,2902756,3,2902756_003,D
2025-11-23 07:16:15.050163,-15.3832,72.111,951.7,4.37,34.82,2902756,3,2902756_003,D
2025-11-23 07:16:15.050163,-15.3832,72.111,1013.3,4.17,35.15,2902756,3,2902756_003,D
2025-11-23 07:16:15.050163,-15.3832,72.111,1075.0,4.22,34.82,2902756,3,2902756_003,D
2025-11-23 07:16:15.050163,-15.3832,72.111,1136.7,3.42,34.78,2902756,3,2902756_003,D
2025-11-23 07:16:15.050163,-15.3832,72.111,1198.3,3.62,34.9,2902756,3,2902756_003,D
2025-11-23 07:16:15.050163,-15.3832,72.111,1260.0,3.82,34.93,2902756,3,2902756_003,D
2025-11-23 07:16:15.050163,-15.3832,72.111,1321.7,3.4,34.86,2902756,3,2902756_003,D
2025-11-23 07:16:15.050163,-15.3832,72.111,1383.3,2.85,35.0,2902756,3,2902756_003,D
2025-11-23 07:16:15.050163,-15.3832,72.111,1445.0,2.77,34.91,2902756,3,2902756_003,D
2025-11-23 07:16:15.050163,-15.3832,72.111,1506.7,2.99,35.14,2902756,3,2902756_003,D
2025-11-23 07:16:15.050163,-15.3832,72.111,1568.3,2.46,34.85,2902756,3,2902756_003,D
2025-11-23 07:16:15.050163,-15.3832,72.111,1630.0,2.67,34.96,2902756,3,2902756_003,D
2025-11-23 07:16:15.050163,-15.3832,72.111,1691.7,1.45,34.95,2902756,3,2902756_003,D
2025-11-23 07:16:15.050163,-15.3832,72.111,1753.3,1.75,34.97,2902756,3,2902756_003,D
2025-11-23 07:16:15.050163,-15.3832,72.111,1815.0,1.49,34.95,2902756,3,2902756_003,D
2025-11-23 07:16:15.050163,-15.3832,72.111,1876.7,0.72,35.27,2902756,3,2902756_003,D
2025-11-23 07:16:15.050163,-15.3832,72.111,1938.3,0.63,35.17,2902756,3,2902756_003,D
2025-11-23 07:16:15.050163,-15.3832,72.111,2000.0,0.45,35.26,2902756,3,2902756_003,D
2025-12-03 14:05:27.818621,-15.3372,72.0305,5.0,25.91,35.58,2902756,4,2902756_004,D
2025-12-03 14:05:27.818621,-15.3372,72.0305,11.8,25.71,35.35,2902756,4,2902756_004,D
2025-12-03 14:05:27.818621,-15.3372,72.0305,18.6,26.32,35.75,2902756,4,2902756_004,D
2025-12-03 14:05:27.818621,-15.3372,72.0305,25.4,25.38,35.37,2902756,4,2902756_004,D
2025-12-03 14:05:27.818621,-15.3372,72.0305,32.1,25.28,34.67,2902756,4,2902756_004,D
2025-12-03 14:05:27.818621,-15.3372,72.0305,38.9,24.76,35.0,2902756,4,2902756_004,D
2025-12-03 14:05:27.818621,-15.3372,72.0305,45.7,24.62,34.96,2902756,4,2902756_004,D
2025-12-03 14:05:27.818621,-15.3372,72.0305,52.5,24.74,34.85,2902756,4,2902756_004,D
2025-12-03 14:05:27.818621,-15.3372,72.0305,59.3,23.6,34.76,2902756,4,2902756_004,D
2025-12-03 14:05:27.818621,-15.3372,72.0305,66.1,22.93,34.88,2902756,4,2902756_004,D
2025-12-03 14:05:27.818621,-15.3372,72.0305,72.9,22.64,34.93,2902756,4,2902756_004,D
2025-12-03 14:05:27.818621,-15.3372,72.0305,79.6,22.43,34.96,2902756,4,2902756_004,D
2025-12-03 14:05:27.818621,-15.3372,72.0305,86.4,21.16,34.84,2902756,4,2902756_004,D
2025-12-03 14:05:27.818621,-15.3372,72.0305,93.2,20.83,34.83,2902756,4,2902756_004,D
2025-12-03 14:05:27.818621,-15.3372,72.0305,100.0,20.2,35.04,2902756,4,2902756_004,D
2025-12-03 14:05:27.818621,-15.3372,72.0305,110.0,19.38,35.0,2902756,4,2902756_004,D
2025-12-03 14:05:27.818621,-15.3372,72.0305,137.9,17.8,34.98,2902756,4,2902756_004,D
2025-12-03 14:05:27.818621,-15.3372,72.0305,165.7,16.07,35.17,2902756,4,2902756_004,D
2025-12-03 14:05:27.818621,-15.3372,72.0305,193.6,15.06,35.12,2902756,4,2902756_004,D
2025-12-03 14:05:27.818621,-15.3372,72.0305,221.4,14.48,35.05,2902756,4,2902756_004,D
2025-12-03 14:05:27.818621,-15.3372,72.0305,249.3,13.83,34.98,2902756,4,2902756_004,D
2025-12-03 14:05:27.818621,-15.3372,72.0305,277.1,12.34,35.0,2902756,4,2902756_004,D
2025-12-03 14:05:27.818621,-15.3372,72.0305,305.0,12.74,35.02,2902756,4,2902756_004,D
2025-12-03 14:05:27.818621,-15.3372,72.0305,332.9,10.7,34.96,2902756,4,2902756_004,D
2025-12-03 14:05:27.818621,-15.3372,72.0305,360.7,10.4,35.05,2902756,4,2902756_004,D
2025-12-03 14:05:27.818621,-15.3372,72.0305,388.6,10.2,35.23,2902756,4,2902756_004,D
2025-12-03 14:05:27.818621,-15.3372,72.0305,416.4,8.6,34.87,2902756,4,2902756_004,D
2025-12-03 14:05:27.818621,-15.3372,72.0305,444.3,8.27,35.01,2902756,4,2902756_004,D
2025-12-03 14:05:27.818621,-15.3372,72.0305,472.1,6.86,35.29,2902756,4,2902756_004,D
2025-12-03 14:05:27.818621,-15.3372,72.0305,500.0,6.31,34.76,2902756,4,2902756_004,D
2025-12-03 14:05:27.818621,-15.3372,72.0305,520.0,6.88,34.99,2902756,4,2902756_004,D
2025-12-03 14:05:27.818621,-15.3372,72.0305,581.7,5.94,34.97,2902756,4,2902756_004,D
2025-12-03 14:05:27.818621,-15.3372,72.0305,643.3,6.2,35.11,2902756,4,2902756_004,D
2025-12-03 14:05:27.818621,-15.3372,72.0305,705.0,5.37,34.72,2902756,4,2902756_004,D
2025-12-03 14:05:27.818621,-15.3372,72.0305,766.7,4.83,34.9,2902756,4,2902756_004,D
2025-12-03 14:05:27.818621,-15.3372,72.0305,828.3,5.3,34.95,2902756,4,2902756_004,D
2025-12-03 14:05:27.818621,-15.3372,72.0305,890.0,5.25,35.27,2902756,4,2902756_004,D
2025-12-03 14:05:27.818621,-15.3372,72.0305,951.7,4.7,34.7,2902756,4,2902756_004,D
2025-12-03 14:05:27.818621,-15.3372,72.0305,1013.3,4.65,34.97,2902756,4,2902756_004,D
2025-12-03 14:05:27.818621,-15.3372,72.0305,1075.0,4.46,35.14,2902756,4,2902756_004,D
2025-12-03 14:05:27.818621,-15.3372,72.0305,1136.7,3.58,34.83,2902756,4,2902756_004,D
2025-12-03 14:05:27.818621,-15.3372,72.0305,1198.3,3.79,34.96,2902756,4,2902756_004,D
2025-12-03 14:05:27.818621,-15.3372,72.0305,1260.0,4.2,34.94,2902756,4,2902756_004,D
2025-12-03 14:05:27.818621,-15.3372,72.0305,1321.7,2.94,34.91,2902756,4,2902756_004,D
2025-12-03 14:05:27.818621,-15.3372,72.0305,1383.3,3.0,34.86,2902756,4,2902756_004,D
2025-12-03 14:05:27.818621,-15.3372,72.0305,1445.0,3.19,35.0,2902756,4,2902756_004,D
2025-12-03 14:05:27.818621,-15.3372,72.0305,1506.7,1.87,34.9,2902756,4,2902756_004,D
2025-12-03 14:05:27.818621,-15.3372,72.0305,1568.3,2.49,35.07,2902756,4,2902756_004,D
2025-12-03 14:05:27.818621,-15.3372,72.0305,1630.0,2.31,34.92,2902756,4,2902756_004,D
2025-12-03 14:05:27.818621,-15.3372,72.0305,1691.7,1.73,35.02,2902756,4,2902756_004,D
2025-12-03 14:05:27.818621,-15.3372,72.0305,1753.3,0.67,35.0,2902756,4,2902756_004,D
2025-12-03 14:05:27.818621,-15.3372,72.0305,1815.0,1.45,34.83,2902756,4,2902756_004,D
2025-12-03 14:05:27.818621,-15.3372,72.0305,1876.7,0.99,34.85,2902756,4,2902756_004,D
2025-12-03 14:05:27.818621,-15.3372,72.0305,1938.3,0.3,34.74,2902756,4,2902756_004,D
2025-12-03 14:05:27.818621,-15.3372,72.0305,2000.0,0.25,35.2,2902756,4,2902756_004,D
2025-12-12 10:14:14.631045,-15.3495,72.2963,5.0,26.7,35.51,2902756,5,2902756_005,D
2025-12-12 10:14:14.631045,-15.3495,72.2963,11.8,26.47,35.54,2902756,5,2902756_005,D
2025-12-12 10:14:14.631045,-15.3495,72.2963,18.6,25.46,35.36,2902756,5,2902756_005,D
2025-12-12 10:14:14.631045,-15.3495,72.2963,25.4,25.68,35.46,2902756,5,2902756_005,D
2025-12-12 10:14:14.631045,-15.3495,72.2963,32.1,25.01,34.78,2902756,5,2902756_005,D
2025-12-12 10:14:14.631045,-15.3495,72.2963,38.9,24.52,34.88,2902756,5,2902756_005,D
2025-12-12 10:14:14.631045,-15.3495,72.2963,45.7,25.27,34.75,2902756,5,2902756_005,D
2025-12-12 10:14:14.631045,-15.3495,72.2963,52.5,24.17,34.79,2902756,5,2902756_005,D
2025-12-12 10:14:14.631045,-15.3495,72.2963,59.3,23.48,35.04,2902756,5,2902756_005,D
2025-12-12 10:14:14.631045,-15.3495,72.2963,66.1,23.29,34.93,2902756,5,2902756_005,D
2025-12-12 10:14:14.631045,-15.3495,72.2963,72.9,22.89,34.96,2902756,5,2902756_005,D
2025-12-12 10:14:14.631045,-15.3495,72.2963,79.6,21.8,34.94,2902756,5,2902756_005,D
2025-12-12 10:14:14.631045,-15.3495,72.2963,86.4,21.45,34.93,2902756,5,2902756_005,D
2025-12-12 10:14:14.631045,-15.3495,72.2963,93.2,21.65,34.86,2902756,5,2902756_005,D
2025-12-12 10:14:14.631045,-15.3495,72.2963,100.0,19.74,34.95,2902756,5,2902756_005,D
2025-12-12 10:14:14.631045,-15.3495,72.2963,110.0,19.28,35.02,2902756,5,2902756_005,D
2025-12-12 10:14:14.631045,-15.3495,72.2963,137.9,17.44,35.13,2902756,5,2902756_005,D
2025-12-12 10:14:14.631045,-15.3495,72.2963,165.7,17.06,35.17,2902756,5,2902756_005,D
2025-12-12 10:14:14.631045,-15.3495,72.2963,193.6,15.17,35.27,2902756,5,2902756_005,D
2025-12-12 10:14:14.631045,-15.3495,72.2963,221.4,14.76,34.98,2902756,5,2902756_005,D
2025-12-12 10:14:14.631045,-15.3495,72.2963,249.3,13.67,35.06,2902756,5,2902756_005,D
2025-12-12 10:14:14.631045,-15.3495,72.2963,277.1,12.67,34.84,2902756,5,2902756_005,D
2025-12-12 10:14:14.631045,-15.3495,72.2963,305.0,12.16,34.91,2902756,5,2902756_005,D
2025-12-12 10:14:14.631045,-15.3495,72.2963,332.9,11.44,34.76,2902756,5,2902756_005,D
2025-12-12 10:14:14.631045,-15.3495,72.2963,360.7,10.74,34.89,2902756,5,2902756_005,D
2025-12-12 10:14:14.631045,-15.3495,72.2963,388.6,9.86,35.04,2902756,5,2902756_005,D
2025-12-12 10:14:14.631045,-15.3495,72.2963,416.4,8.68,35.02,2902756,5,2902756_005,D
2025-12-12 10:14:14.631045,-15.3495,72.2963,444.3,7.99,34.83,2902756,5,2902756_005,D
2025-12-12 10:14:14.631045,-15.3495,72.2963,472.1,7.57,34.95,2902756,5,2902756_005,D
2025-12-12 10:14:14.631045,-15.3495,72.2963,500.0,6.38,34.77,2902756,5,2902756_005,D
2025-12-12 10:14:14.631045,-15.3495,72.2963,520.0,6.04,35.14,2902756,5,2902756_005,D
2025-12-12 10:14:14.631045,-15.3495,72.2963,581.7,5.89,35.08,2902756,5,2902756_005,D
2025-12-12 10:14:14.631045,-15.3495,72.2963,643.3,5.84,35.02,2902756,5,2902756_005,D
2025-12-12 10:14:14.631045,-15.3495,72.2963,705.0,5.42,34.74,2902756,5,2902756_005,D
2025-12-12 10:14:14.631045,-15.3495,72.2963,766.7,5.65,35.26,2902756,5,2902756_005,D
2025-12-12 10:14:14.631045,-15.3495,72.2963,828.3,4.96,35.0,2902756,5,2902756_005,D
2025-12-12 10:14:14.631045,-15.3495,72.2963,890.0,5.12,35.24,2902756,5,2902756_005,D
2025-12-12 10:14:14.631045,-15.3495,72.2963,951.7,5.05,35.09,2902756,5,2902756_005,D
2025-12-12 10:14:14.631045,-15.3495,72.2963,1013.3,4.28,34.89,2902756,5,2902756_005,D
2025-12-12 10:14:14.631045,-15.3495,72.2963,1075.0,4.3,35.01,2902756,5,2902756_005,D
2025-12-12 10:14:14.631045,-15.3495,72.2963,1136.7,4.06,34.92,2902756,5,2902756_005,D
2025-12-12 10:14:14.631045,-15.3495,72.2963,1198.3,3.71,34.83,2902756,5,2902756_005,D
2025-12-12 10:14:14.631045,-15.3495,72.2963,1260.0,3.62,35.05,2902756,5,2902756_005,D
2025-12-12 10:14:14.631045,-15.3495,72.2963,1321.7,3.42,34.91,2902756,5,2902756_005,D
2025-12-12 10:14:14.631045,-15.3495,72.2963,1383.3,2.96,34.85,2902756,5,2902756_005,D
2025-12-12 10:14:14.631045,-15.3495,72.2963,1445.0,2.29,35.14,2902756,5,2902756_005,D
2025-12-12 10:14:14.631045,-15.3495,72.2963,1506.7,2.55,35.26,2902756,5,2902756_005,D
2025-12-12 10:14:14.631045,-15.3495,72.2963,1568.3,2.09,35.07,2902756,5,2902756_005,D
2025-12-12 10:14:14.631045,-15.3495,72.2963,1630.0,2.34,35.01,2902756,5,2902756_005,D
2025-12-12 10:14:14.631045,-15.3495,72.2963,1691.7,2.23,34.72,2902756,5,2902756_005,D
2025-12-12 10:14:14.631045,-15.3495,72.2963,1753.3,1.25,34.94,2902756,5,2902756_005,D
2025-12-12 10:14:14.631045,-15.3495,72.2963,1815.0,1.35,35.08,2902756,5,2902756_005,D
2025-12-12 10:14:14.631045,-15.3495,72.2963,1876.7,0.59,34.94,2902756,5,2902756_005,D
2025-12-12 10:14:14.631045,-15.3495,72.2963,1938.3,0.58,35.16,2902756,5,2902756_005,D
2025-12-12 10:14:14.631045,-15.3495,72.2963,2000.0,0.21,35.09,2902756,5,2902756_005,D
2025-12-23 09:52:22.684429,-15.1329,72.331,5.0,26.41,35.32,2902756,6,2902756_006,D
2025-12-23 09:52:22.684429,-15.1329,72.331,11.8,26.59,35.59,2902756,6,2902756_006,D
2025-12-23 09:52:22.684429,-15.1329,72.331,18.6,25.84,35.51,2902756,6,2902756_006,D
2025-12-23 09:52:22.684429,-15.1329,72.331,25.4,25.94,35.56,2902756,6,2902756_006,D
2025-12-23 09:52:22.684429,-15.1329,72.331,32.1,25.22,34.81,2902756,6,2902756_006,D
2025-12-23 09:52:22.684429,-15.1329,72.331,38.9,25.45,34.78,2902756,6,2902756_006,D
2025-12-23 09:52:22.684429,-15.1329,72.331,45.7,25.0,34.94,2902756,6,2902756_006,D
2025-12-23 09:52:22.684429,-15.1329,72.331,52.5,24.44,34.68,2902756,6,2902756_006,D
2025-12-23 09:52:22.684429,-15.1329,72.331,59.3,23.66,35.01,2902756,6,2902756_006,D
2025-12-23 09:52:22.684429,-15.1329,72.331,66.1,23.04,34.97,2902756,6,2902756_006,D
2025-12-23 09:52:22.684429,-15.1329,72.331,72.9,23.03,34.98,2902756,6,2902756_006,D
2025-12-23 09:52:22.684429,-15.1329,72.331,79.6,21.91,35.07,2902756,6,2902756_006,D
2025-12-23 09:52:22.684429,-15.1329,72.331,86.4,21.85,34.88,2902756,6,2902756_006,D
2025-12-23 09:52:22.684429,-15.1329,72.331,93.2,21.21,35.05,2902756,6,2902756_006,D
2025-12-23 09:52:22.684429,-15.1329,72.331,100.0,20.06,34.97,2902756,6,2902756_006,D
2025-12-23 09:52:22.684429,-15.1329,72.331,110.0,19.43,35.14,2902756,6,2902756_006,D
2025-12-23 09:52:22.684429,-15.1329,72.331,137.9,17.17,35.05,2902756,6,2902756_006,D
2025-12-23 09:52:22.684429,-15.1329,72.331,165.7,16.1,35.11,2902756,6,2902756_006,D
2025-12-23 09:52:22.684429,-15.1329,72.331,193.6,15.16,35.32,2902756,6,2902756_006,D
2025-12-23 09:52:22.684429,-15.1329,72.331,221.4,14.42,34.78,2902756,6,2902756_006,D
2025-12-23 09:52:22.684429,-15.1329,72.331,249.3,12.99,35.12,2902756,6,2902756_006,D
2025-12-23 09:52:22.684429,-15.1329,72.331,277.1,12.91,34.85,2902756,6,2902756_006,D
2025-12-23 09:52:22.684429,-15.1329,72.331,305.0,11.88,35.16,2902756,6,2902756_006,D
2025-12-23 09:52:22.684429,-15.1329,72.331,332.9,10.73,34.86,2902756,6,2902756_006,D
2025-12-23 09:52:22.684429,-15.1329,72.331,360.7,10.63,35.05,2902756,6,2902756_006,D
2025-12-23 09:52:22.684429,-15.1329,72.331,388.6,9.79,35.13,2902756,6,2902756_006,D
2025-12-23 09:52:22.684429,-15.1329,72.331,416.4,9.32,35.05,2902756,6,2902756_006,D
2025-12-23 09:52:22.684429,-15.1329,72.331,444.3,7.92,35.09,2902756,6,2902756_006,D
2025-12-23 09:52:22.684429,-15.1329,72.331,472.1,6.91,35.17,2902756,6,2902756_006,D
2025-12-23 09:52:22.684429,-15.1329,72.331,500.0,6.45,35.01,2902756,6,2902756_006,D
2025-12-23 09:52:22.684429,-15.1329,72.331,520.0,6.29,35.0,2902756,6,2902756_006,D
2025-12-23 09:52:22.684429,-15.1329,72.331,581.7,5.94,35.11,2902756,6,2902756_006,D
2025-12-23 09:52:22.684429,-15.1329,72.331,643.3,5.55,35.14,2902756,6,2902756_006,D
2025-12-23 09:52:22.684429,-15.1329,72.331,705.0,5.86,35.06,2902756,6,2902756_006,D
2025-12-23 09:52:22.684429,-15.1329,72.331,766.7,5.57,35.03,2902756,6,2902756_006,D
2025-12-23 09:52:22.684429,-15.1329,72.331,828.3,5.45,35.0,2902756,6,2902756_006,D
2025-12-23 09:52:22.684429,-15.1329,72.331,890.0,5.08,34.94,2902756,6,2902756_006,D
2025-12-23 09:52:22.684429,-15.1329,72.331,951.7,3.87,34.87,2902756,6,2902756_006,D
2025-12-23 09:52:22.684429,-15.1329,72.331,1013.3,4.91,35.03,2902756,6,2902756_006,D
2025-12-23 09:52:22.684429,-15.1329,72.331,1075.0,4.11,35.18,2902756,6,2902756_006,D
2025-12-23 09:52:22.684429,-15.1329,72.331,1136.7,3.54,34.94,2902756,6,2902756_006,D
2025-12-23 09:52:22.684429,-15.1329,72.331,1198.3,3.02,35.05,2902756,6,2902756_006,D
2025-12-23 09:52:22.684429,-15.1329,72.331,1260.0,2.88,35.07,2902756,6,2902756_006,D
2025-12-23 09:52:22.684429,-15.1329,72.331,1321.7,2.98,34.98,2902756,6,2902756_006,D
2025-12-23 09:52:22.684429,-15.1329,72.331,1383.3,3.14,35.08,2902756,6,2902756_006,D
2025-12-23 09:52:22.684429,-15.1329,72.331,1445.0,3.18,34.97,2902756,6,2902756_006,D
2025-12-23 09:52:22.684429,-15.1329,72.331,1506.7,2.19,34.98,2902756,6,2902756_006,D
2025-12-23 09:52:22.684429,-15.1329,72.331,1568.3,1.93,34.91,2902756,6,2902756_006,D
2025-12-23 09:52:22.684429,-15.1329,72.331,1630.0,2.45,34.89,2902756,6,2902756_006,D
2025-12-23 09:52:22.684429,-15.1329,72.331,1691.7,1.48,34.97,2902756,6,2902756_006,D
2025-12-23 09:52:22.684429,-15.1329,72.331,1753.3,1.9,34.99,2902756,6,2902756_006,D
2025-12-23 09:52:22.684429,-15.1329,72.331,1815.0,0.71,34.96,2902756,6,2902756_006,D
2025-12-23 09:52:22.684429,-15.1329,72.331,1876.7,0.38,34.87,2902756,6,2902756_006,D
2025-12-23 09:52:22.684429,-15.1329,72.331,1938.3,1.12,35.13,2902756,6,2902756_006,D
2025-12-23 09:52:22.684429,-15.1329,72.331,2000.0,0.74,35.07,2902756,6,2902756_006,D
2026-01-02 12:20:51.766454,-15.0917,72.2561,5.0,26.23,35.63,2902756,7,2902756_007,D
2026-01-02 12:20:51.766454,-15.0917,72.2561,11.8,25.96,35.5,2902756,7,2902756_007,D
2026-01-02 12:20:51.766454,-15.0917,72.2561,18.6,25.68,35.43,2902756,7,2902756_007,D
2026-01-02 12:20:51.766454,-15.0917,72.2561,25.4,25.03,35.43,2902756,7,2902756_007,D
2026-01-02 12:20:51.766454,-15.0917,72.2561,32.1,25.3,34.73,2902756,7,2902756_007,D
2026-01-02 12:20:51.766454,-15.0917,72.2561,38.9,24.76,34.75,2902756,7,2902756_007,D
2026-01-02 12:20:51.766454,-15.0917,72.2561,45.7,24.78,34.75,2902756,7,2902756_007,D
2026-01-02 12:20:51.766454,-15.0917,72.2561,52.5,24.19,34.94,2902756,7,2902756_007,D
2026-01-02 12:20:51.766454,-15.0917,72.2561,59.3,23.7,34.82,2902756,7,2902756_007,D
2026-01-02 12:20:51.766454,-15.0917,72.2561,66.1,23.01,34.83,2902756,7,2902756_007,D
2026-01-02 12:20:51.766454,-15.0917,72.2561,72.9,22.19,34.9,2902756,7,2902756_007,D
2026-01-02 12:20:51.766454,-15.0917,72.2561,79.6,21.9,34.92,2902756,7,2902756_007,D
2026-01-02 12:20:51.766454,-15.0917,72.2561,86.4,21.35,34.9,2902756,7,2902756_007,D
2026-01-02 12:20:51.766454,-15.0917,72.2561,93.2,21.41,34.97,2902756,7,2902756_007,D
2026-01-02 12:20:51.766454,-15.0917,72.2561,100.0,20.43,34.85,2902756,7,2902756_007,D
2026-01-02 12:20:51.766454,-15.0917,72.2561,110.0,19.54,35.14,2902756,7,2902756_007,D
2026-01-02 12:20:51.766454,-15.0917,72.2561,137.9,17.79,35.2,2902756,7,2902756_007,D
2026-01-02 12:20:51.766454,-15.0917,72.2561,165.7,15.98,35.24,2902756,7,2902756_007,D
2026-01-02 12:20:51.766454,-15.0917,72.2561,193.6,15.14,35.33,2902756,7,2902756_007,D
2026-01-02 12:20:51.766454,-15.0917,72.2561,221.4,14.1,34.88,2902756,7,2902756_007,D
2026-01-02 12:20:51.766454,-15.0917,72.2561,249.3,13.98,35.09,2902756,7,2902756_007,D
2026-01-02 12:20:51.766454,-15.0917,72.2561,277.1,12.48,35.04,2902756,7,2902756_007,D
2026-01-02 12:20:51.766454,-15.0917,72.2561,305.0,12.33,34.89,2902756,7,2902756_007,D
2026-01-02 12:20:51.766454,-15.0917,72.2561,332.9,11.31,35.01,2902756,7,2902756_007,D
2026-01-02 12:20:51.766454,-15.0917,72.2561,360.7,10.45,35.03,2902756,7,2902756_007,D
2026-01-02 12:20:51.766454,-15.0917,72.2561,388.6,9.63,34.94,2902756,7,2902756_007,D
2026-01-02 12:20:51.766454,-15.0917,72.2561,416.4,9.22,34.98,2902756,7,2902756_007,D
2026-01-02 12:20:51.766454,-15.0917,72.2561,444.3,8.43,35.18,2902756,7,2902756_007,D
2026-01-02 12:20:51.766454,-15.0917,72.2561,472.1,7.36,34.95,2902756,7,2902756_007,D
2026-01-02 12:20:51.766454,-15.0917,72.2561,500.0,6.11,35.06,2902756,7,2902756_007,D
2026-01-02 12:20:51.766454,-15.0917,72.2561,520.0,6.42,35.06,2902756,7,2902756_007,D
2026-01-02 12:20:51.766454,-15.0917,72.2561,581.7,5.92,34.93,2902756,7,2902756_007,D
2026-01-02 12:20:51.766454,-15.0917,72.2561,643.3,5.95,34.79,2902756,7,2902756_007,D
2026-01-02 12:20:51.766454,-15.0917,72.2561,705.0,5.43,35.05,2902756,7,2902756_007,D
2026-01-02 12:20:51.766454,-15.0917,72.2561,766.7,4.98,34.89,2902756,7,2902756_007,D
2026-01-02 12:20:51.766454,-15.0917,72.2561,828.3,5.14,35.03,2902756,7,2902756_007,D
2026-01-02 12:20:51.766454,-15.0917,72.2561,890.0,4.88,35.0,2902756,7,2902756_007,D
2026-01-02 12:20:51.766454,-15.0917,72.2561,951.7,4.6,35.0,2902756,7,2902756_007,D
2026-01-02 12:20:51.766454,-15.0917,72.2561,1013.3,4.07,35.12,2902756,7,2902756_007,D
2026-01-02 12:20:51.766454,-15.0917,72.2561,1075.0,3.95,35.15,2902756,7,2902756_007,D
2026-01-02 12:20:51.766454,-15.0917,72.2561,1136.7,3.92,35.06,2902756,7,2902756_007,D
2026-01-02 12:20:51.766454,-15.0917,72.2561,1198.3,3.71,34.88,2902756,7,2902756_007,D
2026-01-02 12:20:51.766454,-15.0917,72.2561,1260.0,3.66,34.91,2902756,7,2902756_007,D
2026-01-02 12:20:51.766454,-15.0917,72.2561,1321.7,3.41,34.77,2902756,7,2902756_007,D
2026-01-02 12:20:51.766454,-15.0917,72.2561,1383.3,2.97,34.88,2902756,7,2902756_007,D
2026-01-02 12:20:51.766454,-15.0917,72.2561,1445.0,2.39,35.1,2902756,7,2902756_007,D
2026-01-02 12:20:51.766454,-15.0917,72.2561,1506.7,2.69,35.28,2902756,7,2902756_007,D
2026-01-02 12:20:51.766454,-15.0917,72.2561,1568.3,2.58,34.92,2902756,7,2902756_007,D
2026-01-02 12:20:51.766454,-15.0917,72.2561,1630.0,2.55,35.0,2902756,7,2902756_007,D
2026-01-02 12:20:51.766454,-15.0917,72.2561,1691.7,1.84,35.04,2902756,7,2902756_007,D
2026-01-02 12:20:51.766454,-15.0917,72.2561,1753.3,1.71,34.92,2902756,7,2902756_007,D
2026-01-02 12:20:51.766454,-15.0917,72.2561,1815.0,1.43,34.94,2902756,7,2902756_007,D
2026-01-02 12:20:51.766454,-15.0917,72.2561,1876.7,0.65,34.99,2902756,7,2902756_007,D
2026-01-02 12:20:51.766454,-15.0917,72.2561,1938.3,1.12,34.86,2902756,7,2902756_007,D
2026-01-02 12:20:51.766454,-15.0917,72.2561,2000.0,0.28,35.14,2902756,7,2902756_007,D
2026-01-11 01:46:32.076698,-15.3421,72.0675,5.0,26.49,35.41,2902756,8,2902756_008,D
2026-01-11 01:46:32.076698,-15.3421,72.0675,11.8,26.18,35.46,2902756,8,2902756_008,D
2026-01-11 01:46:32.076698,-15.3421,72.0675,18.6,25.16,35.4,2902756,8,2902756_008,D
2026-01-11 01:46:32.076698,-15.3421,72.0675,25.4,25.85,35.57,2902756,8,2902756_008,D
2026-01-11 01:46:32.076698,-15.3421,72.0675,32.1,25.81,34.8,2902756,8,2902756_008,D
2026-01-11 01:46:32.076698,-15.3421,72.0675,38.9,25.16,34.77,2902756,8,2902756_008,D
2026-01-11 01:46:32.076698,-15.3421,72.0675,45.7,25.27,34.64,2902756,8,2902756_008,D
2026-01-11 01:46:32.076698,-15.3421,72.0675,52.5,24.68,34.85,2902756,8,2902756_008,D
2026-01-11 01:46:32.076698,-15.3421,72.0675,59.3,23.01,34.89,2902756,8,2902756_008,D
2026-01-11 01:46:32.076698,-15.3421,72.0675,66.1,23.52,34.89,2902756,8,2902756_008,D
2026-01-11 01:46:32.076698,-15.3421,72.0675,72.9,22.66,35.0,2902756,8,2902756_008,D
2026-01-11 01:46:32.076698,-15.3421,72.0675,79.6,21.82,34.98,2902756,8,2902756_008,D
2026-01-11 01:46:32.076698,-15.3421,72.0675,86.4,21.43,35.17,2902756,8,2902756_008,D
2026-01-11 01:46:32.076698,-15.3421,72.0675,93.2,20.99,34.95,2902756,8,2902756_008,D
2026-01-11 01:46:32.076698,-15.3421,72.0675,100.0,20.45,34.96,2902756,8,2902756_008,D
2026-01-11 01:46:32.076698,-15.3421,72.0675,110.0,19.7,34.8,2902756,8,2902756_008,D
2026-01-11 01:46:32.076698,-15.3421,72.0675,137.9,17.32,35.2,2902756,8,2902756_008,D
2026-01-11 01:46:32.076698,-15.3421,72.0675,165.7,15.79,35.28,2902756,8,2902756_008,D
2026-01-11 01:46:32.076698,-15.3421,72.0675,193.6,14.97,35.38,2902756,8,2902756_008,D
2026-01-11 01:46:32.076698,-15.3421,72.0675,221.4,14.21,35.0,2902756,8,2902756_008,D
2026-01-11 01:46:32.076698,-15.3421,72.0675,249.3,13.25,34.99,2902756,8,2902756_008,D
2026-01-11 01:46:32.076698,-15.3421,72.0675,277.1,12.39,35.09,2902756,8,2902756_008,D
2026-01-11 01:46:32.076698,-15.3421,72.0675,305.0,12.02,34.83,2902756,8,2902756_008,D
2026-01-11 01:46:32.076698,-15.3421,72.0675,332.9,10.92,35.0,2902756,8,2902756_008,D
2026-01-11 01:46:32.076698,-15.3421,72.0675,360.7,9.88,34.78,2902756,8,2902756_008,D
2026-01-11 01:46:32.076698,-15.3421,72.0675,388.6,10.03,34.97,2902756,8,2902756_008,D
2026-01-11 01:46:32.076698,-15.3421,72.0675,416.4,8.93,34.87,2902756,8,2902756_008,D
2026-01-11 01:46:32.076698,-15.3421,72.0675,444.3,7.21,34.9,2902756,8,2902756_008,D
2026-01-11 01:46:32.076698,-15.3421,72.0675,472.1,7.07,34.99,2902756,8,2902756_008,D
2026-01-11 01:46:32.076698,-15.3421,72.0675,500.0,6.77,34.72,2902756,8,2902756_008,D
2026-01-11 01:46:32.076698,-15.3421,72.0675,520.0,6.6,35.07,2902756,8,2902756_008,D
2026-01-11 01:46:32.076698,-15.3421,72.0675,581.7,6.1,34.83,2902756,8,2902756_008,D
2026-01-11 01:46:32.076698,-15.3421,72.0675,643.3,6.52,35.02,2902756,8,2902756_008,D
2026-01-11 01:46:32.076698,-15.3421,72.0675,705.0,5.8,34.91,2902756,8,2902756_008,D
2026-01-11 01:46:32.076698,-15.3421,72.0675,766.7,5.42,35.14,2902756,8,2902756_008,D
2026-01-11 01:46:32.076698,-15.3421,72.0675,828.3,5.03,34.87,2902756,8,2902756_008,D
2026-01-11 01:46:32.076698,-15.3421,72.0675,890.0,5.09,35.03,2902756,8,2902756_008,D
2026-01-11 01:46:32.076698,-15.3421,72.0675,951.7,5.05,34.72,2902756,8,2902756_008,D
2026-01-11 01:46:32.076698,-15.3421,72.0675,1013.3,4.98,34.98,2902756,8,2902756_008,D
2026-01-11 01:46:32.076698,-15.3421,72.0675,1075.0,3.88,35.14,2902756,8,2902756_008,D
2026-01-11 01:46:32.076698,-15.3421,72.0675,1136.7,3.78,35.05,2902756,8,2902756_008,D
2026-01-11 01:46:32.076698,-15.3421,72.0675,1198.3,3.87,34.91,2902756,8,2902756_008,D
2026-01-11 01:46:32.076698,-15.3421,72.0675,1260.0,3.37,35.02,2902756,8,2902756_008,D
2026-01-11 01:46:32.076698,-15.3421,72.0675,1321.7,3.4,34.92,2902756,8,2902756_008,D
2026-01-11 01:46:32.076698,-15.3421,72.0675,1383.3,3.61,35.04,2902756,8,2902756_008,D
2026-01-11 01:46:32.076698,-15.3421,72.0675,1445.0,3.04,35.23,2902756,8,2902756_008,D
2026-01-11 01:46:32.076698,-15.3421,72.0675,1506.7,2.83,35.21,2902756,8,2902756_008,D
2026-01-11 01:46:32.076698,-15.3421,72.0675,1568.3,2.15,34.91,2902756,8,2902756_008,D
2026-01-11 01:46:32.076698,-15.3421,72.0675,1630.0,1.8,35.18,2902756,8,2902756_008,D
2026-01-11 01:46:32.076698,-15.3421,72.0675,1691.7,1.8,35.0,2902756,8,2902756_008,D
2026-01-11 01:46:32.076698,-15.3421,72.0675,1753.3,1.62,35.04,2902756,8,2902756_008,D
2026-01-11 01:46:32.076698,-15.3421,72.0675,1815.0,1.34,35.2,2902756,8,2902756_008,D
2026-01-11 01:46:32.076698,-15.3421,72.0675,1876.7,1.68,34.91,2902756,8,2902756_008,D
2026-01-11 01:46:32.076698,-15.3421,72.0675,1938.3,0.77,34.93,2902756,8,2902756_008,D
2026-01-11 01:46:32.076698,-15.3421,72.0675,2000.0,0.06,35.07,2902756,8,2902756_008,D
2026-01-22 00:11:01.354500,-15.3832,72.0714,5.0,26.17,35.57,2902756,9,2902756_009,D
2026-01-22 00:11:01.354500,-15.3832,72.0714,11.8,26.02,35.37,2902756,9,2902756_009,D
2026-01-22 00:11:01.354500,-15.3832,72.0714,18.6,26.04,35.55,2902756,9,2902756_009,D
2026-01-22 00:11:01.354500,-15.3832,72.0714,25.4,25.18,35.51,2902756,9,2902756_009,D
2026-01-22 00:11:01.354500,-15.3832,72.0714,32.1,25.12,34.87,2902756,9,2902756_009,D
2026-01-22 00:11:01.354500,-15.3832,72.0714,38.9,24.95,34.88,2902756,9,2902756_009,D
2026-01-22 00:11:01.354500,-15.3832,72.0714,45.7,24.66,34.69,2902756,9,2902756_009,D
2026-01-22 00:11:01.354500,-15.3832,72.0714,52.5,23.99,34.77,2902756,9,2902756_009,D
2026-01-22 00:11:01.354500,-15.3832,72.0714,59.3,23.58,34.92,2902756,9,2902756_009,D
2026-01-22 00:11:01.354500,-15.3832,72.0714,66.1,23.15,35.05,2902756,9,2902756_009,D
2026-01-22 00:11:01.354500,-15.3832,72.0714,72.9,22.48,34.75,2902756,9,2902756_009,D
2026-01-22 00:11:01.354500,-15.3832,72.0714,79.6,22.38,34.96,2902756,9,2902756_009,D
2026-01-22 00:11:01.354500,-15.3832,72.0714,86.4,21.28,34.98,2902756,9,2902756_009,D
2026-01-22 00:11:01.354500,-15.3832,72.0714,93.2,21.33,34.89,2902756,9,2902756_009,D
2026-01-22 00:11:01.354500,-15.3832,72.0714,100.0,20.23,34.82,2902756,9,2902756_009,D
2026-01-22 00:11:01.354500,-15.3832,72.0714,110.0,19.72,35.21,2902756,9,2902756_009,D
2026-01-22 00:11:01.354500,-15.3832,72.0714,137.9,17.25,35.2,2902756,9,2902756_009,D
2026-01-22 00:11:01.354500,-15.3832,72.0714,165.7,16.51,35.46,2902756,9,2902756_009,D
2026-01-22 00:11:01.354500,-15.3832,72.0714,193.6,15.19,35.34,2902756,9,2902756_009,D
2026-01-22 00:11:01.354500,-15.3832,72.0714,221.4,14.34,34.99,2902756,9,2902756_009,D
2026-01-22 00:11:01.354500,-15.3832,72.0714,249.3,13.65,35.2,2902756,9,2902756_009,D
2026-01-22 00:11:01.354500,-15.3832,72.0714,277.1,13.05,35.07,2902756,9,2902756_009,D
2026-01-22 00:11:01.354500,-15.3832,72.0714,305.0,11.98,35.06,2902756,9,2902756_009,D
2026-01-22 00:11:01.354500,-15.3832,72.0714,332.9,10.79,34.92,2902756,9,2902756_009,D
2026-01-22 00:11:01.354500,-15.3832,72.0714,360.7,10.55,34.6,2902756,9,2902756_009,D
2026-01-22 00:11:01.354500,-15.3832,72.0714,388.6,9.49,34.88,2902756,9,2902756_009,D
2026-01-22 00:11:01.354500,-15.3832,72.0714,416.4,9.09,35.04,2902756,9,2902756_009,D
2026-01-22 00:11:01.354500,-15.3832,72.0714,444.3,8.08,35.17,2902756,9,2902756_009,D
2026-01-22 00:11:01.354500,-15.3832,72.0714,472.1,7.52,34.9,2902756,9,2902756_009,D
2026-01-22 00:11:01.354500,-15.3832,72.0714,500.0,6.1,34.88,2902756,9,2902756_009,D
2026-01-22 00:11:01.354500,-15.3832,72.0714,520.0,6.56,35.05,2902756,9,2902756_009,D
2026-01-22 00:11:01.354500,-15.3832,72.0714,581.7,6.16,34.98,2902756,9,2902756_009,D
2026-01-22 00:11:01.354500,-15.3832,72.0714,643.3,6.18,35.03,2902756,9,2902756_009,D
2026-01-22 00:11:01.354500,-15.3832,72.0714,705.0,5.99,34.93,2902756,9,2902756_009,D
2026-01-22 00:11:01.354500,-15.3832,72.0714,766.7,5.19,35.12,2902756,9,2902756_009,D
2026-01-22 00:11:01.354500,-15.3832,72.0714,828.3,5.27,35.02,2902756,9,2902756_009,D
2026-01-22 00:11:01.354500,-15.3832,72.0714,890.0,5.33,35.03,2902756,9,2902756_009,D
2026-01-22 00:11:01.354500,-15.3832,72.0714,951.7,4.55,35.12,2902756,9,2902756_009,D
2026-01-22 00:11:01.354500,-15.3832,72.0714,1013.3,4.63,34.82,2902756,9,2902756_009,D
2026-01-22 00:11:01.354500,-15.3832,72.0714,1075.0,4.01,34.94,2902756,9,2902756_009,D
2026-01-22 00:11:01.354500,-15.3832,72.0714,1136.7,4.09,35.1,2902756,9,2902756_009,D
2026-01-22 00:11:01.354500,-15.3832,72.0714,1198.3,3.85,34.96,2902756,9,2902756_009,D
2026-01-22 00:11:01.354500,-15.3832,72.0714,1260.0,3.32,34.9,2902756,9,2902756_009,D
2026-01-22 00:11:01.354500,-15.3832,72.0714,1321.7,3.61,35.13,2902756,9,2902756_009,D
2026-01-22 00:11:01.354500,-15.3832,72.0714,1383.3,2.42,34.94,2902756,9,2902756_009,D
2026-01-22 00:11:01.354500,-15.3832,72.0714,1445.0,2.57,34.98,2902756,9,2902756_009,D
2026-01-22 00:11:01.354500,-15.3832,72.0714,1506.7,2.31,34.94,2902756,9,2902756_009,D
2026-01-22 00:11:01.354500,-15.3832,72.0714,1568.3,2.27,35.17,2902756,9,2902756_009,D
2026-01-22 00:11:01.354500,-15.3832,72.0714,1630.0,2.05,34.93,2902756,9,2902756_009,D
2026-01-22 00:11:01.354500,-15.3832,72.0714,1691.7,1.63,35.33,2902756,9,2902756_009,D
2026-01-22 00:11:01.354500,-15.3832,72.0714,1753.3,1.0,35.05,2902756,9,2902756_009,D
2026-01-22 00:11:01.354500,-15.3832,72.0714,1815.0,1.02,35.2,2902756,9,2902756_009,D
2026-01-22 00:11:01.354500,-15.3832,72.0714,1876.7,1.15,35.16,2902756,9,2902756_009,D
2026-01-22 00:11:01.354500,-15.3832,72.0714,1938.3,0.44,34.83,2902756,9,2902756_009,D
2026-01-22 00:11:01.354500,-15.3832,72.0714,2000.0,0.08,35.12,2902756,9,2902756_009,D
2026-02-01 14:18:52.205698,-15.2935,72.0222,5.0,26.38,35.42,2902756,10,2902756_010,D
2026-02-01 14:18:52.205698,-15.2935,72.0222,11.8,25.93,35.4,2902756,10,2902756_010,D
2026-02-01 14:18:52.205698,-15.2935,72.0222,18.6,25.66,35.5,2902756,10,2902756_010,D
2026-02-01 14:18:52.205698,-15.2935,72.0222,25.4,25.29,35.55,2902756,10,2902756_010,D
2026-02-01 14:18:52.205698,-15.2935,72.0222,32.1,25.38,34.77,2902756,10,2902756_010,D
2026-02-01 14:18:52.205698,-15.2935,72.0222,38.9,25.26,34.89,2902756,10,2902756_010,D
2026-02-01 14:18:52.205698,-15.2935,72.0222,45.7,24.74,34.96,2902756,10,2902756_010,D
2026-02-01 14:18:52.205698,-15.2935,72.0222,52.5,24.61,34.79,2902756,10,2902756_010,D
2026-02-01 14:18:52.205698,-15.2935,72.0222,59.3,23.87,34.81,2902756,10,2902756_010,D
2026-02-01 14:18:52.205698,-15.2935,72.0222,66.1,23.45,35.05,2902756,10,2902756_010,D
2026-02-01 14:18:52.205698,-15.2935,72.0222,72.9,22.62,34.94,2902756,10,2902756_010,D
2026-02-01 14:18:52.205698,-15.2935,72.0222,79.6,22.41,34.96,2902756,10,2902756_010,D
2026-02-01 14:18:52.205698,-15.2935,72.0222,86.4,21.85,34.9,2902756,10,2902756_010,D
2026-02-01 14:18:52.205698,-15.2935,72.0222,93.2,21.1,35.04,2902756,10,2902756_010,D
2026-02-01 14:18:52.205698,-15.2935,72.0222,100.0,20.18,35.07,2902756,10,2902756_010,D
2026-02-01 14:18:52.205698,-15.2935,72.0222,110.0,19.36,35.1,2902756,10,2902756_010,D
2026-02-01 14:18:52.205698,-15.2935,72.0222,137.9,17.54,35.01,2902756,10,2902756_010,D
2026-02-01 14:18:52.205698,-15.2935,72.0222,165.7,15.95,35.2,2902756,10,2902756_010,D
2026-02-01 14:18:52.205698,-15.2935,72.0222,193.6,15.11,35.21,2902756,10,2902756_010,D
2026-02-01 14:18:52.205698,-15.2935,72.0222,221.4,15.0,34.65,2902756,10,2902756_010,D
2026-02-01 14:18:52.205698,-15.2935,72.0222,249.3,14.25,35.17,2902756,10,2902756_010,D
2026-02-01 14:18:52.205698,-15.2935,72.0222,277.1,12.69,34.99,2902756,10,2902756_010,D
2026-02-01 14:18:52.205698,-15.2935,72.0222,305.0,12.6,35.14,2902756,10,2902756_010,D
2026-02-01 14:18:52.205698,-15.2935,72.0222,332.9,11.1,35.05,2902756,10,2902756_010,D
2026-02-01 14:18:52.205698,-15.2935,72.0222,360.7,10.64,34.94,2902756,10,2902756_010,D
2026-02-01 14:18:52.205698,-15.2935,72.0222,388.6,9.2,35.09,2902756,10,2902756_010,D
2026-02-01 14:18:52.205698,-15.2935,72.0222,416.4,8.89,34.81,2902756,10,2902756_010,D
2026-02-01 14:18:52.205698,-15.2935,72.0222,444.3,8.11,35.19,2902756,10,2902756_010,D
2026-02-01 14:18:52.205698,-15.2935,72.0222,472.1,7.41,34.86,2902756,10,2902756_010,D
2026-02-01 14:18:52.205698,-15.2935,72.0222,500.0,6.42,34.98,2902756,10,2902756_010,D
2026-02-01 14:18:52.205698,-15.2935,72.0222,520.0,6.53,34.93,2902756,10,2902756_010,D
2026-02-01 14:18:52.205698,-15.2935,72.0222,581.7,5.82,35.1,2902756,10,2902756_010,D
2026-02-01 14:18:52.205698,-15.2935,72.0222,643.3,5.93,34.99,2902756,10,2902756_010,D
2026-02-01 14:18:52.205698,-15.2935,72.0222,705.0,5.87,35.27,2902756,10,2902756_010,D
2026-02-01 14:18:52.205698,-15.2935,72.0222,766.7,5.77,34.95,2902756,10,2902756_010,D
2026-02-01 14:18:52.205698,-15.2935,72.0222,828.3,5.06,35.21,2902756,10,2902756_010,D
2026-02-01 14:18:52.205698,-15.2935,72.0222,890.0,4.43,35.21,2902756,10,2902756_010,D
2026-02-01 14:18:52.205698,-15.2935,72.0222,951.7,4.94,34.74,2902756,10,2902756_010,D
2026-02-01 14:18:52.205698,-15.2935,72.0222,1013.3,4.54,34.89,2902756,10,2902756_010,D
2026-02-01 14:18:52.205698,-15.2935,72.0222,1075.0,4.09,34.78,2902756,10,2902756_010,D
2026-02-01 14:18:52.205698,-15.2935,72.0222,1136.7,3.61,35.03,2902756,10,2902756_010,D
2026-02-01 14:18:52.205698,-15.2935,72.0222,1198.3,3.89,34.97,2902756,10,2902756_010,D
2026-02-01 14:18:52.205698,-15.2935,72.0222,1260.0,3.26,34.87,2902756,10,2902756_010,D
2026-02-01 14:18:52.205698,-15.2935,72.0222,1321.7,2.82,35.01,2902756,10,2902756_010,D
2026-02-01 14:18:52.205698,-15.2935,72.0222,1383.3,3.1,35.08,2902756,10,2902756_010,D
2026-02-01 14:18:52.205698,-15.2935,72.0222,1445.0,2.85,34.99,2902756,10,2902756_010,D
2026-02-01 14:18:52.205698,-15.2935,72.0222,1506.7,2.83,34.85,2902756,10,2902756_010,D
2026-02-01 14:18:52.205698,-15.2935,72.0222,1568.3,2.52,34.81,2902756,10,2902756_010,D
2026-02-01 14:18:52.205698,-15.2935,72.0222,1630.0,1.92,34.78,2902756,10,2902756_010,D
2026-02-01 14:18:52.205698,-15.2935,72.0222,1691.7,1.4,34.99,2902756,10,2902756_010,D
2026-02-01 14:18:52.205698,-15.2935,72.0222,1753.3,1.99,34.77,2902756,10,2902756_010,D
2026-02-01 14:18:52.205698,-15.2935,72.0222,1815.0,1.72,34.81,2902756,10,2902756_010,D
2026-02-01 14:18:52.205698,-15.2935,72.0222,1876.7,0.93,35.1,2902756,10,2902756_010,D
2026-02-01 14:18:52.205698,-15.2935,72.0222,1938.3,0.33,34.96,2902756,10,2902756_010,D
2026-02-01 14:18:52.205698,-15.2935,72.0222,2000.0,0.31,34.81,2902756,10,2902756_010,D
2026-02-11 19:16:43.412614,-15.7131,72.193,5.0,26.24,35.42,2902756,11,2902756_011,D
2026-02-11 19:16:43.412614,-15.7131,72.193,11.8,26.2,35.41,2902756,11,2902756_011,D
2026-02-11 19:16:43.412614,-15.7131,72.193,18.6,25.5,35.55,2902756,11,2902756_011,D
2026-02-11 19:16:43.412614,-15.7131,72.193,25.4,25.41,35.54,2902756,11,2902756_011,D
2026-02-11 19:16:43.412614,-15.7131,72.193,32.1,25.34,34.81,2902756,11,2902756_011,D
2026-02-11 19:16:43.412614,-15.7131,72.193,38.9,25.03,34.82,2902756,11,2902756_011,D
2026-02-11 19:16:43.412614,-15.7131,72.193,45.7,24.36,35.08,2902756,11,2902756_011,D
2026-02-11 19:16:43.412614,-15.7131,72.193,52.5,24.07,35.06,2902756,11,2902756_011,D
2026-02-11 19:16:43.412614,-15.7131,72.193,59.3,23.64,34.74,2902756,11,2902756_011,D
2026-02-11 19:16:43.412614,-15.7131,72.193,66.1,22.57,35.04,2902756,11,2902756_011,D
2026-02-11 19:16:43.412614,-15.7131,72.193,72.9,22.8,34.96,2902756,11,2902756_011,D
2026-02-11 19:16:43.412614,-15.7131,72.193,79.6,21.92,34.89,2902756,11,2902756_011,D
2026-02-11 19:16:43.412614,-15.7131,72.193,86.4,21.28,35.18,2902756,11,2902756_011,D
2026-02-11 19:16:43.412614,-15.7131,72.193,93.2,20.99,34.89,2902756,11,2902756_011,D
2026-02-11 19:16:43.412614,-15.7131,72.193,100.0,20.89,35.15,2902756,11,2902756_011,D
2026-02-11 19:16:43.412614,-15.7131,72.193,110.0,19.56,35.12,2902756,11,2902756_011,D
2026-02-11 19:16:43.412614,-15.7131,72.193,137.9,17.68,35.11,2902756,11,2902756_011,D
2026-02-11 19:16:43.412614,-15.7131,72.193,165.7,16.4,35.21,2902756,11,2902756_011,D
2026-02-11 19:16:43.412614,-15.7131,72.193,193.6,15.54,35.29,2902756,11,2902756_011,D
2026-02-11 19:16:43.412614,-15.7131,72.193,221.4,14.4,34.93,2902756,11,2902756_011,D
2026-02-11 19:16:43.412614,-15.7131,72.193,249.3,13.18,35.11,2902756,11,2902756_011,D
2026-02-11 19:16:43.412614,-15.7131,72.193,277.1,12.86,35.28,2902756,11,2902756_011,D
2026-02-11 19:16:43.412614,-15.7131,72.193,305.0,11.94,34.96,2902756,11,2902756_011,D
2026-02-11 19:16:43.412614,-15.7131,72.193,332.9,11.2,35.18,2902756,11,2902756_011,D
2026-02-11 19:16:43.412614,-15.7131,72.193,360.7,10.18,34.84,2902756,11,2902756_011,D
2026-02-11 19:16:43.412614,-15.7131,72.193,388.6,9.27,35.03,2902756,11,2902756_011,D
2026-02-11 19:16:43.412614,-15.7131,72.193,416.4,8.74,34.95,2902756,11,2902756_011,D
2026-02-11 19:16:43.412614,-15.7131,72.193,444.3,8.15,35.09,2902756,11,2902756_011,D
2026-02-11 19:16:43.412614,-15.7131,72.193,472.1,7.33,34.87,2902756,11,2902756_011,D
2026-02-11 19:16:43.412614,-15.7131,72.193,500.0,6.69,35.26,2902756,11,2902756_011,D
2026-02-11 19:16:43.412614,-15.7131,72.193,520.0,5.74,35.01,2902756,11,2902756_011,D
2026-02-11 19:16:43.412614,-15.7131,72.193,581.7,5.72,34.93,2902756,11,2902756_011,D
2026-02-11 19:16:43.412614,-15.7131,72.193,643.3,6.01,34.96,2902756,11,2902756_011,D
2026-02-11 19:16:43.412614,-15.7131,72.193,705.0,5.54,34.88,2902756,11,2902756_011,D
2026-02-11 19:16:43.412614,-15.7131,72.193,766.7,5.5,35.01,2902756,11,2902756_011,D
2026-02-11 19:16:43.412614,-15.7131,72.193,828.3,4.78,34.96,2902756,11,2902756_011,D
2026-02-11 19:16:43.412614,-15.7131,72.193,890.0,4.94,35.13,2902756,11,2902756_011,D
2026-02-11 19:16:43.412614,-15.7131,72.193,951.7,5.04,35.03,2902756,11,2902756_011,D
2026-02-11 19:16:43.412614,-15.7131,72.193,1013.3,4.71,34.7,2902756,11,2902756_011,D
2026-02-11 19:16:43.412614,-15.7131,72.193,1075.0,3.95,34.99,2902756,11,2902756_011,D
2026-02-11 19:16:43.412614,-15.7131,72.193,1136.7,3.6,34.67,2902756,11,2902756_011,D
2026-02-11 19:16:43.412614,-15.7131,72.193,1198.3,3.85,35.02,2902756,11,2902756_011,D
2026-02-11 19:16:43.412614,-15.7131,72.193,1260.0,3.5,34.89,2902756,11,2902756_011,D
2026-02-11 19:16:43.412614,-15.7131,72.193,1321.7,3.35,34.93,2902756,11,2902756_011,D
2026-02-11 19:16:43.412614,-15.7131,72.193,1383.3,3.6,35.16,2902756,11,2902756_011,D
2026-02-11 19:16:43.412614,-15.7131,72.193,1445.0,2.51,34.92,2902756,11,2902756_011,D
2026-02-11 19:16:43.412614,-15.7131,72.193,1506.7,2.08,35.12,2902756,11,2902756_011,D
2026-02-11 19:16:43.412614,-15.7131,72.193,1568.3,2.57,35.0,2902756,11,2902756_011,D
2026-02-11 19:16:43.412614,-15.7131,72.193,1630.0,2.12,34.81,2902756,11,2902756_011,D
2026-02-11 19:16:43.412614,-15.7131,72.193,1691.7,1.54,35.1,2902756,11,2902756_011,D
2026-02-11 19:16:43.412614,-15.7131,72.193,1753.3,0.99,34.93,2902756,11,2902756_011,D
2026-02-11 19:16:43.412614,-15.7131,72.193,1815.0,0.6,34.81,2902756,11,2902756_011,D
2026-02-11 19:16:43.412614,-15.7131,72.193,1876.7,0.86,35.08,2902756,11,2902756_011,D
2026-02-11 19:16:43.412614,-15.7131,72.193,1938.3,0.19,35.04,2902756,11,2902756_011,D
2026-02-11 19:16:43.412614,-15.7131,72.193,2000.0,0.71,35.04,2902756,11,2902756_011,D
2025-10-14 20:57:43.784715,18.729,62.3816,5.0,29.96,35.98,2902086,1,2902086_001,D
2025-10-14 20:57:43.784715,18.729,62.3816,11.8,28.87,36.1,2902086,1,2902086_001,D
2025-10-14 20:57:43.784715,18.729,62.3816,18.6,29.42,36.13,2902086,1,2902086_001,D
2025-10-14 20:57:43.784715,18.729,62.3816,25.4,28.51,36.04,2902086,1,2902086_001,D
2025-10-14 20:57:43.784715,18.729,62.3816,32.1,28.83,35.39,2902086,1,2902086_001,D
2025-10-14 20:57:43.784715,18.729,62.3816,38.9,27.9,35.32,2902086,1,2902086_001,D
2025-10-14 20:57:43.784715,18.729,62.3816,45.7,27.71,35.41,2902086,1,2902086_001,D
2025-10-14 20:57:43.784715,18.729,62.3816,52.5,27.6,35.4,2902086,1,2902086_001,D
2025-10-14 20:57:43.784715,18.729,62.3816,59.3,26.83,35.37,2902086,1,2902086_001,D
2025-10-14 20:57:43.784715,18.729,62.3816,66.1,26.84,35.55,2902086,1,2902086_001,D
2025-10-14 20:57:43.784715,18.729,62.3816,72.9,26.16,35.4,2902086,1,2902086_001,D
2025-10-14 20:57:43.784715,18.729,62.3816,79.6,25.69,35.6,2902086,1,2902086_001,D
2025-10-14 20:57:43.784715,18.729,62.3816,86.4,23.94,35.52,2902086,1,2902086_001,D
2025-10-14 20:57:43.784715,18.729,62.3816,93.2,24.01,35.43,2902086,1,2902086_001,D
2025-10-14 20:57:43.784715,18.729,62.3816,100.0,23.87,35.34,2902086,1,2902086_001,D
2025-10-14 20:57:43.784715,18.729,62.3816,110.0,22.37,35.56,2902086,1,2902086_001,D
2025-10-14 20:57:43.784715,18.729,62.3816,137.9,20.77,35.59,2902086,1,2902086_001,D
2025-10-14 20:57:43.784715,18.729,62.3816,165.7,18.99,35.74,2902086,1,2902086_001,D
2025-10-14 20:57:43.784715,18.729,62.3816,193.6,18.33,35.65,2902086,1,2902086_001,D
2025-10-14 20:57:43.784715,18.729,62.3816,221.4,17.61,35.38,2902086,1,2902086_001,D
2025-10-14 20:57:43.784715,18.729,62.3816,249.3,17.04,35.22,2902086,1,2902086_001,D
2025-10-14 20:57:43.784715,18.729,62.3816,277.1,16.05,35.36,2902086,1,2902086_001,D
2025-10-14 20:57:43.784715,18.729,62.3816,305.0,15.54,35.56,2902086,1,2902086_001,D
2025-10-14 20:57:43.784715,18.729,62.3816,332.9,14.6,35.51,2902086,1,2902086_001,D
2025-10-14 20:57:43.784715,18.729,62.3816,360.7,13.45,35.49,2902086,1,2902086_001,D
2025-10-14 20:57:43.784715,18.729,62.3816,388.6,12.73,35.37,2902086,1,2902086_001,D
2025-10-14 20:57:43.784715,18.729,62.3816,416.4,11.76,35.44,2902086,1,2902086_001,D
2025-10-14 20:57:43.784715,18.729,62.3816,444.3,11.1,35.76,2902086,1,2902086_001,D
2025-10-14 20:57:43.784715,18.729,62.3816,472.1,10.67,35.45,2902086,1,2902086_001,D
2025-10-14 20:57:43.784715,18.729,62.3816,500.0,9.77,35.6,2902086,1,2902086_001,D
2025-10-14 20:57:43.784715,18.729,62.3816,520.0,9.18,35.45,2902086,1,2902086_001,D
2025-10-14 20:57:43.784715,18.729,62.3816,581.7,9.19,35.6,2902086,1,2902086_001,D
2025-10-14 20:57:43.784715,18.729,62.3816,643.3,9.19,35.55,2902086,1,2902086_001,D
2025-10-14 20:57:43.784715,18.729,62.3816,705.0,8.86,35.42,2902086,1,2902086_001,D
2025-10-14 20:57:43.784715,18.729,62.3816,766.7,8.59,35.39,2902086,1,2902086_001,D
2025-10-14 20:57:43.784715,18.729,62.3816,828.3,8.63,35.38,2902086,1,2902086_001,D
2025-10-14 20:57:43.784715,18.729,62.3816,890.0,8.15,35.51,2902086,1,2902086_001,D
2025-10-14 20:57:43.784715,18.729,62.3816,951.7,7.85,35.5,2902086,1,2902086_001,D
2025-10-14 20:57:43.784715,18.729,62.3816,1013.3,7.55,35.43,2902086,1,2902086_001,D
2025-10-14 20:57:43.784715,18.729,62.3816,1075.0,7.06,35.73,2902086,1,2902086_001,D
2025-10-14 20:57:43.784715,18.729,62.3816,1136.7,6.81,35.46,2902086,1,2902086_001,D
2025-10-14 20:57:43.784715,18.729,62.3816,1198.3,6.83,35.31,2902086,1,2902086_001,D
2025-10-14 20:57:43.784715,18.729,62.3816,1260.0,6.67,35.27,2902086,1,2902086_001,D
2025-10-14 20:57:43.784715,18.729,62.3816,1321.7,5.9,35.49,2902086,1,2902086_001,D
2025-10-14 20:57:43.784715,18.729,62.3816,1383.3,6.17,35.55,2902086,1,2902086_001,D
2025-10-14 20:57:43.784715,18.729,62.3816,1445.0,6.33,35.5,2902086,1,2902086_001,D
2025-10-14 20:57:43.784715,18.729,62.3816,1506.7,4.93,35.5,2902086,1,2902086_001,D
2025-10-14 20:57:43.784715,18.729,62.3816,1568.3,5.28,35.42,2902086,1,2902086_001,D
2025-10-14 20:57:43.784715,18.729,62.3816,1630.0,5.34,35.52,2902086,1,2902086_001,D
2025-10-14 20:57:43.784715,18.729,62.3816,1691.7,4.65,35.38,2902086,1,2902086_001,D
2025-10-14 20:57:43.784715,18.729,62.3816,1753.3,4.66,35.52,2902086,1,2902086_001,D
2025-10-14 20:57:43.784715,18.729,62.3816,1815.0,4.5,35.62,2902086,1,2902086_001,D
2025-10-14 20:57:43.784715,18.729,62.3816,1876.7,3.91,35.51,2902086,1,2902086_001,D
2025-10-14 20:57:43.784715,18.729,62.3816,1938.3,4.03,35.51,2902086,1,2902086_001,D
2025-10-14 20:57:43.784715,18.729,62.3816,2000.0,3.69,35.54,2902086,1,2902086_001,D
2025-10-24 02:16:55.533533,18.7424,62.3343,5.0,29.48,35.96,2902086,2,2902086_002,D
2025-10-24 02:16:55.533533,18.7424,62.3343,11.8,29.94,35.95,2902086,2,2902086_002,D
2025-10-24 02:16:55.533533,18.7424,62.3343,18.6,28.6,35.93,2902086,2,2902086_002,D
2025-10-24 02:16:55.533533,18.7424,62.3343,25.4,28.77,36.12,2902086,2,2902086_002,D
2025-10-24 02:16:55.533533,18.7424,62.3343,32.1,28.45,35.41,2902086,2,2902086_002,D
2025-10-24 02:16:55.533533,18.7424,62.3343,38.9,27.87,35.28,2902086,2,2902086_002,D
2025-10-24 02:16:55.533533,18.7424,62.3343,45.7,27.95,35.19,2902086,2,2902086_002,D
2025-10-24 02:16:55.533533,18.7424,62.3343,52.5,27.48,35.43,2902086,2,2902086_002,D
2025-10-24 02:16:55.533533,18.7424,62.3343,59.3,26.83,35.47,2902086,2,2902086_002,D
2025-10-24 02:16:55.533533,18.7424,62.3343,66.1,26.42,35.36,2902086,2,2902086_002,D
2025-10-24 02:16:55.533533,18.7424,62.3343,72.9,26.36,35.32,2902086,2,2902086_002,D
2025-10-24 02:16:55.533533,18.7424,62.3343,79.6,24.85,35.38,2902086,2,2902086_002,D
2025-10-24 02:16:55.533533,18.7424,62.3343,86.4,25.0,35.31,2902086,2,2902086_002,D
2025-10-24 02:16:55.533533,18.7424,62.3343,93.2,24.07,35.59,2902086,2,2902086_002,D
2025-10-24 02:16:55.533533,18.7424,62.3343,100.0,23.27,35.67,2902086,2,2902086_002,D
2025-10-24 02:16:55.533533,18.7424,62.3343,110.0,22.4,35.48,2902086,2,2902086_002,D
2025-10-24 02:16:55.533533,18.7424,62.3343,137.9,20.27,35.65,2902086,2,2902086_002,D
2025-10-24 02:16:55.533533,18.7424,62.3343,165.7,19.52,35.81,2902086,2,2902086_002,D
2025-10-24 02:16:55.533533,18.7424,62.3343,193.6,18.59,35.79,2902086,2,2902086_002,D
2025-10-24 02:16:55.533533,18.7424,62.3343,221.4,17.87,35.48,2902086,2,2902086_002,D
2025-10-24 02:16:55.533533,18.7424,62.3343,249.3,16.83,35.59,2902086,2,2902086_002,D
2025-10-24 02:16:55.533533,18.7424,62.3343,277.1,15.89,35.35,2902086,2,2902086_002,D
2025-10-24 02:16:55.533533,18.7424,62.3343,305.0,14.73,35.56,2902086,2,2902086_002,D
2025-10-24 02:16:55.533533,18.7424,62.3343,332.9,14.73,35.72,2902086,2,2902086_002,D
2025-10-24 02:16:55.533533,18.7424,62.3343,360.7,13.72,35.5,2902086,2,2902086_002,D
2025-10-24 02:16:55.533533,18.7424,62.3343,388.6,12.92,35.34,2902086,2,2902086_002,D
2025-10-24 02:16:55.533533,18.7424,62.3343,416.4,11.97,35.6,2902086,2,2902086_002,D
2025-10-24 02:16:55.533533,18.7424,62.3343,444.3,10.87,35.38,2902086,2,2902086_002,D
2025-10-24 02:16:55.533533,18.7424,62.3343,472.1,10.43,35.61,2902086,2,2902086_002,D
2025-10-24 02:16:55.533533,18.7424,62.3343,500.0,9.66,35.5,2902086,2,2902086_002,D
2025-10-24 02:16:55.533533,18.7424,62.3343,520.0,9.38,35.59,2902086,2,2902086_002,D
2025-10-24 02:16:55.533533,18.7424,62.3343,581.7,9.71,35.51,2902086,2,2902086_002,D
2025-10-24 02:16:55.533533,18.7424,62.3343,643.3,9.39,35.56,2902086,2,2902086_002,D
2025-10-24 02:16:55.533533,18.7424,62.3343,705.0,9.32,35.49,2902086,2,2902086_002,D
2025-10-24 02:16:55.533533,18.7424,62.3343,766.7,8.8,35.41,2902086,2,2902086_002,D
2025-10-24 02:16:55.533533,18.7424,62.3343,828.3,8.34,35.45,2902086,2,2902086_002,D
2025-10-24 02:16:55.533533,18.7424,62.3343,890.0,7.98,35.46,2902086,2,2902086_002,D
2025-10-24 02:16:55.533533,18.7424,62.3343,951.7,8.18,35.44,2902086,2,2902086_002,D
2025-10-24 02:16:55.533533,18.7424,62.3343,1013.3,8.17,35.34,2902086,2,2902086_002,D
2025-10-24 02:16:55.533533,18.7424,62.3343,1075.0,7.51,35.55,2902086,2,2902086_002,D
2025-10-24 02:16:55.533533,18.7424,62.3343,1136.7,7.29,35.43,2902086,2,2902086_002,D
2025-10-24 02:16:55.533533,18.7424,62.3343,1198.3,6.76,35.43,2902086,2,2902086_002,D
2025-10-24 02:16:55.533533,18.7424,62.3343,1260.0,6.52,35.5,2902086,2,2902086_002,D
2025-10-24 02:16:55.533533,18.7424,62.3343,1321.7,6.21,35.49,2902086,2,2902086_002,D
2025-10-24 02:16:55.533533,18.7424,62.3343,1383.3,5.6,35.59,2902086,2,2902086_002,D
2025-10-24 02:16:55.533533,18.7424,62.3343,1445.0,6.12,35.33,2902086,2,2902086_002,D
2025-10-24 02:16:55.533533,18.7424,62.3343,1506.7,4.99,35.5,2902086,2,2902086_002,D
2025-10-24 02:16:55.533533,18.7424,62.3343,1568.3,5.61,35.58,2902086,2,2902086_002,D
2025-10-24 02:16:55.533533,18.7424,62.3343,1630.0,4.56,35.62,2902086,2,2902086_002,D
2025-10-24 02:16:55.533533,18.7424,62.3343,1691.7,4.58,35.56,2902086,2,2902086_002,D
2025-10-24 02:16:55.533533,18.7424,62.3343,1753.3,5.13,35.43,2902086,2,2902086_002,D
2025-10-24 02:16:55.533533,18.7424,62.3343,1815.0,4.24,35.47,2902086,2,2902086_002,D
2025-10-24 02:16:55.533533,18.7424,62.3343,1876.7,4.3,35.45,2902086,2,2902086_002,D
2025-10-24 02:16:55.533533,18.7424,62.3343,1938.3,3.55,35.46,2902086,2,2902086_002,D
2025-10-24 02:16:55.533533,18.7424,62.3343,2000.0,3.58,35.62,2902086,2,2902086_002,D
2025-11-02 11:24:29.933606,18.6517,62.4142,5.0,29.73,35.99,2902086,3,2902086_003,D
2025-11-02 11:24:29.933606,18.6517,62.4142,11.8,29.63,36.0,2902086,3,2902086_003,D
2025-11-02 11:24:29.933606,18.6517,62.4142,18.6,29.34,36.02,2902086,3,2902086_003,D
2025-11-02 11:24:29.933606,18.6517,62.4142,25.4,28.68,35.96,2902086,3,2902086_003,D
2025-11-02 11:24:29.933606,18.6517,62.4142,32.1,28.39,35.27,2902086,3,2902086_003,D
2025-11-02 11:24:29.933606,18.6517,62.4142,38.9,27.98,35.34,2902086,3,2902086_003,D
2025-11-02 11:24:29.933606,18.6517,62.4142,45.7,27.97,35.42,2902086,3,2902086_003,D
2025-11-02 11:24:29.933606,18.6517,62.4142,52.5,27.74,35.34,2902086,3,2902086_003,D
2025-11-02 11:24:29.933606,18.6517,62.4142,59.3,27.25,35.29,2902086,3,2902086_003,D
2025-11-02 11:24:29.933606,18.6517,62.4142,66.1,26.68,35.43,2902086,3,2902086_003,D
2025-11-02 11:24:29.933606,18.6517,62.4142,72.9,25.71,35.44,2902086,3,2902086_003,D
2025-11-02 11:24:29.933606,18.6517,62.4142,79.6,25.68,35.41,2902086,3,2902086_003,D
2025-11-02 11:24:29.933606,18.6517,62.4142,86.4,24.72,35.5,2902086,3,2902086_003,D
2025-11-02 11:24:29.933606,18.6517,62.4142,93.2,25.19,35.6,2902086,3,2902086_003,D
2025-11-02 11:24:29.933606,18.6517,62.4142,100.0,23.7,35.54,2902086,3,2902086_003,D
2025-11-02 11:24:29.933606,18.6517,62.4142,110.0,23.74,35.46,2902086,3,2902086_003,D
2025-11-02 11:24:29.933606,18.6517,62.4142,137.9,20.46,35.43,2902086,3,2902086_003,D
2025-11-02 11:24:29.933606,18.6517,62.4142,165.7,19.35,35.62,2902086,3,2902086_003,D
2025-11-02 11:24:29.933606,18.6517,62.4142,193.6,18.38,35.76,2902086,3,2902086_003,D
2025-11-02 11:24:29.933606,18.6517,62.4142,221.4,17.8,35.45,2902086,3,2902086_003,D
2025-11-02 11:24:29.933606,18.6517,62.4142,249.3,16.76,35.58,2902086,3,2902086_003,D
2025-11-02 11:24:29.933606,18.6517,62.4142,277.1,16.46,35.57,2902086,3,2902086_003,D
2025-11-02 11:24:29.933606,18.6517,62.4142,305.0,15.36,35.36,2902086,3,2902086_003,D
2025-11-02 11:24:29.933606,18.6517,62.4142,332.9,14.06,35.28,2902086,3,2902086_003,D
2025-11-02 11:24:29.933606,18.6517,62.4142,360.7,13.95,35.59,2902086,3,2902086_003,D
2025-11-02 11:24:29.933606,18.6517,62.4142,388.6,13.22,35.55,2902086,3,2902086_003,D
2025-11-02 11:24:29.933606,18.6517,62.4142,416.4,12.36,35.44,2902086,3,2902086_003,D
2025-11-02 11:24:29.933606,18.6517,62.4142,444.3,11.33,35.59,2902086,3,2902086_003,D
2025-11-02 11:24:29.933606,18.6517,62.4142,472.1,10.0,35.29,2902086,3,2902086_003,D
2025-11-02 11:24:29.933606,18.6517,62.4142,500.0,9.42,35.69,2902086,3,2902086_003,D
2025-11-02 11:24:29.933606,18.6517,62.4142,520.0,9.81,35.4,2902086,3,2902086_003,D
2025-11-02 11:24:29.933606,18.6517,62.4142,581.7,9.44,35.48,2902086,3,2902086_003,D
2025-11-02 11:24:29.933606,18.6517,62.4142,643.3,9.0,35.37,2902086,3,2902086_003,D
2025-11-02 11:24:29.933606,18.6517,62.4142,705.0,8.56,35.38,2902086,3,2902086_003,D
2025-11-02 11:24:29.933606,18.6517,62.4142,766.7,8.75,35.48,2902086,3,2902086_003,D
2025-11-02 11:24:29.933606,18.6517,62.4142,828.3,8.15,35.47,2902086,3,2902086_003,D
2025-11-02 11:24:29.933606,18.6517,62.4142,890.0,8.5,35.49,2902086,3,2902086_003,D
2025-11-02 11:24:29.933606,18.6517,62.4142,951.7,7.54,35.77,2902086,3,2902086_003,D
2025-11-02 11:24:29.933606,18.6517,62.4142,1013.3,7.46,35.6,2902086,3,2902086_003,D
2025-11-02 11:24:29.933606,18.6517,62.4142,1075.0,7.17,35.54,2902086,3,2902086_003,D
2025-11-02 11:24:29.933606,18.6517,62.4142,1136.7,6.89,35.63,2902086,3,2902086_003,D
2025-11-02 11:24:29.933606,18.6517,62.4142,1198.3,7.33,35.42,2902086,3,2902086_003,D
2025-11-02 11:24:29.933606,18.6517,62.4142,1260.0,6.54,35.32,2902086,3,2902086_003,D
2025-11-02 11:24:29.933606,18.6517,62.4142,1321.7,6.36,35.5,2902086,3,2902086_003,D
2025-11-02 11:24:29.933606,18.6517,62.4142,1383.3,5.92,35.39,2902086,3,2902086_003,D
2025-11-02 11:24:29.933606,18.6517,62.4142,1445.0,6.07,35.22,2902086,3,2902086_003,D
2025-11-02 11:24:29.933606,18.6517,62.4142,1506.7,5.72,35.4,2902086,3,2902086_003,D
2025-11-02 11:24:29.933606,18.6517,62.4142,1568.3,5.52,35.49,2902086,3,2902086_003,D
2025-11-02 11:24:29.933606,18.6517,62.4142,1630.0,4.95,35.5,2902086,3,2902086_003,D
2025-11-02 11:24:29.933606,18.6517,62.4142,1691.7,5.0,35.5,2902086,3,2902086_003,D
2025-11-02 11:24:29.933606,18.6517,62.4142,1753.3,4.81,35.52,2902086,3,2902086_003,D
2025-11-02 11:24:29.933606,18.6517,62.4142,1815.0,4.76,35.52,2902086,3,2902086_003,D
2025-11-02 11:24:29.933606,18.6517,62.4142,1876.7,4.2,35.52,2902086,3,2902086_003,D
2025-11-02 11:24:29.933606,18.6517,62.4142,1938.3,3.92,35.35,2902086,3,2902086_003,D
2025-11-02 11:24:29.933606,18.6517,62.4142,2000.0,3.72,35.48,2902086,3,2902086_003,D
2025-11-12 02:50:19.639921,18.8077,62.4367,5.0,29.66,36.09,2902086,4,2902086_004,D
2025-11-12 02:50:19.639921,18.8077,62.4367,11.8,29.58,36.1,2902086,4,2902086_004,D
2025-11-12 02:50:19.639921,18.8077,62.4367,18.6,28.74,35.84,2902086,4,2902086_004,D
2025-11-12 02:50:19.639921,18.8077,62.4367,25.4,28.8,36.05,2902086,4,2902086_004,D
2025-11-12 02:50:19.639921,18.8077,62.4367,32.1,27.94,35.21,2902086,4,2902086_004,D
2025-11-12 02:50:19.639921,18.8077,62.4367,38.9,28.65,35.28,2902086,4,2902086_004,D
2025-11-12 02:50:19.639921,18.8077,62.4367,45.7,27.91,35.34,2902086,4,2902086_004,D
2025-11-12 02:50:19.639921,18.8077,62.4367,52.5,27.66,35.35,2902086,4,2902086_004,D
2025-11-12 02:50:19.639921,18.8077,62.4367,59.3,26.4,35.15,2902086,4,2902086_004,D
2025-11-12 02:50:19.639921,18.8077,62.4367,66.1,26.43,35.32,2902086,4,2902086_004,D
2025-11-12 02:50:19.639921,18.8077,62.4367,72.9,25.91,35.42,2902086,4,2902086_004,D
2025-11-12 02:50:19.639921,18.8077,62.4367,79.6,25.04,35.49,2902086,4,2902086_004,D
2025-11-12 02:50:19.639921,18.8077,62.4367,86.4,24.41,35.54,2902086,4,2902086_004,D
2025-11-12 02:50:19.639921,18.8077,62.4367,93.2,24.4,35.6,2902086,4,2902086_004,D
2025-11-12 02:50:19.639921,18.8077,62.4367,100.0,23.49,35.41,2902086,4,2902086_004,D
2025-11-12 02:50:19.639921,18.8077,62.4367,110.0,22.89,35.45,2902086,4,2902086_004,D
2025-11-12 02:50:19.639921,18.8077,62.4367,137.9,20.54,35.56,2902086,4,2902086_004,D
2025-11-12 02:50:19.639921,18.8077,62.4367,165.7,19.5,35.86,2902086,4,2902086_004,D
2025-11-12 02:50:19.639921,18.8077,62.4367,193.6,18.71,35.93,2902086,4,2902086_004,D
2025-11-12 02:50:19.639921,18.8077,62.4367,221.4,17.49,35.54,2902086,4,2902086_004,D
2025-11-12 02:50:19.639921,18.8077,62.4367,249.3,16.06,35.24,2902086,4,2902086_004,D
2025-11-12 02:50:19.639921,18.8077,62.4367,277.1,15.2,35.53,2902086,4,2902086_004,D
2025-11-12 02:50:19.639921,18.8077,62.4367,305.0,14.82,35.59,2902086,4,2902086_004,D
2025-11-12 02:50:19.639921,18.8077,62.4367,332.9,14.66,35.73,2902086,4,2902086_004,D
2025-11-12 02:50:19.639921,18.8077,62.4367,360.7,14.32,35.52,2902086,4,2902086_004,D
2025-11-12 02:50:19.639921,18.8077,62.4367,388.6,12.88,35.43,2902086,4,2902086_004,D
2025-11-12 02:50:19.639921,18.8077,62.4367,416.4,11.88,35.7,2902086,4,2902086_004,D
2025-11-12 02:50:19.639921,18.8077,62.4367,444.3,11.28,35.48,2902086,4,2902086_004,D
2025-11-12 02:50:19.639921,18.8077,62.4367,472.1,10.22,35.58,2902086,4,2902086_004,D
2025-11-12 02:50:19.639921,18.8077,62.4367,500.0,9.62,35.4,2902086,4,2902086_004,D
2025-11-12 02:50:19.639921,18.8077,62.4367,520.0,9.82,35.66,2902086,4,2902086_004,D
2025-11-12 02:50:19.639921,18.8077,62.4367,581.7,9.09,35.63,2902086,4,2902086_004,D
2025-11-12 02:50:19.639921,18.8077,62.4367,643.3,8.75,35.53,2902086,4,2902086_004,D
2025-11-12 02:50:19.639921,18.8077,62.4367,705.0,9.03,35.57,2902086,4,2902086_004,D
2025-11-12 02:50:19.639921,18.8077,62.4367,766.7,8.73,35.82,2902086,4,2902086_004,D
2025-11-12 02:50:19.639921,18.8077,62.4367,828.3,7.9,35.43,2902086,4,2902086_004,D
2025-11-12 02:50:19.639921,18.8077,62.4367,890.0,8.06,35.46,2902086,4,2902086_004,D
2025-11-12 02:50:19.639921,18.8077,62.4367,951.7,8.12,35.58,2902086,4,2902086_004,D
2025-11-12 02:50:19.639921,18.8077,62.4367,1013.3,7.33,35.68,2902086,4,2902086_004,D
2025-11-12 02:50:19.639921,18.8077,62.4367,1075.0,7.19,35.48,2902086,4,2902086_004,D
2025-11-12 02:50:19.639921,18.8077,62.4367,1136.7,8.05,35.63,2902086,4,2902086_004,D
2025-11-12 02:50:19.639921,18.8077,62.4367,1198.3,7.83,35.5,2902086,4,2902086_004,D
2025-11-12 02:50:19.639921,18.8077,62.4367,1260.0,6.36,35.4,2902086,4,2902086_004,D
2025-11-12 02:50:19.639921,18.8077,62.4367,1321.7,6.5,35.43,2902086,4,2902086_004,D
2025-11-12 02:50:19.639921,18.8077,62.4367,1383.3,6.13,35.42,2902086,4,2902086_004,D
2025-11-12 02:50:19.639921,18.8077,62.4367,1445.0,5.74,35.41,2902086,4,2902086_004,D
2025-11-12 02:50:19.639921,18.8077,62.4367,1506.7,5.61,35.51,2902086,4,2902086_004,D
2025-11-12 02:50:19.639921,18.8077,62.4367,1568.3,5.42,35.47,2902086,4,2902086_004,D
2025-11-12 02:50:19.639921,18.8077,62.4367,1630.0,5.61,35.54,2902086,4,2902086_004,D
2025-11-12 02:50:19.639921,18.8077,62.4367,1691.7,5.3,35.39,2902086,4,2902086_004,D
2025-11-12 02:50:19.639921,18.8077,62.4367,1753.3,4.84,35.69,2902086,4,2902086_004,D
2025-11-12 02:50:19.639921,18.8077,62.4367,1815.0,4.41,35.5,2902086,4,2902086_004,D
2025-11-12 02:50:19.639921,18.8077,62.4367,1876.7,4.27,35.64,2902086,4,2902086_004,D
2025-11-12 02:50:19.639921,18.8077,62.4367,1938.3,3.83,35.45,2902086,4,2902086_004,D
2025-11-12 02:50:19.639921,18.8077,62.4367,2000.0,4.19,35.44,2902086,4,2902086_004,D
2025-11-22 07:08:10.197674,18.6479,62.2812,5.0,29.4,35.89,2902086,5,2902086_005,D
2025-11-22 07:08:10.197674,18.6479,62.2812,11.8,29.55,36.13,2902086,5,2902086_005,D
2025-11-22 07:08:10.197674,18.6479,62.2812,18.6,28.71,36.24,2902086,5,2902086_005,D
2025-11-22 07:08:10.197674,18.6479,62.2812,25.4,29.01,35.94,2902086,5,2902086_005,D
2025-11-22 07:08:10.197674,18.6479,62.2812,32.1,28.47,35.32,2902086,5,2902086_005,D
2025-11-22 07:08:10.197674,18.6479,62.2812,38.9,28.25,35.31,2902086,5,2902086_005,D
2025-11-22 07:08:10.197674,18.6479,62.2812,45.7,27.64,35.36,2902086,5,2902086_005,D
2025-11-22 07:08:10.197674,18.6479,62.2812,52.5,27.66,35.46,2902086,5,2902086_005,D
2025-11-22 07:08:10.197674,18.6479,62.2812,59.3,27.11,35.38,2902086,5,2902086_005,D
2025-11-22 07:08:10.197674,18.6479,62.2812,66.1,26.73,35.31,2902086,5,2902086_005,D
2025-11-22 07:08:10.197674,18.6479,62.2812,72.9,25.63,35.58,2902086,5,2902086_005,D
2025-11-22 07:08:10.197674,18.6479,62.2812,79.6,25.6,35.4,2902086,5,2902086_005,D
2025-11-22 07:08:10.197674,18.6479,62.2812,86.4,24.44,35.56,2902086,5,2902086_005,D
2025-11-22 07:08:10.197674,18.6479,62.2812,93.2,24.21,35.5,2902086,5,2902086_005,D
2025-11-22 07:08:10.197674,18.6479,62.2812,100.0,23.62,35.51,2902086,5,2902086_005,D
2025-11-22 07:08:10.197674,18.6479,62.2812,110.0,22.69,35.37,2902086,5,2902086_005,D
2025-11-22 07:08:10.197674,18.6479,62.2812,137.9,20.77,35.49,2902086,5,2902086_005,D
2025-11-22 07:08:10.197674,18.6479,62.2812,165.7,19.21,35.62,2902086,5,2902086_005,D
2025-11-22 07:08:10.197674,18.6479,62.2812,193.6,18.7,35.95,2902086,5,2902086_005,D
2025-11-22 07:08:10.197674,18.6479,62.2812,221.4,17.69,35.6,2902086,5,2902086_005,D
2025-11-22 07:08:10.197674,18.6479,62.2812,249.3,16.79,35.62,2902086,5,2902086_005,D
2025-11-22 07:08:10.197674,18.6479,62.2812,277.1,15.95,35.44,2902086,5,2902086_005,D
2025-11-22 07:08:10.197674,18.6479,62.2812,305.0,15.58,35.37,2902086,5,2902086_005,D
2025-11-22 07:08:10.197674,18.6479,62.2812,332.9,14.79,35.54,2902086,5,2902086_005,D
2025-11-22 07:08:10.197674,18.6479,62.2812,360.7,13.01,35.33,2902086,5,2902086_005,D
2025-11-22 07:08:10.197674,18.6479,62.2812,388.6,13.01,35.41,2902086,5,2902086_005,D
2025-11-22 07:08:10.197674,18.6479,62.2812,416.4,12.21,35.5,2902086,5,2902086_005,D
2025-11-22 07:08:10.197674,18.6479,62.2812,444.3,11.43,35.41,2902086,5,2902086_005,D
2025-11-22 07:08:10.197674,18.6479,62.2812,472.1,10.54,35.47,2902086,5,2902086_005,D
2025-11-22 07:08:10.197674,18.6479,62.2812,500.0,9.8,35.52,2902086,5,2902086_005,D
2025-11-22 07:08:10.197674,18.6479,62.2812,520.0,9.87,35.61,2902086,5,2902086_005,D
2025-11-22 07:08:10.197674,18.6479,62.2812,581.7,9.28,35.43,2902086,5,2902086_005,D
2025-11-22 07:08:10.197674,18.6479,62.2812,643.3,9.16,35.53,2902086,5,2902086_005,D
2025-11-22 07:08:10.197674,18.6479,62.2812,705.0,8.66,35.58,2902086,5,2902086_005,D
2025-11-22 07:08:10.197674,18.6479,62.2812,766.7,8.64,35.44,2902086,5,2902086_005,D
2025-11-22 07:08:10.197674,18.6479,62.2812,828.3,8.44,35.51,2902086,5,2902086_005,D
2025-11-22 07:08:10.197674,18.6479,62.2812,890.0,8.03,35.35,2902086,5,2902086_005,D
2025-11-22 07:08:10.197674,18.6479,62.2812,951.7,7.79,35.54,2902086,5,2902086_005,D
2025-11-22 07:08:10.197674,18.6479,62.2812,1013.3,7.87,35.41,2902086,5,2902086_005,D
2025-11-22 07:08:10.197674,18.6479,62.2812,1075.0,7.62,35.47,2902086,5,2902086_005,D
2025-11-22 07:08:10.197674,18.6479,62.2812,1136.7,7.21,35.52,2902086,5,2902086_005,D
2025-11-22 07:08:10.197674,18.6479,62.2812,1198.3,7.42,35.43,2902086,5,2902086_005,D
2025-11-22 07:08:10.197674,18.6479,62.2812,1260.0,6.66,35.52,2902086,5,2902086_005,D
2025-11-22 07:08:10.197674,18.6479,62.2812,1321.7,6.13,35.37,2902086,5,2902086_005,D
2025-11-22 07:08:10.197674,18.6479,62.2812,1383.3,5.67,35.44,2902086,5,2902086_005,D
2025-11-22 07:08:10.197674,18.6479,62.2812,1445.0,5.86,35.41,2902086,5,2902086_005,D
2025-11-22 07:08:10.197674,18.6479,62.2812,1506.7,5.68,35.67,2902086,5,2902086_005,D
2025-11-22 07:08:10.197674,18.6479,62.2812,1568.3,5.68,35.62,2902086,5,2902086_005,D
2025-11-22 07:08:10.197674,18.6479,62.2812,1630.0,4.76,35.66,2902086,5,2902086_005,D
2025-11-22 07:08:10.197674,18.6479,62.2812,1691.7,5.3,35.58,2902086,5,2902086_005,D
2025-11-22 07:08:10.197674,18.6479,62.2812,1753.3,4.72,35.13,2902086,5,2902086_005,D
2025-11-22 07:08:10.197674,18.6479,62.2812,1815.0,4.19,35.45,2902086,5,2902086_005,D
2025-11-22 07:08:10.197674,18.6479,62.2812,1876.7,4.36,35.59,2902086,5,2902086_005,D
2025-11-22 07:08:10.197674,18.6479,62.2812,1938.3,3.72,35.3,2902086,5,2902086_005,D
2025-11-22 07:08:10.197674,18.6479,62.2812,2000.0,3.98,35.39,2902086,5,2902086_005,D
2025-12-02 12:38:02.365264,18.7757,62.2211,5.0,29.4,36.05,2902086,6,2902086_006,D
2025-12-02 12:38:02.365264,18.7757,62.2211,11.8,29.34,36.07,2902086,6,2902086_006,D
2025-12-02 12:38:02.365264,18.7757,62.2211,18.6,29.14,36.0,2902086,6,2902086_006,D
2025-12-02 12:38:02.365264,18.7757,62.2211,25.4,28.26,35.93,2902086,6,2902086_006,D
2025-12-02 12:38:02.365264,18.7757,62.2211,32.1,28.65,35.38,2902086,6,2902086_006,D
2025-12-02 12:38:02.365264,18.7757,62.2211,38.9,28.59,35.29,2902086,6,2902086_006,D
2025-12-02 12:38:02.365264,18.7757,62.2211,45.7,27.81,35.25,2902086,6,2902086_006,D
2025-12-02 12:38:02.365264,18.7757,62.2211,52.5,28.15,35.59,2902086,6,2902086_006,D
2025-12-02 12:38:02.365264,18.7757,62.2211,59.3,26.55,35.48,2902086,6,2902086_006,D
2025-12-02 12:38:02.365264,18.7757,62.2211,66.1,26.61,35.55,2902086,6,2902086_006,D
2025-12-02 12:38:02.365264,18.7757,62.2211,72.9,26.27,35.43,2902086,6,2902086_006,D
2025-12-02 12:38:02.365264,18.7757,62.2211,79.6,25.33,35.44,2902086,6,2902086_006,D
2025-12-02 12:38:02.365264,18.7757,62.2211,86.4,24.69,35.43,2902086,6,2902086_006,D
2025-12-02 12:38:02.365264,18.7757,62.2211,93.2,24.57,35.49,2902086,6,2902086_006,D
2025-12-02 12:38:02.365264,18.7757,62.2211,100.0,23.34,35.5,2902086,6,2902086_006,D
2025-12-02 12:38:02.365264,18.7757,62.2211,110.0,23.27,35.61,2902086,6,2902086_006,D
2025-12-02 12:38:02.365264,18.7757,62.2211,137.9,20.29,35.63,2902086,6,2902086_006,D
2025-12-02 12:38:02.365264,18.7757,62.2211,165.7,19.1,35.76,2902086,6,2902086_006,D
2025-12-02 12:38:02.365264,18.7757,62.2211,193.6,17.7,35.72,2902086,6,2902086_006,D
2025-12-02 12:38:02.365264,18.7757,62.2211,221.4,17.67,35.6,2902086,6,2902086_006,D
2025-12-02 12:38:02.365264,18.7757,62.2211,249.3,17.25,35.47,2902086,6,2902086_006,D
2025-12-02 12:38:02.365264,18.7757,62.2211,277.1,15.76,35.44,2902086,6,2902086_006,D
2025-12-02 12:38:02.365264,18.7757,62.2211,305.0,15.1,35.57,2902086,6,2902086_006,D
2025-12-02 12:38:02.365264,18.7757,62.2211,332.9,14.26,35.37,2902086,6,2902086_006,D
2025-12-02 12:38:02.365264,18.7757,62.2211,360.7,13.83,35.59,2902086,6,2902086_006,D
2025-12-02 12:38:02.365264,18.7757,62.2211,388.6,12.43,35.5,2902086,6,2902086_006,D
2025-12-02 12:38:02.365264,18.7757,62.2211,416.4,12.1,35.48,2902086,6,2902086_006,D
2025-12-02 12:38:02.365264,18.7757,62.2211,444.3,10.96,35.58,2902086,6,2902086_006,D
2025-12-02 12:38:02.365264,18.7757,62.2211,472.1,10.55,35.54,2902086,6,2902086_006,D
2025-12-02 12:38:02.365264,18.7757,62.2211,500.0,9.93,35.5,2902086,6,2902086_006,D
2025-12-02 12:38:02.365264,18.7757,62.2211,520.0,10.39,35.64,2902086,6,2902086_006,D
2025-12-02 12:38:02.365264,18.7757,62.2211,581.7,9.14,35.58,2902086,6,2902086_006,D
2025-12-02 12:38:02.365264,18.7757,62.2211,643.3,9.12,35.65,2902086,6,2902086_006,D
2025-12-02 12:38:02.365264,18.7757,62.2211,705.0,9.49,35.44,2902086,6,2902086_006,D
2025-12-02 12:38:02.365264,18.7757,62.2211,766.7,8.8,35.49,2902086,6,2902086_006,D
2025-12-02 12:38:02.365264,18.7757,62.2211,828.3,8.87,35.57,2902086,6,2902086_006,D
2025-12-02 12:38:02.365264,18.7757,62.2211,890.0,8.01,35.69,2902086,6,2902086_006,D
2025-12-02 12:38:02.365264,18.7757,62.2211,951.7,8.05,35.61,2902086,6,2902086_006,D
2025-12-02 12:38:02.365264,18.7757,62.2211,1013.3,7.49,35.5,2902086,6,2902086_006,D
2025-12-02 12:38:02.365264,18.7757,62.2211,1075.0,7.3,35.53,2902086,6,2902086_006,D
2025-12-02 12:38:02.365264,18.7757,62.2211,1136.7,7.49,35.41,2902086,6,2902086_006,D
2025-12-02 12:38:02.365264,18.7757,62.2211,1198.3,7.44,35.27,2902086,6,2902086_006,D
2025-12-02 12:38:02.365264,18.7757,62.2211,1260.0,6.29,35.46,2902086,6,2902086_006,D
2025-12-02 12:38:02.365264,18.7757,62.2211,1321.7,6.32,35.59,2902086,6,2902086_006,D
2025-12-02 12:38:02.365264,18.7757,62.2211,1383.3,5.95,35.68,2902086,6,2902086_006,D
2025-12-02 12:38:02.365264,18.7757,62.2211,1445.0,6.17,35.62,2902086,6,2902086_006,D
2025-12-02 12:38:02.365264,18.7757,62.2211,1506.7,5.68,35.72,2902086,6,2902086_006,D
2025-12-02 12:38:02.365264,18.7757,62.2211,1568.3,5.5,35.66,2902086,6,2902086_006,D
2025-12-02 12:38:02.365264,18.7757,62.2211,1630.0,5.28,35.33,2902086,6,2902086_006,D
2025-12-02 12:38:02.365264,18.7757,62.2211,1691.7,5.35,35.54,2902086,6,2902086_006,D
2025-12-02 12:38:02.365264,18.7757,62.2211,1753.3,5.11,35.42,2902086,6,2902086_006,D
2025-12-02 12:38:02.365264,18.7757,62.2211,1815.0,4.03,35.7,2902086,6,2902086_006,D
2025-12-02 12:38:02.365264,18.7757,62.2211,1876.7,4.62,35.36,2902086,6,2902086_006,D
2025-12-02 12:38:02.365264,18.7757,62.2211,1938.3,4.15,35.45,2902086,6,2902086_006,D
2025-12-02 12:38:02.365264,18.7757,62.2211,2000.0,3.48,35.67,2902086,6,2902086_006,D
2025-12-13 20:41:05.042919,18.6926,62.34,5.0,29.56,36.05,2902086,7,2902086_007,D
2025-12-13 20:41:05.042919,18.6926,62.34,11.8,29.31,36.18,2902086,7,2902086_007,D
2025-12-13 20:41:05.042919,18.6926,62.34,18.6,29.01,36.0,2902086,7,2902086_007,D
2025-12-13 20:41:05.042919,18.6926,62.34,25.4,28.53,36.17,2902086,7,2902086_007,D
2025-12-13 20:41:05.042919,18.6926,62.34,32.1,28.58,35.19,2902086,7,2902086_007,D
2025-12-13 20:41:05.042919,18.6926,62.34,38.9,28.06,35.35,2902086,7,2902086_007,D
2025-12-13 20:41:05.042919,18.6926,62.34,45.7,27.28,35.38,2902086,7,2902086_007,D
2025-12-13 20:41:05.042919,18.6926,62.34,52.5,27.59,35.62,2902086,7,2902086_007,D
2025-12-13 20:41:05.042919,18.6926,62.34,59.3,26.78,35.32,2902086,7,2902086_007,D
2025-12-13 20:41:05.042919,18.6926,62.34,66.1,25.98,35.45,2902086,7,2902086_007,D
2025-12-13 20:41:05.042919,18.6926,62.34,72.9,26.07,35.43,2902086,7,2902086_007,D
2025-12-13 20:41:05.042919,18.6926,62.34,79.6,25.34,35.53,2902086,7,2902086_007,D
2025-12-13 20:41:05.042919,18.6926,62.34,86.4,24.49,35.37,2902086,7,2902086_007,D
2025-12-13 20:41:05.042919,18.6926,62.34,93.2,23.67,35.43,2902086,7,2902086_007,D
2025-12-13 20:41:05.042919,18.6926,62.34,100.0,23.72,35.47,2902086,7,2902086_007,D
2025-12-13 20:41:05.042919,18.6926,62.34,110.0,22.26,35.66,2902086,7,2902086_007,D
2025-12-13 20:41:05.042919,18.6926,62.34,137.9,20.39,35.61,2902086,7,2902086_007,D
2025-12-13 20:41:05.042919,18.6926,62.34,165.7,19.28,35.69,2902086,7,2902086_007,D
2025-12-13 20:41:05.042919,18.6926,62.34,193.6,18.69,35.95,2902086,7,2902086_007,D
2025-12-13 20:41:05.042919,18.6926,62.34,221.4,17.65,35.4,2902086,7,2902086_007,D
2025-12-13 20:41:05.042919,18.6926,62.34,249.3,17.17,35.73,2902086,7,2902086_007,D
2025-12-13 20:41:05.042919,18.6926,62.34,277.1,16.04,35.52,2902086,7,2902086_007,D
2025-12-13 20:41:05.042919,18.6926,62.34,305.0,14.97,35.44,2902086,7,2902086_007,D
2025-12-13 20:41:05.042919,18.6926,62.34,332.9,14.19,35.44,2902086,7,2902086_007,D
2025-12-13 20:41:05.042919,18.6926,62.34,360.7,13.69,35.54,2902086,7,2902086_007,D
2025-12-13 20:41:05.042919,18.6926,62.34,388.6,13.43,35.48,2902086,7,2902086_007,D
2025-12-13 20:41:05.042919,18.6926,62.34,416.4,11.86,35.6,2902086,7,2902086_007,D
2025-12-13 20:41:05.042919,18.6926,62.34,444.3,11.43,35.65,2902086,7,2902086_007,D
2025-12-13 20:41:05.042919,18.6926,62.34,472.1,10.46,35.52,2902086,7,2902086_007,D
2025-12-13 20:41:05.042919,18.6926,62.34,500.0,10.13,35.34,2902086,7,2902086_007,D
2025-12-13 20:41:05.042919,18.6926,62.34,520.0,9.93,35.52,2902086,7,2902086_007,D
2025-12-13 20:41:05.042919,18.6926,62.34,581.7,9.49,35.42,2902086,7,2902086_007,D
2025-12-13 20:41:05.042919,18.6926,62.34,643.3,8.87,35.33,2902086,7,2902086_007,D
2025-12-13 20:41:05.042919,18.6926,62.34,705.0,8.79,35.63,2902086,7,2902086_007,D
2025-12-13 20:41:05.042919,18.6926,62.34,766.7,8.38,35.67,2902086,7,2902086_007,D
2025-12-13 20:41:05.042919,18.6926,62.34,828.3,8.15,35.51,2902086,7,2902086_007,D
2025-12-13 20:41:05.042919,18.6926,62.34,890.0,8.37,35.64,2902086,7,2902086_007,D
2025-12-13 20:41:05.042919,18.6926,62.34,951.7,7.97,35.51,2902086,7,2902086_007,D
2025-12-13 20:41:05.042919,18.6926,62.34,1013.3,7.14,35.47,2902086,7,2902086_007,D
2025-12-13 20:41:05.042919,18.6926,62.34,1075.0,7.84,35.54,2902086,7,2902086_007,D
2025-12-13 20:41:05.042919,18.6926,62.34,1136.7,7.15,35.13,2902086,7,2902086_007,D
2025-12-13 20:41:05.042919,18.6926,62.34,1198.3,7.16,35.22,2902086,7,2902086_007,D
2025-12-13 20:41:05.042919,18.6926,62.34,1260.0,6.96,35.47,2902086,7,2902086_007,D
2025-12-13 20:41:05.042919,18.6926,62.34,1321.7,6.42,35.54,2902086,7,2902086_007,D
2025-12-13 20:41:05.042919,18.6926,62.34,1383.3,6.21,35.43,2902086,7,2902086_007,D
2025-12-13 20:41:05.042919,18.6926,62.34,1445.0,5.47,35.54,2902086,7,2902086_007,D
2025-12-13 20:41:05.042919,18.6926,62.34,1506.7,5.97,35.26,2902086,7,2902086_007,D
2025-12-13 20:41:05.042919,18.6926,62.34,1568.3,5.54,35.43,2902086,7,2902086_007,D
2025-12-13 20:41:05.042919,18.6926,62.34,1630.0,5.51,35.34,2902086,7,2902086_007,D
2025-12-13 20:41:05.042919,18.6926,62.34,1691.7,4.59,35.17,2902086,7,2902086_007,D
2025-12-13 20:41:05.042919,18.6926,62.34,1753.3,4.79,35.4,2902086,7,2902086_007,D
2025-12-13 20:41:05.042919,18.6926,62.34,1815.0,4.78,35.57,2902086,7,2902086_007,D
2025-12-13 20:41:05.042919,18.6926,62.34,1876.7,4.08,35.29,2902086,7,2902086_007,D
2025-12-13 20:41:05.042919,18.6926,62.34,1938.3,4.22,35.36,2902086,7,2902086_007,D
2025-12-13 20:41:05.042919,18.6926,62.34,2000.0,3.82,35.64,2902086,7,2902086_007,D
2025-12-22 18:13:09.195138,18.7312,62.6183,5.0,29.45,36.04,2902086,8,2902086_008,D
2025-12-22 18:13:09.195138,18.7312,62.6183,11.8,28.34,35.96,2902086,8,2902086_008,D
2025-12-22 18:13:09.195138,18.7312,62.6183,18.6,29.33,35.97,2902086,8,2902086_008,D
2025-12-22 18:13:09.195138,18.7312,62.6183,25.4,29.62,36.01,2902086,8,2902086_008,D
2025-12-22 18:13:09.195138,18.7312,62.6183,32.1,28.04,35.29,2902086,8,2902086_008,D
2025-12-22 18:13:09.195138,18.7312,62.6183,38.9,28.17,35.4,2902086,8,2902086_008,D
2025-12-22 18:13:09.195138,18.7312,62.6183,45.7,27.97,35.4,2902086,8,2902086_008,D
2025-12-22 18:13:09.195138,18.7312,62.6183,52.5,27.44,35.37,2902086,8,2902086_008,D
2025-12-22 18:13:09.195138,18.7312,62.6183,59.3,26.73,35.25,2902086,8,2902086_008,D
2025-12-22 18:13:09.195138,18.7312,62.6183,66.1,26.39,35.45,2902086,8,2902086_008,D
2025-12-22 18:13:09.195138,18.7312,62.6183,72.9,25.72,35.29,2902086,8,2902086_008,D
2025-12-22 18:13:09.195138,18.7312,62.6183,79.6,25.74,35.33,2902086,8,2902086_008,D
2025-12-22 18:13:09.195138,18.7312,62.6183,86.4,24.8,35.49,2902086,8,2902086_008,D
2025-12-22 18:13:09.195138,18.7312,62.6183,93.2,24.37,35.42,2902086,8,2902086_008,D
2025-12-22 18:13:09.195138,18.7312,62.6183,100.0,23.84,35.52,2902086,8,2902086_008,D
2025-12-22 18:13:09.195138,18.7312,62.6183,110.0,22.27,35.51,2902086,8,2902086_008,D
2025-12-22 18:13:09.195138,18.7312,62.6183,137.9,20.78,35.63,2902086,8,2902086_008,D
2025-12-22 18:13:09.195138,18.7312,62.6183,165.7,19.49,35.95,2902086,8,2902086_008,D
2025-12-22 18:13:09.195138,18.7312,62.6183,193.6,18.54,35.85,2902086,8,2902086_008,D
2025-12-22 18:13:09.195138,18.7312,62.6183,221.4,17.17,35.58,2902086,8,2902086_008,D
2025-12-22 18:13:09.195138,18.7312,62.6183,249.3,16.12,35.46,2902086,8,2902086_008,D
2025-12-22 18:13:09.195138,18.7312,62.6183,277.1,15.8,35.33,2902086,8,2902086_008,D
2025-12-22 18:13:09.195138,18.7312,62.6183,305.0,15.2,35.7,2902086,8,2902086_008,D
2025-12-22 18:13:09.195138,18.7312,62.6183,332.9,14.47,35.64,2902086,8,2902086_008,D
2025-12-22 18:13:09.195138,18.7312,62.6183,360.7,13.72,35.56,2902086,8,2902086_008,D
2025-12-22 18:13:09.195138,18.7312,62.6183,388.6,13.33,35.58,2902086,8,2902086_008,D
2025-12-22 18:13:09.195138,18.7312,62.6183,416.4,12.25,35.56,2902086,8,2902086_008,D
2025-12-22 18:13:09.195138,18.7312,62.6183,444.3,11.34,35.45,2902086,8,2902086_008,D
2025-12-22 18:13:09.195138,18.7312,62.6183,472.1,10.5,35.73,2902086,8,2902086_008,D
2025-12-22 18:13:09.195138,18.7312,62.6183,500.0,9.85,35.63,2902086,8,2902086_008,D
2025-12-22 18:13:09.195138,18.7312,62.6183,520.0,9.21,35.49,2902086,8,2902086_008,D
2025-12-22 18:13:09.195138,18.7312,62.6183,581.7,9.26,35.51,2902086,8,2902086_008,D
2025-12-22 18:13:09.195138,18.7312,62.6183,643.3,9.15,35.71,2902086,8,2902086_008,D
2025-12-22 18:13:09.195138,18.7312,62.6183,705.0,8.67,35.4,2902086,8,2902086_008,D
2025-12-22 18:13:09.195138,18.7312,62.6183,766.7,8.63,35.45,2902086,8,2902086_008,D
2025-12-22 18:13:09.195138,18.7312,62.6183,828.3,8.08,35.41,2902086,8,2902086_008,D
2025-12-22 18:13:09.195138,18.7312,62.6183,890.0,8.21,35.44,2902086,8,2902086_008,D
2025-12-22 18:13:09.195138,18.7312,62.6183,951.7,8.22,35.56,2902086,8,2902086_008,D
2025-12-22 18:13:09.195138,18.7312,62.6183,1013.3,7.03,35.69,2902086,8,2902086_008,D
2025-12-22 18:13:09.195138,18.7312,62.6183,1075.0,7.68,35.54,2902086,8,2902086_008,D
2025-12-22 18:13:09.195138,18.7312,62.6183,1136.7,7.2,35.49,2902086,8,2902086_008,D
2025-12-22 18:13:09.195138,18.7312,62.6183,1198.3,7.24,35.48,2902086,8,2902086_008,D
2025-12-22 18:13:09.195138,18.7312,62.6183,1260.0,6.72,35.43,2902086,8,2902086_008,D
2025-12-22 18:13:09.195138,18.7312,62.6183,1321.7,6.12,35.43,2902086,8,2902086_008,D
2025-12-22 18:13:09.195138,18.7312,62.6183,1383.3,6.38,35.39,2902086,8,2902086_008,D
2025-12-22 18:13:09.195138,18.7312,62.6183,1445.0,5.96,35.69,2902086,8,2902086_008,D
2025-12-22 18:13:09.195138,18.7312,62.6183,1506.7,5.98,35.31,2902086,8,2902086_008,D
2025-12-22 18:13:09.195138,18.7312,62.6183,1568.3,5.65,35.53,2902086,8,2902086_008,D
2025-12-22 18:13:09.195138,18.7312,62.6183,1630.0,5.02,35.43,2902086,8,2902086_008,D
2025-12-22 18:13:09.195138,18.7312,62.6183,1691.7,4.7,35.55,2902086,8,2902086_008,D
2025-12-22 18:13:09.195138,18.7312,62.6183,1753.3,4.77,35.43,2902086,8,2902086_008,D
2025-12-22 18:13:09.195138,18.7312,62.6183,1815.0,4.19,35.63,2902086,8,2902086_008,D
2025-12-22 18:13:09.195138,18.7312,62.6183,1876.7,3.95,35.72,2902086,8,2902086_008,D
2025-12-22 18:13:09.195138,18.7312,62.6183,1938.3,4.11,35.36,2902086,8,2902086_008,D
2025-12-22 18:13:09.195138,18.7312,62.6183,2000.0,3.77,35.52,2902086,8,2902086_008,D
2026-01-01 03:57:51.547333,18.3677,62.6402,5.0,29.06,35.84,2902086,9,2902086_009,D
2026-01-01 03:57:51.547333,18.3677,62.6402,11.8,29.48,35.87,2902086,9,2902086_009,D
2026-01-01 03:57:51.547333,18.3677,62.6402,18.6,28.63,35.98,2902086,9,2902086_009,D
2026-01-01 03:57:51.547333,18.3677,62.6402,25.4,28.62,36.07,2902086,9,2902086_009,D
2026-01-01 03:57:51.547333,18.3677,62.6402,32.1,28.87,35.37,2902086,9,2902086_009,D
2026-01-01 03:57:51.547333,18.3677,62.6402,38.9,28.67,35.41,2902086,9,2902086_009,D
2026-01-01 03:57:51.547333,18.3677,62.6402,45.7,27.58,35.27,2902086,9,2902086_009,D
2026-01-01 03:57:51.547333,18.3677,62.6402,52.5,27.28,35.43,2902086,9,2902086_009,D
2026-01-01 03:57:51.547333,18.3677,62.6402,59.3,27.21,35.49,2902086,9,2902086_009,D
2026-01-01 03:57:51.547333,18.3677,62.6402,66.1,26.48,35.39,2902086,9,2902086_009,D
2026-01-01 03:57:51.547333,18.3677,62.6402,72.9,26.11,35.49,2902086,9,2902086_009,D
2026-01-01 03:57:51.547333,18.3677,62.6402,79.6,25.61,35.56,2902086,9,2902086_009,D
2026-01-01 03:57:51.547333,18.3677,62.6402,86.4,24.47,35.41,2902086,9,2902086_009,D
2026-01-01 03:57:51.547333,18.3677,62.6402,93.2,23.67,35.3,2902086,9,2902086_009,D
2026-01-01 03:57:51.547333,18.3677,62.6402,100.0,23.44,35.59,2902086,9,2902086_009,D
2026-01-01 03:57:51.547333,18.3677,62.6402,110.0,22.66,35.58,2902086,9,2902086_009,D
2026-01-01 03:57:51.547333,18.3677,62.6402,137.9,20.76,35.75,2902086,9,2902086_009,D
2026-01-01 03:57:51.547333,18.3677,62.6402,165.7,19.14,35.67,2902086,9,2902086_009,D
2026-01-01 03:57:51.547333,18.3677,62.6402,193.6,18.36,35.91,2902086,9,2902086_009,D
2026-01-01 03:57:51.547333,18.3677,62.6402,221.4,18.15,35.68,2902086,9,2902086_009,D
2026-01-01 03:57:51.547333,18.3677,62.6402,249.3,16.87,35.66,2902086,9,2902086_009,D
2026-01-01 03:57:51.547333,18.3677,62.6402,277.1,15.83,35.44,2902086,9,2902086_009,D
2026-01-01 03:57:51.547333,18.3677,62.6402,305.0,15.27,35.43,2902086,9,2902086_009,D
2026-01-01 03:57:51.547333,18.3677,62.6402,332.9,14.6,35.47,2902086,9,2902086_009,D
2026-01-01 03:57:51.547333,18.3677,62.6402,360.7,13.14,35.53,2902086,9,2902086_009,D
2026-01-01 03:57:51.547333,18.3677,62.6402,388.6,12.73,35.71,2902086,9,2902086_009,D
2026-01-01 03:57:51.547333,18.3677,62.6402,416.4,11.45,35.45,2902086,9,2902086_009,D
2026-01-01 03:57:51.547333,18.3677,62.6402,444.3,11.24,35.55,2902086,9,2902086_009,D
2026-01-01 03:57:51.547333,18.3677,62.6402,472.1,10.85,35.59,2902086,9,2902086_009,D
2026-01-01 03:57:51.547333,18.3677,62.6402,500.0,9.87,35.57,2902086,9,2902086_009,D
2026-01-01 03:57:51.547333,18.3677,62.6402,520.0,9.98,35.65,2902086,9,2902086_009,D
2026-01-01 03:57:51.547333,18.3677,62.6402,581.7,9.42,35.49,2902086,9,2902086_009,D
2026-01-01 03:57:51.547333,18.3677,62.6402,643.3,9.23,35.52,2902086,9,2902086_009,D
2026-01-01 03:57:51.547333,18.3677,62.6402,705.0,9.14,35.5,2902086,9,2902086_009,D
2026-01-01 03:57:51.547333,18.3677,62.6402,766.7,8.81,35.42,2902086,9,2902086_009,D
2026-01-01 03:57:51.547333,18.3677,62.6402,828.3,8.37,35.39,2902086,9,2902086_009,D
2026-01-01 03:57:51.547333,18.3677,62.6402,890.0,8.28,35.37,2902086,9,2902086_009,D
2026-01-01 03:57:51.547333,18.3677,62.6402,951.7,7.95,35.66,2902086,9,2902086_009,D
2026-01-01 03:57:51.547333,18.3677,62.6402,1013.3,7.38,35.52,2902086,9,2902086_009,D
2026-01-01 03:57:51.547333,18.3677,62.6402,1075.0,7.38,35.63,2902086,9,2902086_009,D
2026-01-01 03:57:51.547333,18.3677,62.6402,1136.7,7.44,35.54,2902086,9,2902086_009,D
2026-01-01 03:57:51.547333,18.3677,62.6402,1198.3,7.12,35.62,2902086,9,2902086_009,D
2026-01-01 03:57:51.547333,18.3677,62.6402,1260.0,6.79,35.36,2902086,9,2902086_009,D
2026-01-01 03:57:51.547333,18.3677,62.6402,1321.7,6.67,35.7,2902086,9,2902086_009,D
2026-01-01 03:57:51.547333,18.3677,62.6402,1383.3,6.13,35.48,2902086,9,2902086_009,D
2026-01-01 03:57:51.547333,18.3677,62.6402,1445.0,6.15,35.54,2902086,9,2902086_009,D
2026-01-01 03:57:51.547333,18.3677,62.6402,1506.7,5.92,35.59,2902086,9,2902086_009,D
2026-01-01 03:57:51.547333,18.3677,62.6402,1568.3,5.73,35.56,2902086,9,2902086_009,D
2026-01-01 03:57:51.547333,18.3677,62.6402,1630.0,4.89,35.54,2902086,9,2902086_009,D
2026-01-01 03:57:51.547333,18.3677,62.6402,1691.7,4.66,35.66,2902086,9,2902086_009,D
2026-01-01 03:57:51.547333,18.3677,62.6402,1753.3,4.51,35.72,2902086,9,2902086_009,D
2026-01-01 03:57:51.547333,18.3677,62.6402,1815.0,4.25,35.5,2902086,9,2902086_009,D
2026-01-01 03:57:51.547333,18.3677,62.6402,1876.7,3.82,35.55,2902086,9,2902086_009,D
2026-01-01 03:57:51.547333,18.3677,62.6402,1938.3,4.02,35.71,2902086,9,2902086_009,D
2026-01-01 03:57:51.547333,18.3677,62.6402,2000.0,3.67,35.65,2902086,9,2902086_009,D
2026-01-12 12:14:19.043775,18.9147,62.7652,5.0,29.23,36.03,2902086,10,2902086_010,D
2026-01-12 12:14:19.043775,18.9147,62.7652,11.8,29.21,35.92,2902086,10,2902086_010,D
2026-01-12 12:14:19.043775,18.9147,62.7652,18.6,28.87,36.16,2902086,10,2902086_010,D
2026-01-12 12:14:19.043775,18.9147,62.7652,25.4,28.43,36.01,2902086,10,2902086_010,D
2026-01-12 12:14:19.043775,18.9147,62.7652,32.1,27.7,35.41,2902086,10,2902086_010,D
2026-01-12 12:14:19.043775,18.9147,62.7652,38.9,28.42,35.39,2902086,10,2902086_010,D
2026-01-12 12:14:19.043775,18.9147,62.7652,45.7,28.46,35.38,2902086,10,2902086_010,D
2026-01-12 12:14:19.043775,18.9147,62.7652,52.5,27.43,35.4,2902086,10,2902086_010,D
2026-01-12 12:14:19.043775,18.9147,62.7652,59.3,26.73,35.62,2902086,10,2902086_010,D
2026-01-12 12:14:19.043775,18.9147,62.7652,66.1,26.31,35.48,2902086,10,2902086_010,D
2026-01-12 12:14:19.043775,18.9147,62.7652,72.9,25.88,35.55,2902086,10,2902086_010,D
2026-01-12 12:14:19.043775,18.9147,62.7652,79.6,25.5,35.4,2902086,10,2902086_010,D
2026-01-12 12:14:19.043775,18.9147,62.7652,86.4,24.68,35.37,2902086,10,2902086_010,D
2026-01-12 12:14:19.043775,18.9147,62.7652,93.2,24.05,35.58,2902086,10,2902086_010,D
2026-01-12 12:14:19.043775,18.9147,62.7652,100.0,23.48,35.46,2902086,10,2902086_010,D
2026-01-12 12:14:19.043775,18.9147,62.7652,110.0,22.82,35.52,2902086,10,2902086_010,D
2026-01-12 12:14:19.043775,18.9147,62.7652,137.9,20.36,35.77,2902086,10,2902086_010,D
2026-01-12 12:14:19.043775,18.9147,62.7652,165.7,19.26,35.48,2902086,10,2902086_010,D
2026-01-12 12:14:19.043775,18.9147,62.7652,193.6,17.96,35.7,2902086,10,2902086_010,D
2026-01-12 12:14:19.043775,18.9147,62.7652,221.4,17.37,35.48,2902086,10,2902086_010,D
2026-01-12 12:14:19.043775,18.9147,62.7652,249.3,16.56,35.4,2902086,10,2902086_010,D
2026-01-12 12:14:19.043775,18.9147,62.7652,277.1,16.07,35.43,2902086,10,2902086_010,D
2026-01-12 12:14:19.043775,18.9147,62.7652,305.0,15.46,35.37,2902086,10,2902086_010,D
2026-01-12 12:14:19.043775,18.9147,62.7652,332.9,14.39,35.57,2902086,10,2902086_010,D
2026-01-12 12:14:19.043775,18.9147,62.7652,360.7,13.99,35.64,2902086,10,2902086_010,D
2026-01-12 12:14:19.043775,18.9147,62.7652,388.6,13.25,35.27,2902086,10,2902086_010,D
2026-01-12 12:14:19.043775,18.9147,62.7652,416.4,12.28,35.31,2902086,10,2902086_010,D
2026-01-12 12:14:19.043775,18.9147,62.7652,444.3,11.33,35.43,2902086,10,2902086_010,D
2026-01-12 12:14:19.043775,18.9147,62.7652,472.1,10.76,35.55,2902086,10,2902086_010,D
2026-01-12 12:14:19.043775,18.9147,62.7652,500.0,9.81,35.58,2902086,10,2902086_010,D
2026-01-12 12:14:19.043775,18.9147,62.7652,520.0,9.34,35.36,2902086,10,2902086_010,D
2026-01-12 12:14:19.043775,18.9147,62.7652,581.7,9.34,35.57,2902086,10,2902086_010,D
2026-01-12 12:14:19.043775,18.9147,62.7652,643.3,9.23,35.64,2902086,10,2902086_010,D
2026-01-12 12:14:19.043775,18.9147,62.7652,705.0,8.92,35.5,2902086,10,2902086_010,D
2026-01-12 12:14:19.043775,18.9147,62.7652,766.7,8.5,35.2,2902086,10,2902086_010,D
2026-01-12 12:14:19.043775,18.9147,62.7652,828.3,8.33,35.41,2902086,10,2902086_010,D
2026-01-12 12:14:19.043775,18.9147,62.7652,890.0,8.15,35.52,2902086,10,2902086_010,D
2026-01-12 12:14:19.043775,18.9147,62.7652,951.7,8.14,35.31,2902086,10,2902086_010,D
2026-01-12 12:14:19.043775,18.9147,62.7652,1013.3,7.56,35.58,2902086,10,2902086_010,D
2026-01-12 12:14:19.043775,18.9147,62.7652,1075.0,7.41,35.6,2902086,10,2902086_010,D
2026-01-12 12:14:19.043775,18.9147,62.7652,1136.7,7.44,35.52,2902086,10,2902086_010,D
2026-01-12 12:14:19.043775,18.9147,62.7652,1198.3,7.05,35.47,2902086,10,2902086_010,D
2026-01-12 12:14:19.043775,18.9147,62.7652,1260.0,6.73,35.58,2902086,10,2902086_010,D
2026-01-12 12:14:19.043775,18.9147,62.7652,1321.7,6.54,35.36,2902086,10,2902086_010,D
2026-01-12 12:14:19.043775,18.9147,62.7652,1383.3,6.41,35.31,2902086,10,2902086_010,D
2026-01-12 12:14:19.043775,18.9147,62.7652,1445.0,6.15,35.65,2902086,10,2902086_010,D
2026-01-12 12:14:19.043775,18.9147,62.7652,1506.7,5.66,35.49,2902086,10,2902086_010,D
2026-01-12 12:14:19.043775,18.9147,62.7652,1568.3,5.69,35.57,2902086,10,2902086_010,D
2026-01-12 12:14:19.043775,18.9147,62.7652,1630.0,5.89,35.42,2902086,10,2902086_010,D
2026-01-12 12:14:19.043775,18.9147,62.7652,1691.7,4.77,35.47,2902086,10,2902086_010,D
2026-01-12 12:14:19.043775,18.9147,62.7652,1753.3,4.16,35.55,2902086,10,2902086_010,D
2026-01-12 12:14:19.043775,18.9147,62.7652,1815.0,4.41,35.57,2902086,10,2902086_010,D
2026-01-12 12:14:19.043775,18.9147,62.7652,1876.7,4.61,35.37,2902086,10,2902086_010,D
2026-01-12 12:14:19.043775,18.9147,62.7652,1938.3,3.89,35.3,2902086,10,2902086_010,D
2026-01-12 12:14:19.043775,18.9147,62.7652,2000.0,3.39,35.42,2902086,10,2902086_010,D
2026-01-22 21:56:21.997776,19.0422,62.47,5.0,29.36,35.96,2902086,11,2902086_011,D
2026-01-22 21:56:21.997776,19.0422,62.47,11.8,29.08,35.94,2902086,11,2902086_011,D
2026-01-22 21:56:21.997776,19.0422,62.47,18.6,29.5,36.05,2902086,11,2902086_011,D
2026-01-22 21:56:21.997776,19.0422,62.47,25.4,28.18,35.96,2902086,11,2902086_011,D
2026-01-22 21:56:21.997776,19.0422,62.47,32.1,27.96,35.07,2902086,11,2902086_011,D
2026-01-22 21:56:21.997776,19.0422,62.47,38.9,28.84,35.38,2902086,11,2902086_011,D
2026-01-22 21:56:21.997776,19.0422,62.47,45.7,27.62,35.42,2902086,11,2902086_011,D
2026-01-22 21:56:21.997776,19.0422,62.47,52.5,27.59,35.59,2902086,11,2902086_011,D
2026-01-22 21:56:21.997776,19.0422,62.47,59.3,27.07,35.34,2902086,11,2902086_011,D
2026-01-22 21:56:21.997776,19.0422,62.47,66.1,26.56,35.56,2902086,11,2902086_011,D
2026-01-22 21:56:21.997776,19.0422,62.47,72.9,26.18,35.45,2902086,11,2902086_011,D
2026-01-22 21:56:21.997776,19.0422,62.47,79.6,25.71,35.33,2902086,11,2902086_011,D
2026-01-22 21:56:21.997776,19.0422,62.47,86.4,24.6,35.49,2902086,11,2902086_011,D
2026-01-22 21:56:21.997776,19.0422,62.47,93.2,24.39,35.66,2902086,11,2902086_011,D
2026-01-22 21:56:21.997776,19.0422,62.47,100.0,23.82,35.55,2902086,11,2902086_011,D
2026-01-22 21:56:21.997776,19.0422,62.47,110.0,22.9,35.67,2902086,11,2902086_011,D
2026-01-22 21:56:21.997776,19.0422,62.47,137.9,20.52,35.65,2902086,11,2902086_011,D
2026-01-22 21:56:21.997776,19.0422,62.47,165.7,19.02,35.87,2902086,11,2902086_011,D
2026-01-22 21:56:21.997776,19.0422,62.47,193.6,18.54,35.66,2902086,11,2902086_011,D
2026-01-22 21:56:21.997776,19.0422,62.47,221.4,17.51,35.43,2902086,11,2902086_011,D
2026-01-22 21:56:21.997776,19.0422,62.47,249.3,16.57,35.26,2902086,11,2902086_011,D
2026-01-22 21:56:21.997776,19.0422,62.47,277.1,16.0,35.25,2902086,11,2902086_011,D
2026-01-22 21:56:21.997776,19.0422,62.47,305.0,14.87,35.35,2902086,11,2902086_011,D
2026-01-22 21:56:21.997776,19.0422,62.47,332.9,14.63,35.56,2902086,11,2902086_011,D
2026-01-22 21:56:21.997776,19.0422,62.47,360.7,13.73,35.44,2902086,11,2902086_011,D
2026-01-22 21:56:21.997776,19.0422,62.47,388.6,12.79,35.48,2902086,11,2902086_011,D
2026-01-22 21:56:21.997776,19.0422,62.47,416.4,12.17,35.74,2902086,11,2902086_011,D
2026-01-22 21:56:21.997776,19.0422,62.47,444.3,11.3,35.52,2902086,11,2902086_011,D
2026-01-22 21:56:21.997776,19.0422,62.47,472.1,10.73,35.57,2902086,11,2902086_011,D
2026-01-22 21:56:21.997776,19.0422,62.47,500.0,9.73,35.47,2902086,11,2902086_011,D
2026-01-22 21:56:21.997776,19.0422,62.47,520.0,9.48,35.51,2902086,11,2902086_011,D
2026-01-22 21:56:21.997776,19.0422,62.47,581.7,9.32,35.61,2902086,11,2902086_011,D
2026-01-22 21:56:21.997776,19.0422,62.47,643.3,9.61,35.43,2902086,11,2902086_011,D
2026-01-22 21:56:21.997776,19.0422,62.47,705.0,9.11,35.71,2902086,11,2902086_011,D
2026-01-22 21:56:21.997776,19.0422,62.47,766.7,8.64,35.56,2902086,11,2902086_011,D
2026-01-22 21:56:21.997776,19.0422,62.47,828.3,8.01,35.49,2902086,11,2902086_011,D
2026-01-22 21:56:21.997776,19.0422,62.47,890.0,8.05,35.5,2902086,11,2902086_011,D
2026-01-22 21:56:21.997776,19.0422,62.47,951.7,7.96,35.62,2902086,11,2902086_011,D
2026-01-22 21:56:21.997776,19.0422,62.47,1013.3,7.16,35.66,2902086,11,2902086_011,D
2026-01-22 21:56:21.997776,19.0422,62.47,1075.0,7.53,35.55,2902086,11,2902086_011,D
2026-01-22 21:56:21.997776,19.0422,62.47,1136.7,6.72,35.61,2902086,11,2902086_011,D
2026-01-22 21:56:21.997776,19.0422,62.47,1198.3,6.31,35.48,2902086,11,2902086_011,D
2026-01-22 21:56:21.997776,19.0422,62.47,1260.0,6.52,35.84,2902086,11,2902086_011,D
2026-01-22 21:56:21.997776,19.0422,62.47,1321.7,6.95,35.46,2902086,11,2902086_011,D
2026-01-22 21:56:21.997776,19.0422,62.47,1383.3,6.69,35.4,2902086,11,2902086_011,D
2026-01-22 21:56:21.997776,19.0422,62.47,1445.0,5.86,35.46,2902086,11,2902086_011,D
2026-01-22 21:56:21.997776,19.0422,62.47,1506.7,5.61,35.51,2902086,11,2902086_011,D
2026-01-22 21:56:21.997776,19.0422,62.47,1568.3,5.65,35.48,2902086,11,2902086_011,D
2026-01-22 21:56:21.997776,19.0422,62.47,1630.0,4.99,35.59,2902086,11,2902086_011,D
2026-01-22 21:56:21.997776,19.0422,62.47,1691.7,4.88,35.44,2902086,11,2902086_011,D
2026-01-22 21:56:21.997776,19.0422,62.47,1753.3,4.85,35.29,2902086,11,2902086_011,D
2026-01-22 21:56:21.997776,19.0422,62.47,1815.0,4.45,35.27,2902086,11,2902086_011,D
2026-01-22 21:56:21.997776,19.0422,62.47,1876.7,4.4,35.33,2902086,11,2902086_011,D
2026-01-22 21:56:21.997776,19.0422,62.47,1938.3,3.88,35.53,2902086,11,2902086_011,D
2026-01-22 21:56:21.997776,19.0422,62.47,2000.0,3.8,35.4,2902086,11,2902086_011,D
2026-02-01 07:35:53.801013,18.5918,62.6227,5.0,29.19,35.87,2902086,12,2902086_012,D
2026-02-01 07:35:53.801013,18.5918,62.6227,11.8,28.57,35.98,2902086,12,2902086_012,D
2026-02-01 07:35:53.801013,18.5918,62.6227,18.6,29.03,35.88,2902086,12,2902086_012,D
2026-02-01 07:35:53.801013,18.5918,62.6227,25.4,28.69,36.0,2902086,12,2902086_012,D
2026-02-01 07:35:53.801013,18.5918,62.6227,32.1,28.56,35.11,2902086,12,2902086_012,D
2026-02-01 07:35:53.801013,18.5918,62.6227,38.9,28.37,35.23,2902086,12,2902086_012,D
2026-02-01 07:35:53.801013,18.5918,62.6227,45.7,28.02,35.39,2902086,12,2902086_012,D
2026-02-01 07:35:53.801013,18.5918,62.6227,52.5,27.52,35.36,2902086,12,2902086_012,D
2026-02-01 07:35:53.801013,18.5918,62.6227,59.3,27.02,35.44,2902086,12,2902086_012,D
2026-02-01 07:35:53.801013,18.5918,62.6227,66.1,26.62,35.27,2902086,12,2902086_012,D
2026-02-01 07:35:53.801013,18.5918,62.6227,72.9,25.68,35.57,2902086,12,2902086_012,D
2026-02-01 07:35:53.801013,18.5918,62.6227,79.6,24.61,35.35,2902086,12,2902086_012,D
2026-02-01 07:35:53.801013,18.5918,62.6227,86.4,24.34,35.62,2902086,12,2902086_012,D
2026-02-01 07:35:53.801013,18.5918,62.6227,93.2,24.14,35.48,2902086,12,2902086_012,D
2026-02-01 07:35:53.801013,18.5918,62.6227,100.0,23.55,35.4,2902086,12,2902086_012,D
2026-02-01 07:35:53.801013,18.5918,62.6227,110.0,22.78,35.55,2902086,12,2902086_012,D
2026-02-01 07:35:53.801013,18.5918,62.6227,137.9,20.65,35.64,2902086,12,2902086_012,D
2026-02-01 07:35:53.801013,18.5918,62.6227,165.7,19.39,35.77,2902086,12,2902086_012,D
2026-02-01 07:35:53.801013,18.5918,62.6227,193.6,18.57,35.85,2902086,12,2902086_012,D
2026-02-01 07:35:53.801013,18.5918,62.6227,221.4,17.67,35.53,2902086,12,2902086_012,D
2026-02-01 07:35:53.801013,18.5918,62.6227,249.3,16.71,35.29,2902086,12,2902086_012,D
2026-02-01 07:35:53.801013,18.5918,62.6227,277.1,15.98,35.38,2902086,12,2902086_012,D
2026-02-01 07:35:53.801013,18.5918,62.6227,305.0,15.47,35.42,2902086,12,2902086_012,D
2026-02-01 07:35:53.801013,18.5918,62.6227,332.9,14.32,35.52,2902086,12,2902086_012,D
2026-02-01 07:35:53.801013,18.5918,62.6227,360.7,13.84,35.45,2902086,12,2902086_012,D
2026-02-01 07:35:53.801013,18.5918,62.6227,388.6,13.11,35.19,2902086,12,2902086_012,D
2026-02-01 07:35:53.801013,18.5918,62.6227,416.4,12.99,35.51,2902086,12,2902086_012,D
2026-02-01 07:35:53.801013,18.5918,62.6227,444.3,11.03,35.67,2902086,12,2902086_012,D
2026-02-01 07:35:53.801013,18.5918,62.6227,472.1,10.61,35.64,2902086,12,2902086_012,D
2026-02-01 07:35:53.801013,18.5918,62.6227,500.0,10.08,35.49,2902086,12,2902086_012,D
2026-02-01 07:35:53.801013,18.5918,62.6227,520.0,9.55,35.59,2902086,12,2902086_012,D
2026-02-01 07:35:53.801013,18.5918,62.6227,581.7,9.79,35.34,2902086,12,2902086_012,D
2026-02-01 07:35:53.801013,18.5918,62.6227,643.3,9.15,35.47,2902086,12,2902086_012,D
2026-02-01 07:35:53.801013,18.5918,62.6227,705.0,8.91,35.36,2902086,12,2902086_012,D
2026-02-01 07:35:53.801013,18.5918,62.6227,766.7,8.99,35.32,2902086,12,2902086_012,D
2026-02-01 07:35:53.801013,18.5918,62.6227,828.3,8.48,35.29,2902086,12,2902086_012,D
2026-02-01 07:35:53.801013,18.5918,62.6227,890.0,8.3,35.58,2902086,12,2902086_012,D
2026-02-01 07:35:53.801013,18.5918,62.6227,951.7,7.65,35.31,2902086,12,2902086_012,D
2026-02-01 07:35:53.801013,18.5918,62.6227,1013.3,7.66,35.66,2902086,12,2902086_012,D
2026-02-01 07:35:53.801013,18.5918,62.6227,1075.0,7.49,35.82,2902086,12,2902086_012,D
2026-02-01 07:35:53.801013,18.5918,62.6227,1136.7,6.75,35.42,2902086,12,2902086_012,D
2026-02-01 07:35:53.801013,18.5918,62.6227,1198.3,6.89,35.41,2902086,12,2902086_012,D
2026-02-01 07:35:53.801013,18.5918,62.6227,1260.0,6.71,35.44,2902086,12,2902086_012,D
2026-02-01 07:35:53.801013,18.5918,62.6227,1321.7,6.69,35.8,2902086,12,2902086_012,D
2026-02-01 07:35:53.801013,18.5918,62.6227,1383.3,6.31,35.54,2902086,12,2902086_012,D
2026-02-01 07:35:53.801013,18.5918,62.6227,1445.0,5.39,35.53,2902086,12,2902086_012,D
2026-02-01 07:35:53.801013,18.5918,62.6227,1506.7,5.65,35.52,2902086,12,2902086_012,D
2026-02-01 07:35:53.801013,18.5918,62.6227,1568.3,5.06,35.64,2902086,12,2902086_012,D
2026-02-01 07:35:53.801013,18.5918,62.6227,1630.0,4.74,35.5,2902086,12,2902086_012,D
2026-02-01 07:35:53.801013,18.5918,62.6227,1691.7,5.19,35.48,2902086,12,2902086_012,D
2026-02-01 07:35:53.801013,18.5918,62.6227,1753.3,4.48,35.47,2902086,12,2902086_012,D
2026-02-01 07:35:53.801013,18.5918,62.6227,1815.0,4.01,35.44,2902086,12,2902086_012,D
2026-02-01 07:35:53.801013,18.5918,62.6227,1876.7,4.37,35.28,2902086,12,2902086_012,D
2026-02-01 07:35:53.801013,18.5918,62.6227,1938.3,4.19,35.57,2902086,12,2902086_012,D
2026-02-01 07:35:53.801013,18.5918,62.6227,2000.0,3.39,35.28,2902086,12,2902086_012,D
2026-02-12 00:19:45.568592,18.3876,62.4311,5.0,29.59,35.86,2902086,13,2902086_013,D
2026-02-12 00:19:45.568592,18.3876,62.4311,11.8,29.31,35.8,2902086,13,2902086_013,D
2026-02-12 00:19:45.568592,18.3876,62.4311,18.6,28.84,35.94,2902086,13,2902086_013,D
2026-02-12 00:19:45.568592,18.3876,62.4311,25.4,29.06,36.03,2902086,13,2902086_013,D
2026-02-12 00:19:45.568592,18.3876,62.4311,32.1,28.58,35.42,2902086,13,2902086_013,D
2026-02-12 00:19:45.568592,18.3876,62.4311,38.9,27.94,35.37,2902086,13,2902086_013,D
2026-02-12 00:19:45.568592,18.3876,62.4311,45.7,27.74,35.33,2902086,13,2902086_013,D
2026-02-12 00:19:45.568592,18.3876,62.4311,52.5,27.3,35.27,2902086,13,2902086_013,D
2026-02-12 00:19:45.568592,18.3876,62.4311,59.3,27.38,35.44,2902086,13,2902086_013,D
2026-02-12 00:19:45.568592,18.3876,62.4311,66.1,26.45,35.43,2902086,13,2902086_013,D
2026-02-12 00:19:45.568592,18.3876,62.4311,72.9,25.64,35.47,2902086,13,2902086_013,D
2026-02-12 00:19:45.568592,18.3876,62.4311,79.6,25.63,35.43,2902086,13,2902086_013,D
2026-02-12 00:19:45.568592,18.3876,62.4311,86.4,25.16,35.33,2902086,13,2902086_013,D
2026-02-12 00:19:45.568592,18.3876,62.4311,93.2,24.15,35.6,2902086,13,2902086_013,D
2026-02-12 00:19:45.568592,18.3876,62.4311,100.0,23.66,35.5,2902086,13,2902086_013,D
2026-02-12 00:19:45.568592,18.3876,62.4311,110.0,23.22,35.64,2902086,13,2902086_013,D
2026-02-12 00:19:45.568592,18.3876,62.4311,137.9,20.58,35.55,2902086,13,2902086_013,D
2026-02-12 00:19:45.568592,18.3876,62.4311,165.7,19.0,35.71,2902086,13,2902086_013,D
2026-02-12 00:19:45.568592,18.3876,62.4311,193.6,18.8,35.85,2902086,13,2902086_013,D
2026-02-12 00:19:45.568592,18.3876,62.4311,221.4,17.63,35.68,2902086,13,2902086_013,D
2026-02-12 00:19:45.568592,18.3876,62.4311,249.3,16.94,35.51,2902086,13,2902086_013,D
2026-02-12 00:19:45.568592,18.3876,62.4311,277.1,15.35,35.33,2902086,13,2902086_013,D
2026-02-12 00:19:45.568592,18.3876,62.4311,305.0,15.5,35.49,2902086,13,2902086_013,D
2026-02-12 00:19:45.568592,18.3876,62.4311,332.9,14.49,35.45,2902086,13,2902086_013,D
2026-02-12 00:19:45.568592,18.3876,62.4311,360.7,13.95,35.66,2902086,13,2902086_013,D
2026-02-12 00:19:45.568592,18.3876,62.4311,388.6,12.49,35.69,2902086,13,2902086_013,D
2026-02-12 00:19:45.568592,18.3876,62.4311,416.4,12.53,35.7,2902086,13,2902086_013,D
2026-02-12 00:19:45.568592,18.3876,62.4311,444.3,11.31,35.61,2902086,13,2902086_013,D
2026-02-12 00:19:45.568592,18.3876,62.4311,472.1,10.68,35.58,2902086,13,2902086_013,D
2026-02-12 00:19:45.568592,18.3876,62.4311,500.0,10.37,35.47,2902086,13,2902086_013,D
2026-02-12 00:19:45.568592,18.3876,62.4311,520.0,9.98,35.63,2902086,13,2902086_013,D
2026-02-12 00:19:45.568592,18.3876,62.4311,581.7,9.82,35.49,2902086,13,2902086_013,D
2026-02-12 00:19:45.568592,18.3876,62.4311,643.3,8.87,35.43,2902086,13,2902086_013,D
2026-02-12 00:19:45.568592,18.3876,62.4311,705.0,8.98,35.59,2902086,13,2902086_013,D
2026-02-12 00:19:45.568592,18.3876,62.4311,766.7,8.79,35.5,2902086,13,2902086_013,D
2026-02-12 00:19:45.568592,18.3876,62.4311,828.3,8.41,35.26,2902086,13,2902086_013,D
2026-02-12 00:19:45.568592,18.3876,62.4311,890.0,8.02,35.39,2902086,13,2902086_013,D
2026-02-12 00:19:45.568592,18.3876,62.4311,951.7,7.86,35.63,2902086,13,2902086_013,D
2026-02-12 00:19:45.568592,18.3876,62.4311,1013.3,7.7,35.43,2902086,13,2902086_013,D
2026-02-12 00:19:45.568592,18.3876,62.4311,1075.0,7.96,35.38,2902086,13,2902086_013,D
2026-02-12 00:19:45.568592,18.3876,62.4311,1136.7,6.73,35.47,2902086,13,2902086_013,D
2026-02-12 00:19:45.568592,18.3876,62.4311,1198.3,7.0,35.28,2902086,13,2902086_013,D
2026-02-12 00:19:45.568592,18.3876,62.4311,1260.0,6.33,35.64,2902086,13,2902086_013,D
2026-02-12 00:19:45.568592,18.3876,62.4311,1321.7,6.29,35.35,2902086,13,2902086_013,D
2026-02-12 00:19:45.568592,18.3876,62.4311,1383.3,6.73,35.64,2902086,13,2902086_013,D
2026-02-12 00:19:45.568592,18.3876,62.4311,1445.0,6.22,35.59,2902086,13,2902086_013,D
2026-02-12 00:19:45.568592,18.3876,62.4311,1506.7,5.69,35.67,2902086,13,2902086_013,D
2026-02-12 00:19:45.568592,18.3876,62.4311,1568.3,5.53,35.48,2902086,13,2902086_013,D
2026-02-12 00:19:45.568592,18.3876,62.4311,1630.0,5.37,35.56,2902086,13,2902086_013,D
2026-02-12 00:19:45.568592,18.3876,62.4311,1691.7,4.56,35.6,2902086,13,2902086_013,D
2026-02-12 00:19:45.568592,18.3876,62.4311,1753.3,5.11,35.54,2902086,13,2902086_013,D
2026-02-12 00:19:45.568592,18.3876,62.4311,1815.0,5.0,35.58,2902086,13,2902086_013,D
2026-02-12 00:19:45.568592,18.3876,62.4311,1876.7,4.16,35.37,2902086,13,2902086_013,D
2026-02-12 00:19:45.568592,18.3876,62.4311,1938.3,4.25,35.59,2902086,13,2902086_013,D
2026-02-12 00:19:45.568592,18.3876,62.4311,2000.0,2.99,35.36,2902086,13,2902086_013,D
2025-10-14 01:43:47.149735,8.8922,88.5089,5.0,28.66,33.48,2902150,1,2902150_001,D
2025-10-14 01:43:47.149735,8.8922,88.5089,11.8,28.65,33.66,2902150,1,2902150_001,D
2025-10-14 01:43:47.149735,8.8922,88.5089,18.6,28.96,33.4,2902150,1,2902150_001,D
2025-10-14 01:43:47.149735,8.8922,88.5089,25.4,27.83,33.3,2902150,1,2902150_001,D
2025-10-14 01:43:47.149735,8.8922,88.5089,32.1,27.04,33.9,2902150,1,2902150_001,D
2025-10-14 01:43:47.149735,8.8922,88.5089,38.9,27.2,34.16,2902150,1,2902150_001,D
2025-10-14 01:43:47.149735,8.8922,88.5089,45.7,27.26,33.93,2902150,1,2902150_001,D
2025-10-14 01:43:47.149735,8.8922,88.5089,52.5,27.27,34.08,2902150,1,2902150_001,D
2025-10-14 01:43:47.149735,8.8922,88.5089,59.3,26.95,34.39,2902150,1,2902150_001,D
2025-10-14 01:43:47.149735,8.8922,88.5089,66.1,25.69,34.06,2902150,1,2902150_001,D
2025-10-14 01:43:47.149735,8.8922,88.5089,72.9,25.05,34.14,2902150,1,2902150_001,D
2025-10-14 01:43:47.149735,8.8922,88.5089,79.6,24.5,34.14,2902150,1,2902150_001,D
2025-10-14 01:43:47.149735,8.8922,88.5089,86.4,23.71,34.18,2902150,1,2902150_001,D
2025-10-14 01:43:47.149735,8.8922,88.5089,93.2,23.89,34.21,2902150,1,2902150_001,D
2025-10-14 01:43:47.149735,8.8922,88.5089,100.0,23.28,34.26,2902150,1,2902150_001,D
2025-10-14 01:43:47.149735,8.8922,88.5089,110.0,22.05,34.16,2902150,1,2902150_001,D
2025-10-14 01:43:47.149735,8.8922,88.5089,137.9,20.02,34.49,2902150,1,2902150_001,D
2025-10-14 01:43:47.149735,8.8922,88.5089,165.7,18.85,34.59,2902150,1,2902150_001,D
2025-10-14 01:43:47.149735,8.8922,88.5089,193.6,17.43,34.39,2902150,1,2902150_001,D
2025-10-14 01:43:47.149735,8.8922,88.5089,221.4,16.85,34.44,2902150,1,2902150_001,D
2025-10-14 01:43:47.149735,8.8922,88.5089,249.3,16.32,34.12,2902150,1,2902150_001,D
2025-10-14 01:43:47.149735,8.8922,88.5089,277.1,15.26,34.11,2902150,1,2902150_001,D
2025-10-14 01:43:47.149735,8.8922,88.5089,305.0,14.86,34.12,2902150,1,2902150_001,D
2025-10-14 01:43:47.149735,8.8922,88.5089,332.9,14.4,34.1,2902150,1,2902150_001,D
2025-10-14 01:43:47.149735,8.8922,88.5089,360.7,12.97,34.15,2902150,1,2902150_001,D
2025-10-14 01:43:47.149735,8.8922,88.5089,388.6,12.55,34.08,2902150,1,2902150_001,D
2025-10-14 01:43:47.149735,8.8922,88.5089,416.4,11.63,34.47,2902150,1,2902150_001,D
2025-10-14 01:43:47.149735,8.8922,88.5089,444.3,10.31,34.36,2902150,1,2902150_001,D
2025-10-14 01:43:47.149735,8.8922,88.5089,472.1,9.84,34.23,2902150,1,2902150_001,D
2025-10-14 01:43:47.149735,8.8922,88.5089,500.0,8.79,34.34,2902150,1,2902150_001,D
2025-10-14 01:43:47.149735,8.8922,88.5089,520.0,8.74,34.17,2902150,1,2902150_001,D
2025-10-14 01:43:47.149735,8.8922,88.5089,581.7,9.34,34.07,2902150,1,2902150_001,D
2025-10-14 01:43:47.149735,8.8922,88.5089,643.3,8.59,34.04,2902150,1,2902150_001,D
2025-10-14 01:43:47.149735,8.8922,88.5089,705.0,8.56,34.18,2902150,1,2902150_001,D
2025-10-14 01:43:47.149735,8.8922,88.5089,766.7,7.97,34.08,2902150,1,2902150_001,D
2025-10-14 01:43:47.149735,8.8922,88.5089,828.3,7.96,33.97,2902150,1,2902150_001,D
2025-10-14 01:43:47.149735,8.8922,88.5089,890.0,7.89,33.96,2902150,1,2902150_001,D
2025-10-14 01:43:47.149735,8.8922,88.5089,951.7,6.71,34.05,2902150,1,2902150_001,D
2025-10-14 01:43:47.149735,8.8922,88.5089,1013.3,6.84,33.95,2902150,1,2902150_001,D
2025-10-14 01:43:47.149735,8.8922,88.5089,1075.0,6.45,34.33,2902150,1,2902150_001,D
2025-10-14 01:43:47.149735,8.8922,88.5089,1136.7,6.31,34.18,2902150,1,2902150_001,D
2025-10-14 01:43:47.149735,8.8922,88.5089,1198.3,5.78,34.18,2902150,1,2902150_001,D
2025-10-14 01:43:47.149735,8.8922,88.5089,1260.0,5.97,34.06,2902150,1,2902150_001,D
2025-10-14 01:43:47.149735,8.8922,88.5089,1321.7,6.1,34.3,2902150,1,2902150_001,D
2025-10-14 01:43:47.149735,8.8922,88.5089,1383.3,6.03,34.24,2902150,1,2902150_001,D
2025-10-14 01:43:47.149735,8.8922,88.5089,1445.0,5.02,34.45,2902150,1,2902150_001,D
2025-10-14 01:43:47.149735,8.8922,88.5089,1506.7,4.65,34.28,2902150,1,2902150_001,D
2025-10-14 01:43:47.149735,8.8922,88.5089,1568.3,4.86,34.07,2902150,1,2902150_001,D
2025-10-14 01:43:47.149735,8.8922,88.5089,1630.0,4.48,34.24,2902150,1,2902150_001,D
2025-10-14 01:43:47.149735,8.8922,88.5089,1691.7,4.15,34.47,2902150,1,2902150_001,D
2025-10-14 01:43:47.149735,8.8922,88.5089,1753.3,3.97,34.03,2902150,1,2902150_001,D
2025-10-14 01:43:47.149735,8.8922,88.5089,1815.0,3.63,34.28,2902150,1,2902150_001,D
2025-10-14 01:43:47.149735,8.8922,88.5089,1876.7,2.93,34.23,2902150,1,2902150_001,D
2025-10-14 01:43:47.149735,8.8922,88.5089,1938.3,2.78,34.23,2902150,1,2902150_001,D
2025-10-14 01:43:47.149735,8.8922,88.5089,2000.0,2.84,34.32,2902150,1,2902150_001,D
2025-10-24 23:31:07.241380,8.8926,88.5648,5.0,28.8,33.63,2902150,2,2902150_002,D
2025-10-24 23:31:07.241380,8.8926,88.5648,11.8,28.14,33.51,2902150,2,2902150_002,D
2025-10-24 23:31:07.241380,8.8926,88.5648,18.6,28.58,33.6,2902150,2,2902150_002,D
2025-10-24 23:31:07.241380,8.8926,88.5648,25.4,28.02,33.72,2902150,2,2902150_002,D
2025-10-24 23:31:07.241380,8.8926,88.5648,32.1,27.66,33.97,2902150,2,2902150_002,D
2025-10-24 23:31:07.241380,8.8926,88.5648,38.9,27.78,34.06,2902150,2,2902150_002,D
2025-10-24 23:31:07.241380,8.8926,88.5648,45.7,27.38,34.14,2902150,2,2902150_002,D
2025-10-24 23:31:07.241380,8.8926,88.5648,52.5,27.17,33.97,2902150,2,2902150_002,D
2025-10-24 23:31:07.241380,8.8926,88.5648,59.3,26.07,34.01,2902150,2,2902150_002,D
2025-10-24 23:31:07.241380,8.8926,88.5648,66.1,26.0,34.11,2902150,2,2902150_002,D
2025-10-24 23:31:07.241380,8.8926,88.5648,72.9,25.24,33.98,2902150,2,2902150_002,D
2025-10-24 23:31:07.241380,8.8926,88.5648,79.6,25.08,34.26,2902150,2,2902150_002,D
2025-10-24 23:31:07.241380,8.8926,88.5648,86.4,24.55,34.03,2902150,2,2902150_002,D
2025-10-24 23:31:07.241380,8.8926,88.5648,93.2,23.21,34.39,2902150,2,2902150_002,D
2025-10-24 23:31:07.241380,8.8926,88.5648,100.0,23.09,34.08,2902150,2,2902150_002,D
2025-10-24 23:31:07.241380,8.8926,88.5648,110.0,21.69,34.18,2902150,2,2902150_002,D
2025-10-24 23:31:07.241380,8.8926,88.5648,137.9,19.02,34.12,2902150,2,2902150_002,D
2025-10-24 23:31:07.241380,8.8926,88.5648,165.7,18.75,34.28,2902150,2,2902150_002,D
2025-10-24 23:31:07.241380,8.8926,88.5648,193.6,17.44,34.48,2902150,2,2902150_002,D
2025-10-24 23:31:07.241380,8.8926,88.5648,221.4,17.13,34.34,2902150,2,2902150_002,D
2025-10-24 23:31:07.241380,8.8926,88.5648,249.3,16.29,34.04,2902150,2,2902150_002,D
2025-10-24 23:31:07.241380,8.8926,88.5648,277.1,15.27,34.25,2902150,2,2902150_002,D
2025-10-24 23:31:07.241380,8.8926,88.5648,305.0,14.2,34.33,2902150,2,2902150_002,D
2025-10-24 23:31:07.241380,8.8926,88.5648,332.9,14.09,34.12,2902150,2,2902150_002,D
2025-10-24 23:31:07.241380,8.8926,88.5648,360.7,13.18,34.15,2902150,2,2902150_002,D
2025-10-24 23:31:07.241380,8.8926,88.5648,388.6,12.11,33.85,2902150,2,2902150_002,D
2025-10-24 23:31:07.241380,8.8926,88.5648,416.4,11.44,34.13,2902150,2,2902150_002,D
2025-10-24 23:31:07.241380,8.8926,88.5648,444.3,10.28,34.17,2902150,2,2902150_002,D
2025-10-24 23:31:07.241380,8.8926,88.5648,472.1,9.71,34.13,2902150,2,2902150_002,D
2025-10-24 23:31:07.241380,8.8926,88.5648,500.0,9.32,34.32,2902150,2,2902150_002,D
2025-10-24 23:31:07.241380,8.8926,88.5648,520.0,8.95,34.46,2902150,2,2902150_002,D
2025-10-24 23:31:07.241380,8.8926,88.5648,581.7,8.52,34.38,2902150,2,2902150_002,D
2025-10-24 23:31:07.241380,8.8926,88.5648,643.3,8.71,34.46,2902150,2,2902150_002,D
2025-10-24 23:31:07.241380,8.8926,88.5648,705.0,8.3,34.19,2902150,2,2902150_002,D
2025-10-24 23:31:07.241380,8.8926,88.5648,766.7,8.17,34.19,2902150,2,2902150_002,D
2025-10-24 23:31:07.241380,8.8926,88.5648,828.3,7.6,34.4,2902150,2,2902150_002,D
2025-10-24 23:31:07.241380,8.8926,88.5648,890.0,6.95,34.04,2902150,2,2902150_002,D
2025-10-24 23:31:07.241380,8.8926,88.5648,951.7,7.12,34.16,2902150,2,2902150_002,D
2025-10-24 23:31:07.241380,8.8926,88.5648,1013.3,7.16,34.14,2902150,2,2902150_002,D
2025-10-24 23:31:07.241380,8.8926,88.5648,1075.0,6.78,34.27,2902150,2,2902150_002,D
2025-10-24 23:31:07.241380,8.8926,88.5648,1136.7,6.56,34.1,2902150,2,2902150_002,D
2025-10-24 23:31:07.241380,8.8926,88.5648,1198.3,6.58,34.26,2902150,2,2902150_002,D
2025-10-24 23:31:07.241380,8.8926,88.5648,1260.0,5.57,34.03,2902150,2,2902150_002,D
2025-10-24 23:31:07.241380,8.8926,88.5648,1321.7,5.57,34.28,2902150,2,2902150_002,D
2025-10-24 23:31:07.241380,8.8926,88.5648,1383.3,5.23,34.03,2902150,2,2902150_002,D
2025-10-24 23:31:07.241380,8.8926,88.5648,1445.0,5.09,34.05,2902150,2,2902150_002,D
2025-10-24 23:31:07.241380,8.8926,88.5648,1506.7,5.02,33.97,2902150,2,2902150_002,D
2025-10-24 23:31:07.241380,8.8926,88.5648,1568.3,4.47,34.09,2902150,2,2902150_002,D
2025-10-24 23:31:07.241380,8.8926,88.5648,1630.0,4.39,34.31,2902150,2,2902150_002,D
2025-10-24 23:31:07.241380,8.8926,88.5648,1691.7,3.94,33.99,2902150,2,2902150_002,D
2025-10-24 23:31:07.241380,8.8926,88.5648,1753.3,3.8,34.34,2902150,2,2902150_002,D
2025-10-24 23:31:07.241380,8.8926,88.5648,1815.0,3.73,34.14,2902150,2,2902150_002,D
2025-10-24 23:31:07.241380,8.8926,88.5648,1876.7,2.7,34.31,2902150,2,2902150_002,D
2025-10-24 23:31:07.241380,8.8926,88.5648,1938.3,3.6,33.99,2902150,2,2902150_002,D
2025-10-24 23:31:07.241380,8.8926,88.5648,2000.0,2.91,33.96,2902150,2,2902150_002,D
2025-11-02 04:13:17.779279,8.9798,88.4985,5.0,29.32,33.44,2902150,3,2902150_003,D
2025-11-02 04:13:17.779279,8.9798,88.4985,11.8,29.03,33.44,2902150,3,2902150_003,D
2025-11-02 04:13:17.779279,8.9798,88.4985,18.6,27.95,33.55,2902150,3,2902150_003,D
2025-11-02 04:13:17.779279,8.9798,88.4985,25.4,28.16,33.36,2902150,3,2902150_003,D
2025-11-02 04:13:17.779279,8.9798,88.4985,32.1,27.87,33.87,2902150,3,2902150_003,D
2025-11-02 04:13:17.779279,8.9798,88.4985,38.9,27.39,33.97,2902150,3,2902150_003,D
2025-11-02 04:13:17.779279,8.9798,88.4985,45.7,27.71,34.13,2902150,3,2902150_003,D
2025-11-02 04:13:17.779279,8.9798,88.4985,52.5,27.21,34.1,2902150,3,2902150_003,D
2025-11-02 04:13:17.779279,8.9798,88.4985,59.3,25.84,33.95,2902150,3,2902150_003,D
2025-11-02 04:13:17.779279,8.9798,88.4985,66.1,26.04,34.02,2902150,3,2902150_003,D
2025-11-02 04:13:17.779279,8.9798,88.4985,72.9,24.65,34.1,2902150,3,2902150_003,D
2025-11-02 04:13:17.779279,8.9798,88.4985,79.6,24.88,34.24,2902150,3,2902150_003,D
2025-11-02 04:13:17.779279,8.9798,88.4985,86.4,24.4,34.0,2902150,3,2902150_003,D
2025-11-02 04:13:17.779279,8.9798,88.4985,93.2,23.59,34.13,2902150,3,2902150_003,D
2025-11-02 04:13:17.779279,8.9798,88.4985,100.0,22.84,34.21,2902150,3,2902150_003,D
2025-11-02 04:13:17.779279,8.9798,88.4985,110.0,22.08,34.35,2902150,3,2902150_003,D
2025-11-02 04:13:17.779279,8.9798,88.4985,137.9,20.16,34.38,2902150,3,2902150_003,D
2025-11-02 04:13:17.779279,8.9798,88.4985,165.7,19.03,34.33,2902150,3,2902150_003,D
2025-11-02 04:13:17.779279,8.9798,88.4985,193.6,18.26,34.49,2902150,3,2902150_003,D
2025-11-02 04:13:17.779279,8.9798,88.4985,221.4,17.53,34.14,2902150,3,2902150_003,D
2025-11-02 04:13:17.779279,8.9798,88.4985,249.3,16.0,34.44,2902150,3,2902150_003,D
2025-11-02 04:13:17.779279,8.9798,88.4985,277.1,15.6,34.31,2902150,3,2902150_003,D
2025-11-02 04:13:17.779279,8.9798,88.4985,305.0,14.0,34.32,2902150,3,2902150_003,D
2025-11-02 04:13:17.779279,8.9798,88.4985,332.9,13.91,34.36,2902150,3,2902150_003,D
2025-11-02 04:13:17.779279,8.9798,88.4985,360.7,12.98,34.25,2902150,3,2902150_003,D
2025-11-02 04:13:17.779279,8.9798,88.4985,388.6,11.94,34.3,2902150,3,2902150_003,D
2025-11-02 04:13:17.779279,8.9798,88.4985,416.4,11.04,34.29,2902150,3,2902150_003,D
2025-11-02 04:13:17.779279,8.9798,88.4985,444.3,10.45,34.33,2902150,3,2902150_003,D
2025-11-02 04:13:17.779279,8.9798,88.4985,472.1,9.98,34.35,2902150,3,2902150_003,D
2025-11-02 04:13:17.779279,8.9798,88.4985,500.0,8.8,33.76,2902150,3,2902150_003,D
2025-11-02 04:13:17.779279,8.9798,88.4985,520.0,9.64,33.95,2902150,3,2902150_003,D
2025-11-02 04:13:17.779279,8.9798,88.4985,581.7,8.64,34.31,2902150,3,2902150_003,D
2025-11-02 04:13:17.779279,8.9798,88.4985,643.3,8.41,34.07,2902150,3,2902150_003,D
2025-11-02 04:13:17.779279,8.9798,88.4985,705.0,7.91,34.0,2902150,3,2902150_003,D
2025-11-02 04:13:17.779279,8.9798,88.4985,766.7,8.22,34.23,2902150,3,2902150_003,D
2025-11-02 04:13:17.779279,8.9798,88.4985,828.3,7.92,34.21,2902150,3,2902150_003,D
2025-11-02 04:13:17.779279,8.9798,88.4985,890.0,7.22,34.34,2902150,3,2902150_003,D
2025-11-02 04:13:17.779279,8.9798,88.4985,951.7,7.03,34.29,2902150,3,2902150_003,D
2025-11-02 04:13:17.779279,8.9798,88.4985,1013.3,7.24,34.38,2902150,3,2902150_003,D
2025-11-02 04:13:17.779279,8.9798,88.4985,1075.0,7.36,34.23,2902150,3,2902150_003,D
2025-11-02 04:13:17.779279,8.9798,88.4985,1136.7,6.24,34.23,2902150,3,2902150_003,D
2025-11-02 04:13:17.779279,8.9798,88.4985,1198.3,6.23,34.37,2902150,3,2902150_003,D
2025-11-02 04:13:17.779279,8.9798,88.4985,1260.0,5.68,34.46,2902150,3,2902150_003,D
2025-11-02 04:13:17.779279,8.9798,88.4985,1321.7,6.06,34.07,2902150,3,2902150_003,D
2025-11-02 04:13:17.779279,8.9798,88.4985,1383.3,5.51,33.98,2902150,3,2902150_003,D
2025-11-02 04:13:17.779279,8.9798,88.4985,1445.0,4.96,34.21,2902150,3,2902150_003,D
2025-11-02 04:13:17.779279,8.9798,88.4985,1506.7,4.96,34.09,2902150,3,2902150_003,D
2025-11-02 04:13:17.779279,8.9798,88.4985,1568.3,5.21,34.22,2902150,3,2902150_003,D
2025-11-02 04:13:17.779279,8.9798,88.4985,1630.0,4.46,34.3,2902150,3,2902150_003,D
2025-11-02 04:13:17.779279,8.9798,88.4985,1691.7,4.69,34.16,2902150,3,2902150_003,D
2025-11-02 04:13:17.779279,8.9798,88.4985,1753.3,3.35,34.19,2902150,3,2902150_003,D
2025-11-02 04:13:17.779279,8.9798,88.4985,1815.0,4.02,34.04,2902150,3,2902150_003,D
2025-11-02 04:13:17.779279,8.9798,88.4985,1876.7,3.95,34.12,2902150,3,2902150_003,D
2025-11-02 04:13:17.779279,8.9798,88.4985,1938.3,3.22,34.0,2902150,3,2902150_003,D
2025-11-02 04:13:17.779279,8.9798,88.4985,2000.0,3.2,34.04,2902150,3,2902150_003,D
2025-11-13 16:27:22.099675,8.9711,88.4149,5.0,29.22,33.75,2902150,4,2902150_004,D
2025-11-13 16:27:22.099675,8.9711,88.4149,11.8,28.59,33.44,2902150,4,2902150_004,D
2025-11-13 16:27:22.099675,8.9711,88.4149,18.6,28.21,33.57,2902150,4,2902150_004,D
2025-11-13 16:27:22.099675,8.9711,88.4149,25.4,28.59,33.55,2902150,4,2902150_004,D
2025-11-13 16:27:22.099675,8.9711,88.4149,32.1,27.88,33.89,2902150,4,2902150_004,D
2025-11-13 16:27:22.099675,8.9711,88.4149,38.9,27.47,34.18,2902150,4,2902150_004,D
2025-11-13 16:27:22.099675,8.9711,88.4149,45.7,26.68,33.94,2902150,4,2902150_004,D
2025-11-13 16:27:22.099675,8.9711,88.4149,52.5,26.24,33.98,2902150,4,2902150_004,D
2025-11-13 16:27:22.099675,8.9711,88.4149,59.3,26.16,34.06,2902150,4,2902150_004,D
2025-11-13 16:27:22.099675,8.9711,88.4149,66.1,25.96,34.09,2902150,4,2902150_004,D
2025-11-13 16:27:22.099675,8.9711,88.4149,72.9,24.99,34.16,2902150,4,2902150_004,D
2025-11-13 16:27:22.099675,8.9711,88.4149,79.6,24.71,34.19,2902150,4,2902150_004,D
2025-11-13 16:27:22.099675,8.9711,88.4149,86.4,24.41,34.28,2902150,4,2902150_004,D
2025-11-13 16:27:22.099675,8.9711,88.4149,93.2,23.0,34.4,2902150,4,2902150_004,D
2025-11-13 16:27:22.099675,8.9711,88.4149,100.0,22.55,34.29,2902150,4,2902150_004,D
2025-11-13 16:27:22.099675,8.9711,88.4149,110.0,22.05,34.27,2902150,4,2902150_004,D
2025-11-13 16:27:22.099675,8.9711,88.4149,137.9,19.71,34.19,2902150,4,2902150_004,D
2025-11-13 16:27:22.099675,8.9711,88.4149,165.7,18.48,34.27,2902150,4,2902150_004,D
2025-11-13 16:27:22.099675,8.9711,88.4149,193.6,17.89,34.47,2902150,4,2902150_004,D
2025-11-13 16:27:22.099675,8.9711,88.4149,221.4,16.91,34.29,2902150,4,2902150_004,D
2025-11-13 16:27:22.099675,8.9711,88.4149,249.3,15.99,34.17,2902150,4,2902150_004,D
2025-11-13 16:27:22.099675,8.9711,88.4149,277.1,15.6,34.11,2902150,4,2902150_004,D
2025-11-13 16:27:22.099675,8.9711,88.4149,305.0,14.23,34.23,2902150,4,2902150_004,D
2025-11-13 16:27:22.099675,8.9711,88.4149,332.9,14.1,34.29,2902150,4,2902150_004,D
2025-11-13 16:27:22.099675,8.9711,88.4149,360.7,12.86,34.25,2902150,4,2902150_004,D
2025-11-13 16:27:22.099675,8.9711,88.4149,388.6,12.05,34.35,2902150,4,2902150_004,D
2025-11-13 16:27:22.099675,8.9711,88.4149,416.4,11.32,34.12,2902150,4,2902150_004,D
2025-11-13 16:27:22.099675,8.9711,88.4149,444.3,10.56,34.12,2902150,4,2902150_004,D
2025-11-13 16:27:22.099675,8.9711,88.4149,472.1,10.11,34.32,2902150,4,2902150_004,D
2025-11-13 16:27:22.099675,8.9711,88.4149,500.0,9.33,34.23,2902150,4,2902150_004,D
2025-11-13 16:27:22.099675,8.9711,88.4149,520.0,8.84,33.88,2902150,4,2902150_004,D
2025-11-13 16:27:22.099675,8.9711,88.4149,581.7,8.58,34.21,2902150,4,2902150_004,D
2025-11-13 16:27:22.099675,8.9711,88.4149,643.3,8.46,34.21,2902150,4,2902150_004,D
2025-11-13 16:27:22.099675,8.9711,88.4149,705.0,7.72,34.36,2902150,4,2902150_004,D
2025-11-13 16:27:22.099675,8.9711,88.4149,766.7,7.37,34.1,2902150,4,2902150_004,D
2025-11-13 16:27:22.099675,8.9711,88.4149,828.3,7.85,34.2,2902150,4,2902150_004,D
2025-11-13 16:27:22.099675,8.9711,88.4149,890.0,7.1,34.24,2902150,4,2902150_004,D
2025-11-13 16:27:22.099675,8.9711,88.4149,951.7,7.31,34.35,2902150,4,2902150_004,D
2025-11-13 16:27:22.099675,8.9711,88.4149,1013.3,7.36,34.18,2902150,4,2902150_004,D
2025-11-13 16:27:22.099675,8.9711,88.4149,1075.0,6.43,34.08,2902150,4,2902150_004,D
2025-11-13 16:27:22.099675,8.9711,88.4149,1136.7,6.29,34.16,2902150,4,2902150_004,D
2025-11-13 16:27:22.099675,8.9711,88.4149,1198.3,6.15,34.44,2902150,4,2902150_004,D
2025-11-13 16:27:22.099675,8.9711,88.4149,1260.0,6.01,34.06,2902150,4,2902150_004,D
2025-11-13 16:27:22.099675,8.9711,88.4149,1321.7,5.63,34.2,2902150,4,2902150_004,D
2025-11-13 16:27:22.099675,8.9711,88.4149,1383.3,5.51,34.23,2902150,4,2902150_004,D
2025-11-13 16:27:22.099675,8.9711,88.4149,1445.0,5.81,34.11,2902150,4,2902150_004,D
2025-11-13 16:27:22.099675,8.9711,88.4149,1506.7,4.95,34.18,2902150,4,2902150_004,D
2025-11-13 16:27:22.099675,8.9711,88.4149,1568.3,4.55,34.05,2902150,4,2902150_004,D
2025-11-13 16:27:22.099675,8.9711,88.4149,1630.0,4.29,33.86,2902150,4,2902150_004,D
2025-11-13 16:27:22.099675,8.9711,88.4149,1691.7,4.44,34.01,2902150,4,2902150_004,D
2025-11-13 16:27:22.099675,8.9711,88.4149,1753.3,3.39,34.38,2902150,4,2902150_004,D
2025-11-13 16:27:22.099675,8.9711,88.4149,1815.0,4.15,34.21,2902150,4,2902150_004,D
2025-11-13 16:27:22.099675,8.9711,88.4149,1876.7,3.91,34.06,2902150,4,2902150_004,D
2025-11-13 16:27:22.099675,8.9711,88.4149,1938.3,2.76,34.08,2902150,4,2902150_004,D
2025-11-13 16:27:22.099675,8.9711,88.4149,2000.0,3.14,34.29,2902150,4,2902150_004,D
2025-11-22 13:10:11.225548,8.7097,88.6263,5.0,29.13,33.38,2902150,5,2902150_005,D
2025-11-22 13:10:11.225548,8.7097,88.6263,11.8,28.92,33.47,2902150,5,2902150_005,D
2025-11-22 13:10:11.225548,8.7097,88.6263,18.6,28.44,33.47,2902150,5,2902150_005,D
2025-11-22 13:10:11.225548,8.7097,88.6263,25.4,28.13,33.35,2902150,5,2902150_005,D
2025-11-22 13:10:11.225548,8.7097,88.6263,32.1,27.7,33.95,2902150,5,2902150_005,D
2025-11-22 13:10:11.225548,8.7097,88.6263,38.9,27.09,34.07,2902150,5,2902150_005,D
2025-11-22 13:10:11.225548,8.7097,88.6263,45.7,27.46,34.17,2902150,5,2902150_005,D
2025-11-22 13:10:11.225548,8.7097,88.6263,52.5,27.03,34.07,2902150,5,2902150_005,D
2025-11-22 13:10:11.225548,8.7097,88.6263,59.3,25.71,33.96,2902150,5,2902150_005,D
2025-11-22 13:10:11.225548,8.7097,88.6263,66.1,26.05,34.17,2902150,5,2902150_005,D
2025-11-22 13:10:11.225548,8.7097,88.6263,72.9,24.99,34.32,2902150,5,2902150_005,D
2025-11-22 13:10:11.225548,8.7097,88.6263,79.6,24.74,34.24,2902150,5,2902150_005,D
2025-11-22 13:10:11.225548,8.7097,88.6263,86.4,23.92,34.07,2902150,5,2902150_005,D
2025-11-22 13:10:11.225548,8.7097,88.6263,93.2,23.86,34.17,2902150,5,2902150_005,D
2025-11-22 13:10:11.225548,8.7097,88.6263,100.0,22.72,34.13,2902150,5,2902150_005,D
2025-11-22 13:10:11.225548,8.7097,88.6263,110.0,22.33,34.01,2902150,5,2902150_005,D
2025-11-22 13:10:11.225548,8.7097,88.6263,137.9,20.35,34.51,2902150,5,2902150_005,D
2025-11-22 13:10:11.225548,8.7097,88.6263,165.7,18.4,34.48,2902150,5,2902150_005,D
2025-11-22 13:10:11.225548,8.7097,88.6263,193.6,17.38,34.45,2902150,5,2902150_005,D
2025-11-22 13:10:11.225548,8.7097,88.6263,221.4,16.74,34.46,2902150,5,2902150_005,D
2025-11-22 13:10:11.225548,8.7097,88.6263,249.3,16.18,34.23,2902150,5,2902150_005,D
2025-11-22 13:10:11.225548,8.7097,88.6263,277.1,15.29,34.07,2902150,5,2902150_005,D
2025-11-22 13:10:11.225548,8.7097,88.6263,305.0,14.61,34.24,2902150,5,2902150_005,D
2025-11-22 13:10:11.225548,8.7097,88.6263,332.9,13.94,34.35,2902150,5,2902150_005,D
2025-11-22 13:10:11.225548,8.7097,88.6263,360.7,13.1,34.34,2902150,5,2902150_005,D
2025-11-22 13:10:11.225548,8.7097,88.6263,388.6,12.22,34.0,2902150,5,2902150_005,D
2025-11-22 13:10:11.225548,8.7097,88.6263,416.4,11.7,34.23,2902150,5,2902150_005,D
2025-11-22 13:10:11.225548,8.7097,88.6263,444.3,10.63,34.52,2902150,5,2902150_005,D
2025-11-22 13:10:11.225548,8.7097,88.6263,472.1,10.04,34.17,2902150,5,2902150_005,D
2025-11-22 13:10:11.225548,8.7097,88.6263,500.0,8.64,34.27,2902150,5,2902150_005,D
2025-11-22 13:10:11.225548,8.7097,88.6263,520.0,8.72,34.03,2902150,5,2902150_005,D
2025-11-22 13:10:11.225548,8.7097,88.6263,581.7,8.92,34.31,2902150,5,2902150_005,D
2025-11-22 13:10:11.225548,8.7097,88.6263,643.3,8.05,34.38,2902150,5,2902150_005,D
2025-11-22 13:10:11.225548,8.7097,88.6263,705.0,8.45,34.17,2902150,5,2902150_005,D
2025-11-22 13:10:11.225548,8.7097,88.6263,766.7,8.16,34.2,2902150,5,2902150_005,D
2025-11-22 13:10:11.225548,8.7097,88.6263,828.3,7.43,34.14,2902150,5,2902150_005,D
2025-11-22 13:10:11.225548,8.7097,88.6263,890.0,7.01,34.19,2902150,5,2902150_005,D
2025-11-22 13:10:11.225548,8.7097,88.6263,951.7,6.84,34.25,2902150,5,2902150_005,D
2025-11-22 13:10:11.225548,8.7097,88.6263,1013.3,6.52,34.28,2902150,5,2902150_005,D
2025-11-22 13:10:11.225548,8.7097,88.6263,1075.0,7.01,34.24,2902150,5,2902150_005,D
2025-11-22 13:10:11.225548,8.7097,88.6263,1136.7,6.99,34.04,2902150,5,2902150_005,D
2025-11-22 13:10:11.225548,8.7097,88.6263,1198.3,6.21,34.24,2902150,5,2902150_005,D
2025-11-22 13:10:11.225548,8.7097,88.6263,1260.0,6.19,33.93,2902150,5,2902150_005,D
2025-11-22 13:10:11.225548,8.7097,88.6263,1321.7,5.83,34.27,2902150,5,2902150_005,D
2025-11-22 13:10:11.225548,8.7097,88.6263,1383.3,5.08,34.03,2902150,5,2902150_005,D
2025-11-22 13:10:11.225548,8.7097,88.6263,1445.0,5.33,34.22,2902150,5,2902150_005,D
2025-11-22 13:10:11.225548,8.7097,88.6263,1506.7,4.57,33.91,2902150,5,2902150_005,D
2025-11-22 13:10:11.225548,8.7097,88.6263,1568.3,4.63,34.32,2902150,5,2902150_005,D
2025-11-22 13:10:11.225548,8.7097,88.6263,1630.0,4.45,34.22,2902150,5,2902150_005,D
2025-11-22 13:10:11.225548,8.7097,88.6263,1691.7,4.25,34.14,2902150,5,2902150_005,D
2025-11-22 13:10:11.225548,8.7097,88.6263,1753.3,4.69,34.27,2902150,5,2902150_005,D
2025-11-22 13:10:11.225548,8.7097,88.6263,1815.0,3.7,34.09,2902150,5,2902150_005,D
2025-11-22 13:10:11.225548,8.7097,88.6263,1876.7,3.39,34.03,2902150,5,2902150_005,D
2025-11-22 13:10:11.225548,8.7097,88.6263,1938.3,3.37,34.28,2902150,5,2902150_005,D
2025-11-22 13:10:11.225548,8.7097,88.6263,2000.0,2.95,34.24,2902150,5,2902150_005,D
2025-12-02 03:08:46.205491,8.8522,88.6124,5.0,28.86,33.43,2902150,6,2902150_006,D
2025-12-02 03:08:46.205491,8.8522,88.6124,11.8,28.98,33.52,2902150,6,2902150_006,D
2025-12-02 03:08:46.205491,8.8522,88.6124,18.6,28.27,33.62,2902150,6,2902150_006,D
2025-12-02 03:08:46.205491,8.8522,88.6124,25.4,27.71,33.46,2902150,6,2902150_006,D
2025-12-02 03:08:46.205491,8.8522,88.6124,32.1,27.6,33.93,2902150,6,2902150_006,D
2025-12-02 03:08:46.205491,8.8522,88.6124,38.9,27.14,34.12,2902150,6,2902150_006,D
2025-12-02 03:08:46.205491,8.8522,88.6124,45.7,27.67,33.98,2902150,6,2902150_006,D
2025-12-02 03:08:46.205491,8.8522,88.6124,52.5,26.84,33.95,2902150,6,2902150_006,D
2025-12-02 03:08:46.205491,8.8522,88.6124,59.3,26.05,34.21,2902150,6,2902150_006,D
2025-12-02 03:08:46.205491,8.8522,88.6124,66.1,25.55,34.15,2902150,6,2902150_006,D
2025-12-02 03:08:46.205491,8.8522,88.6124,72.9,25.77,34.16,2902150,6,2902150_006,D
2025-12-02 03:08:46.205491,8.8522,88.6124,79.6,24.67,34.21,2902150,6,2902150_006,D
2025-12-02 03:08:46.205491,8.8522,88.6124,86.4,24.71,34.31,2902150,6,2902150_006,D
2025-12-02 03:08:46.205491,8.8522,88.6124,93.2,23.4,34.23,2902150,6,2902150_006,D
2025-12-02 03:08:46.205491,8.8522,88.6124,100.0,22.93,34.17,2902150,6,2902150_006,D
2025-12-02 03:08:46.205491,8.8522,88.6124,110.0,21.84,34.2,2902150,6,2902150_006,D
2025-12-02 03:08:46.205491,8.8522,88.6124,137.9,20.05,34.38,2902150,6,2902150_006,D
2025-12-02 03:08:46.205491,8.8522,88.6124,165.7,18.77,34.33,2902150,6,2902150_006,D
2025-12-02 03:08:46.205491,8.8522,88.6124,193.6,17.63,34.39,2902150,6,2902150_006,D
2025-12-02 03:08:46.205491,8.8522,88.6124,221.4,16.96,34.17,2902150,6,2902150_006,D
2025-12-02 03:08:46.205491,8.8522,88.6124,249.3,15.96,34.36,2902150,6,2902150_006,D
2025-12-02 03:08:46.205491,8.8522,88.6124,277.1,15.22,34.38,2902150,6,2902150_006,D
2025-12-02 03:08:46.205491,8.8522,88.6124,305.0,14.47,34.18,2902150,6,2902150_006,D
2025-12-02 03:08:46.205491,8.8522,88.6124,332.9,13.97,34.25,2902150,6,2902150_006,D
2025-12-02 03:08:46.205491,8.8522,88.6124,360.7,12.68,34.38,2902150,6,2902150_006,D
2025-12-02 03:08:46.205491,8.8522,88.6124,388.6,12.2,34.23,2902150,6,2902150_006,D
2025-12-02 03:08:46.205491,8.8522,88.6124,416.4,11.62,34.21,2902150,6,2902150_006,D
2025-12-02 03:08:46.205491,8.8522,88.6124,444.3,10.35,34.29,2902150,6,2902150_006,D
2025-12-02 03:08:46.205491,8.8522,88.6124,472.1,10.49,34.36,2902150,6,2902150_006,D
2025-12-02 03:08:46.205491,8.8522,88.6124,500.0,8.71,34.26,2902150,6,2902150_006,D
2025-12-02 03:08:46.205491,8.8522,88.6124,520.0,8.9,34.22,2902150,6,2902150_006,D
2025-12-02 03:08:46.205491,8.8522,88.6124,581.7,8.94,34.15,2902150,6,2902150_006,D
2025-12-02 03:08:46.205491,8.8522,88.6124,643.3,8.5,34.3,2902150,6,2902150_006,D
2025-12-02 03:08:46.205491,8.8522,88.6124,705.0,8.24,34.1,2902150,6,2902150_006,D
2025-12-02 03:08:46.205491,8.8522,88.6124,766.7,8.15,34.21,2902150,6,2902150_006,D
2025-12-02 03:08:46.205491,8.8522,88.6124,828.3,7.98,33.93,2902150,6,2902150_006,D
2025-12-02 03:08:46.205491,8.8522,88.6124,890.0,7.35,34.24,2902150,6,2902150_006,D
2025-12-02 03:08:46.205491,8.8522,88.6124,951.7,7.31,34.08,2902150,6,2902150_006,D
2025-12-02 03:08:46.205491,8.8522,88.6124,1013.3,6.97,34.15,2902150,6,2902150_006,D
2025-12-02 03:08:46.205491,8.8522,88.6124,1075.0,7.19,34.17,2902150,6,2902150_006,D
2025-12-02 03:08:46.205491,8.8522,88.6124,1136.7,6.61,34.0,2902150,6,2902150_006,D
2025-12-02 03:08:46.205491,8.8522,88.6124,1198.3,6.42,34.03,2902150,6,2902150_006,D
2025-12-02 03:08:46.205491,8.8522,88.6124,1260.0,5.9,34.19,2902150,6,2902150_006,D
2025-12-02 03:08:46.205491,8.8522,88.6124,1321.7,6.17,34.37,2902150,6,2902150_006,D
2025-12-02 03:08:46.205491,8.8522,88.6124,1383.3,5.42,34.51,2902150,6,2902150_006,D
2025-12-02 03:08:46.205491,8.8522,88.6124,1445.0,5.32,34.32,2902150,6,2902150_006,D
2025-12-02 03:08:46.205491,8.8522,88.6124,1506.7,4.88,34.28,2902150,6,2902150_006,D
2025-12-02 03:08:46.205491,8.8522,88.6124,1568.3,4.47,34.29,2902150,6,2902150_006,D
2025-12-02 03:08:46.205491,8.8522,88.6124,1630.0,4.19,33.97,2902150,6,2902150_006,D
2025-12-02 03:08:46.205491,8.8522,88.6124,1691.7,4.42,34.17,2902150,6,2902150_006,D
2025-12-02 03:08:46.205491,8.8522,88.6124,1753.3,3.52,34.14,2902150,6,2902150_006,D
2025-12-02 03:08:46.205491,8.8522,88.6124,1815.0,3.53,34.01,2902150,6,2902150_006,D
2025-12-02 03:08:46.205491,8.8522,88.6124,1876.7,3.48,34.15,2902150,6,2902150_006,D
2025-12-02 03:08:46.205491,8.8522,88.6124,1938.3,2.92,34.23,2902150,6,2902150_006,D
2025-12-02 03:08:46.205491,8.8522,88.6124,2000.0,3.07,34.27,2902150,6,2902150_006,D
2025-12-12 21:31:06.009792,9.0431,88.7316,5.0,28.77,33.46,2902150,7,2902150_007,D
2025-12-12 21:31:06.009792,9.0431,88.7316,11.8,28.46,33.38,2902150,7,2902150_007,D
2025-12-12 21:31:06.009792,9.0431,88.7316,18.6,28.47,33.49,2902150,7,2902150_007,D
2025-12-12 21:31:06.009792,9.0431,88.7316,25.4,27.37,33.62,2902150,7,2902150_007,D
2025-12-12 21:31:06.009792,9.0431,88.7316,32.1,27.21,33.99,2902150,7,2902150_007,D
2025-12-12 21:31:06.009792,9.0431,88.7316,38.9,27.44,34.09,2902150,7,2902150_007,D
2025-12-12 21:31:06.009792,9.0431,88.7316,45.7,27.38,34.07,2902150,7,2902150_007,D
2025-12-12 21:31:06.009792,9.0431,88.7316,52.5,27.07,34.11,2902150,7,2902150_007,D
2025-12-12 21:31:06.009792,9.0431,88.7316,59.3,25.97,34.09,2902150,7,2902150_007,D
2025-12-12 21:31:06.009792,9.0431,88.7316,66.1,25.77,34.12,2902150,7,2902150_007,D
2025-12-12 21:31:06.009792,9.0431,88.7316,72.9,24.82,34.08,2902150,7,2902150_007,D
2025-12-12 21:31:06.009792,9.0431,88.7316,79.6,24.68,34.06,2902150,7,2902150_007,D
2025-12-12 21:31:06.009792,9.0431,88.7316,86.4,24.14,34.03,2902150,7,2902150_007,D
2025-12-12 21:31:06.009792,9.0431,88.7316,93.2,23.72,34.25,2902150,7,2902150_007,D
2025-12-12 21:31:06.009792,9.0431,88.7316,100.0,22.66,34.11,2902150,7,2902150_007,D
2025-12-12 21:31:06.009792,9.0431,88.7316,110.0,22.41,34.25,2902150,7,2902150_007,D
2025-12-12 21:31:06.009792,9.0431,88.7316,137.9,19.58,34.35,2902150,7,2902150_007,D
2025-12-12 21:31:06.009792,9.0431,88.7316,165.7,18.49,34.35,2902150,7,2902150_007,D
2025-12-12 21:31:06.009792,9.0431,88.7316,193.6,17.6,34.43,2902150,7,2902150_007,D
2025-12-12 21:31:06.009792,9.0431,88.7316,221.4,17.16,34.45,2902150,7,2902150_007,D
2025-12-12 21:31:06.009792,9.0431,88.7316,249.3,15.62,34.37,2902150,7,2902150_007,D
2025-12-12 21:31:06.009792,9.0431,88.7316,277.1,15.98,34.24,2902150,7,2902150_007,D
2025-12-12 21:31:06.009792,9.0431,88.7316,305.0,14.45,34.41,2902150,7,2902150_007,D
2025-12-12 21:31:06.009792,9.0431,88.7316,332.9,13.86,34.13,2902150,7,2902150_007,D
2025-12-12 21:31:06.009792,9.0431,88.7316,360.7,13.05,34.23,2902150,7,2902150_007,D
2025-12-12 21:31:06.009792,9.0431,88.7316,388.6,11.9,34.33,2902150,7,2902150_007,D
2025-12-12 21:31:06.009792,9.0431,88.7316,416.4,11.11,34.45,2902150,7,2902150_007,D
2025-12-12 21:31:06.009792,9.0431,88.7316,444.3,10.68,34.27,2902150,7,2902150_007,D
2025-12-12 21:31:06.009792,9.0431,88.7316,472.1,9.9,34.18,2902150,7,2902150_007,D
2025-12-12 21:31:06.009792,9.0431,88.7316,500.0,9.1,34.2,2902150,7,2902150_007,D
2025-12-12 21:31:06.009792,9.0431,88.7316,520.0,9.24,34.34,2902150,7,2902150_007,D
2025-12-12 21:31:06.009792,9.0431,88.7316,581.7,8.75,34.14,2902150,7,2902150_007,D
2025-12-12 21:31:06.009792,9.0431,88.7316,643.3,8.46,34.14,2902150,7,2902150_007,D
2025-12-12 21:31:06.009792,9.0431,88.7316,705.0,8.88,34.3,2902150,7,2902150_007,D
2025-12-12 21:31:06.009792,9.0431,88.7316,766.7,7.69,34.3,2902150,7,2902150_007,D
2025-12-12 21:31:06.009792,9.0431,88.7316,828.3,7.18,34.47,2902150,7,2902150_007,D
2025-12-12 21:31:06.009792,9.0431,88.7316,890.0,7.24,34.43,2902150,7,2902150_007,D
2025-12-12 21:31:06.009792,9.0431,88.7316,951.7,7.42,34.22,2902150,7,2902150_007,D
2025-12-12 21:31:06.009792,9.0431,88.7316,1013.3,6.7,34.15,2902150,7,2902150_007,D
2025-12-12 21:31:06.009792,9.0431,88.7316,1075.0,6.38,34.32,2902150,7,2902150_007,D
2025-12-12 21:31:06.009792,9.0431,88.7316,1136.7,6.57,34.3,2902150,7,2902150_007,D
2025-12-12 21:31:06.009792,9.0431,88.7316,1198.3,5.95,34.35,2902150,7,2902150_007,D
2025-12-12 21:31:06.009792,9.0431,88.7316,1260.0,6.19,34.32,2902150,7,2902150_007,D
2025-12-12 21:31:06.009792,9.0431,88.7316,1321.7,6.14,34.29,2902150,7,2902150_007,D
2025-12-12 21:31:06.009792,9.0431,88.7316,1383.3,5.93,34.19,2902150,7,2902150_007,D
2025-12-12 21:31:06.009792,9.0431,88.7316,1445.0,5.6,34.18,2902150,7,2902150_007,D
2025-12-12 21:31:06.009792,9.0431,88.7316,1506.7,4.92,34.07,2902150,7,2902150_007,D
2025-12-12 21:31:06.009792,9.0431,88.7316,1568.3,4.69,34.16,2902150,7,2902150_007,D
2025-12-12 21:31:06.009792,9.0431,88.7316,1630.0,4.48,34.13,2902150,7,2902150_007,D
2025-12-12 21:31:06.009792,9.0431,88.7316,1691.7,4.61,34.29,2902150,7,2902150_007,D
2025-12-12 21:31:06.009792,9.0431,88.7316,1753.3,3.75,34.32,2902150,7,2902150_007,D
2025-12-12 21:31:06.009792,9.0431,88.7316,1815.0,3.58,34.57,2902150,7,2902150_007,D
2025-12-12 21:31:06.009792,9.0431,88.7316,1876.7,3.08,34.28,2902150,7,2902150_007,D
2025-12-12 21:31:06.009792,9.0431,88.7316,1938.3,3.2,34.03,2902150,7,2902150_007,D
2025-12-12 21:31:06.009792,9.0431,88.7316,2000.0,3.08,34.0,2902150,7,2902150_007,D
2025-12-22 10:09:52.149403,9.064,88.7342,5.0,29.06,33.47,2902150,8,2902150_008,D
2025-12-22 10:09:52.149403,9.064,88.7342,11.8,28.67,33.5,2902150,8,2902150_008,D
2025-12-22 10:09:52.149403,9.064,88.7342,18.6,28.69,33.38,2902150,8,2902150_008,D
2025-12-22 10:09:52.149403,9.064,88.7342,25.4,27.91,33.6,2902150,8,2902150_008,D
2025-12-22 10:09:52.149403,9.064,88.7342,32.1,27.7,34.06,2902150,8,2902150_008,D
2025-12-22 10:09:52.149403,9.064,88.7342,38.9,27.2,34.16,2902150,8,2902150_008,D
2025-12-22 10:09:52.149403,9.064,88.7342,45.7,27.02,34.06,2902150,8,2902150_008,D
2025-12-22 10:09:52.149403,9.064,88.7342,52.5,26.31,34.0,2902150,8,2902150_008,D
2025-12-22 10:09:52.149403,9.064,88.7342,59.3,26.78,34.1,2902150,8,2902150_008,D
2025-12-22 10:09:52.149403,9.064,88.7342,66.1,26.15,34.25,2902150,8,2902150_008,D
2025-12-22 10:09:52.149403,9.064,88.7342,72.9,25.29,34.11,2902150,8,2902150_008,D
2025-12-22 10:09:52.149403,9.064,88.7342,79.6,25.41,34.19,2902150,8,2902150_008,D
2025-12-22 10:09:52.149403,9.064,88.7342,86.4,24.06,34.25,2902150,8,2902150_008,D
2025-12-22 10:09:52.149403,9.064,88.7342,93.2,23.96,34.22,2902150,8,2902150_008,D
2025-12-22 10:09:52.149403,9.064,88.7342,100.0,22.92,34.2,2902150,8,2902150_008,D
2025-12-22 10:09:52.149403,9.064,88.7342,110.0,21.9,34.42,2902150,8,2902150_008,D
2025-12-22 10:09:52.149403,9.064,88.7342,137.9,19.25,34.16,2902150,8,2902150_008,D
2025-12-22 10:09:52.149403,9.064,88.7342,165.7,18.77,34.45,2902150,8,2902150_008,D
2025-12-22 10:09:52.149403,9.064,88.7342,193.6,17.87,34.41,2902150,8,2902150_008,D
2025-12-22 10:09:52.149403,9.064,88.7342,221.4,17.33,34.08,2902150,8,2902150_008,D
2025-12-22 10:09:52.149403,9.064,88.7342,249.3,16.26,34.53,2902150,8,2902150_008,D
2025-12-22 10:09:52.149403,9.064,88.7342,277.1,14.89,34.34,2902150,8,2902150_008,D
2025-12-22 10:09:52.149403,9.064,88.7342,305.0,14.49,34.4,2902150,8,2902150_008,D
2025-12-22 10:09:52.149403,9.064,88.7342,332.9,13.98,34.02,2902150,8,2902150_008,D
2025-12-22 10:09:52.149403,9.064,88.7342,360.7,12.81,34.16,2902150,8,2902150_008,D
2025-12-22 10:09:52.149403,9.064,88.7342,388.6,12.31,34.14,2902150,8,2902150_008,D
2025-12-22 10:09:52.149403,9.064,88.7342,416.4,11.1,34.31,2902150,8,2902150_008,D
2025-12-22 10:09:52.149403,9.064,88.7342,444.3,10.85,34.34,2902150,8,2902150_008,D
2025-12-22 10:09:52.149403,9.064,88.7342,472.1,9.96,34.11,2902150,8,2902150_008,D
2025-12-22 10:09:52.149403,9.064,88.7342,500.0,9.43,34.23,2902150,8,2902150_008,D
2025-12-22 10:09:52.149403,9.064,88.7342,520.0,9.34,34.3,2902150,8,2902150_008,D
2025-12-22 10:09:52.149403,9.064,88.7342,581.7,8.14,34.2,2902150,8,2902150_008,D
2025-12-22 10:09:52.149403,9.064,88.7342,643.3,8.43,34.14,2902150,8,2902150_008,D
2025-12-22 10:09:52.149403,9.064,88.7342,705.0,8.53,34.36,2902150,8,2902150_008,D
2025-12-22 10:09:52.149403,9.064,88.7342,766.7,8.12,34.15,2902150,8,2902150_008,D
2025-12-22 10:09:52.149403,9.064,88.7342,828.3,8.04,34.12,2902150,8,2902150_008,D
2025-12-22 10:09:52.149403,9.064,88.7342,890.0,7.62,34.0,2902150,8,2902150_008,D
2025-12-22 10:09:52.149403,9.064,88.7342,951.7,7.39,34.24,2902150,8,2902150_008,D
2025-12-22 10:09:52.149403,9.064,88.7342,1013.3,6.35,34.31,2902150,8,2902150_008,D
2025-12-22 10:09:52.149403,9.064,88.7342,1075.0,6.89,34.17,2902150,8,2902150_008,D
2025-12-22 10:09:52.149403,9.064,88.7342,1136.7,6.42,34.14,2902150,8,2902150_008,D
2025-12-22 10:09:52.149403,9.064,88.7342,1198.3,6.44,34.08,2902150,8,2902150_008,D
2025-12-22 10:09:52.149403,9.064,88.7342,1260.0,6.56,34.01,2902150,8,2902150_008,D
2025-12-22 10:09:52.149403,9.064,88.7342,1321.7,5.2,34.39,2902150,8,2902150_008,D
2025-12-22 10:09:52.149403,9.064,88.7342,1383.3,5.88,34.54,2902150,8,2902150_008,D
2025-12-22 10:09:52.149403,9.064,88.7342,1445.0,5.02,34.25,2902150,8,2902150_008,D
2025-12-22 10:09:52.149403,9.064,88.7342,1506.7,5.3,33.85,2902150,8,2902150_008,D
2025-12-22 10:09:52.149403,9.064,88.7342,1568.3,4.72,33.96,2902150,8,2902150_008,D
2025-12-22 10:09:52.149403,9.064,88.7342,1630.0,4.68,34.14,2902150,8,2902150_008,D
2025-12-22 10:09:52.149403,9.064,88.7342,1691.7,4.42,34.24,2902150,8,2902150_008,D
2025-12-22 10:09:52.149403,9.064,88.7342,1753.3,3.31,34.32,2902150,8,2902150_008,D
2025-12-22 10:09:52.149403,9.064,88.7342,1815.0,4.09,34.41,2902150,8,2902150_008,D
2025-12-22 10:09:52.149403,9.064,88.7342,1876.7,3.59,33.99,2902150,8,2902150_008,D
2025-12-22 10:09:52.149403,9.064,88.7342,1938.3,3.37,34.09,2902150,8,2902150_008,D
2025-12-22 10:09:52.149403,9.064,88.7342,2000.0,3.21,34.14,2902150,8,2902150_008,D
2026-01-01 22:49:11.949105,8.8718,88.5469,5.0,29.03,33.46,2902150,9,2902150_009,D
2026-01-01 22:49:11.949105,8.8718,88.5469,11.8,28.39,33.53,2902150,9,2902150_009,D
2026-01-01 22:49:11.949105,8.8718,88.5469,18.6,27.85,33.57,2902150,9,2902150_009,D
2026-01-01 22:49:11.949105,8.8718,88.5469,25.4,28.34,33.56,2902150,9,2902150_009,D
2026-01-01 22:49:11.949105,8.8718,88.5469,32.1,28.16,33.88,2902150,9,2902150_009,D
2026-01-01 22:49:11.949105,8.8718,88.5469,38.9,27.18,34.11,2902150,9,2902150_009,D
2026-01-01 22:49:11.949105,8.8718,88.5469,45.7,27.26,34.01,2902150,9,2902150_009,D
2026-01-01 22:49:11.949105,8.8718,88.5469,52.5,26.2,34.1,2902150,9,2902150_009,D
2026-01-01 22:49:11.949105,8.8718,88.5469,59.3,26.15,34.23,2902150,9,2902150_009,D
2026-01-01 22:49:11.949105,8.8718,88.5469,66.1,25.76,34.11,2902150,9,2902150_009,D
2026-01-01 22:49:11.949105,8.8718,88.5469,72.9,25.55,34.32,2902150,9,2902150_009,D
2026-01-01 22:49:11.949105,8.8718,88.5469,79.6,24.1,34.05,2902150,9,2902150_009,D
2026-01-01 22:49:11.949105,8.8718,88.5469,86.4,24.24,34.12,2902150,9,2902150_009,D
2026-01-01 22:49:11.949105,8.8718,88.5469,93.2,23.89,34.25,2902150,9,2902150_009,D
2026-01-01 22:49:11.949105,8.8718,88.5469,100.0,23.01,34.29,2902150,9,2902150_009,D
2026-01-01 22:49:11.949105,8.8718,88.5469,110.0,22.54,34.03,2902150,9,2902150_009,D
2026-01-01 22:49:11.949105,8.8718,88.5469,137.9,20.09,34.26,2902150,9,2902150_009,D
2026-01-01 22:49:11.949105,8.8718,88.5469,165.7,18.6,34.18,2902150,9,2902150_009,D
2026-01-01 22:49:11.949105,8.8718,88.5469,193.6,17.95,34.64,2902150,9,2902150_009,D
2026-01-01 22:49:11.949105,8.8718,88.5469,221.4,16.49,34.4,2902150,9,2902150_009,D
2026-01-01 22:49:11.949105,8.8718,88.5469,249.3,15.89,34.35,2902150,9,2902150_009,D
2026-01-01 22:49:11.949105,8.8718,88.5469,277.1,14.91,34.09,2902150,9,2902150_009,D
2026-01-01 22:49:11.949105,8.8718,88.5469,305.0,15.06,34.17,2902150,9,2902150_009,D
2026-01-01 22:49:11.949105,8.8718,88.5469,332.9,13.72,34.25,2902150,9,2902150_009,D
2026-01-01 22:49:11.949105,8.8718,88.5469,360.7,13.36,34.16,2902150,9,2902150_009,D
2026-01-01 22:49:11.949105,8.8718,88.5469,388.6,12.38,34.3,2902150,9,2902150_009,D
2026-01-01 22:49:11.949105,8.8718,88.5469,416.4,10.87,34.25,2902150,9,2902150_009,D
2026-01-01 22:49:11.949105,8.8718,88.5469,444.3,10.8,34.24,2902150,9,2902150_009,D
2026-01-01 22:49:11.949105,8.8718,88.5469,472.1,9.81,34.17,2902150,9,2902150_009,D
2026-01-01 22:49:11.949105,8.8718,88.5469,500.0,9.48,34.27,2902150,9,2902150_009,D
2026-01-01 22:49:11.949105,8.8718,88.5469,520.0,9.13,34.15,2902150,9,2902150_009,D
2026-01-01 22:49:11.949105,8.8718,88.5469,581.7,8.69,34.06,2902150,9,2902150_009,D
2026-01-01 22:49:11.949105,8.8718,88.5469,643.3,8.72,34.41,2902150,9,2902150_009,D
2026-01-01 22:49:11.949105,8.8718,88.5469,705.0,7.97,34.26,2902150,9,2902150_009,D
2026-01-01 22:49:11.949105,8.8718,88.5469,766.7,7.82,34.2,2902150,9,2902150_009,D
2026-01-01 22:49:11.949105,8.8718,88.5469,828.3,7.78,34.22,2902150,9,2902150_009,D
2026-01-01 22:49:11.949105,8.8718,88.5469,890.0,7.55,34.49,2902150,9,2902150_009,D
2026-01-01 22:49:11.949105,8.8718,88.5469,951.7,7.05,34.27,2902150,9,2902150_009,D
2026-01-01 22:49:11.949105,8.8718,88.5469,1013.3,7.09,34.22,2902150,9,2902150_009,D
2026-01-01 22:49:11.949105,8.8718,88.5469,1075.0,6.78,34.24,2902150,9,2902150_009,D
2026-01-01 22:49:11.949105,8.8718,88.5469,1136.7,6.73,34.24,2902150,9,2902150_009,D
2026-01-01 22:49:11.949105,8.8718,88.5469,1198.3,6.03,34.2,2902150,9,2902150_009,D
2026-01-01 22:49:11.949105,8.8718,88.5469,1260.0,5.84,34.19,2902150,9,2902150_009,D
2026-01-01 22:49:11.949105,8.8718,88.5469,1321.7,5.45,34.26,2902150,9,2902150_009,D
2026-01-01 22:49:11.949105,8.8718,88.5469,1383.3,5.05,34.35,2902150,9,2902150_009,D
2026-01-01 22:49:11.949105,8.8718,88.5469,1445.0,5.12,34.19,2902150,9,2902150_009,D
2026-01-01 22:49:11.949105,8.8718,88.5469,1506.7,5.29,34.24,2902150,9,2902150_009,D
2026-01-01 22:49:11.949105,8.8718,88.5469,1568.3,5.19,34.2,2902150,9,2902150_009,D
2026-01-01 22:49:11.949105,8.8718,88.5469,1630.0,4.54,34.29,2902150,9,2902150_009,D
2026-01-01 22:49:11.949105,8.8718,88.5469,1691.7,4.07,34.19,2902150,9,2902150_009,D
2026-01-01 22:49:11.949105,8.8718,88.5469,1753.3,3.34,34.27,2902150,9,2902150_009,D
2026-01-01 22:49:11.949105,8.8718,88.5469,1815.0,4.12,34.24,2902150,9,2902150_009,D
2026-01-01 22:49:11.949105,8.8718,88.5469,1876.7,2.95,34.24,2902150,9,2902150_009,D
2026-01-01 22:49:11.949105,8.8718,88.5469,1938.3,2.86,34.15,2902150,9,2902150_009,D
2026-01-01 22:49:11.949105,8.8718,88.5469,2000.0,2.92,34.2,2902150,9,2902150_009,D
2026-01-11 23:11:56.854584,8.805,88.4061,5.0,28.59,33.18,2902150,10,2902150_010,D
2026-01-11 23:11:56.854584,8.805,88.4061,11.8,28.74,33.56,2902150,10,2902150_010,D
2026-01-11 23:11:56.854584,8.805,88.4061,18.6,28.62,33.37,2902150,10,2902150_010,D
2026-01-11 23:11:56.854584,8.805,88.4061,25.4,28.33,33.33,2902150,10,2902150_010,D
2026-01-11 23:11:56.854584,8.805,88.4061,32.1,27.53,33.85,2902150,10,2902150_010,D
2026-01-11 23:11:56.854584,8.805,88.4061,38.9,27.32,34.1,2902150,10,2902150_010,D
2026-01-11 23:11:56.854584,8.805,88.4061,45.7,27.55,33.71,2902150,10,2902150_010,D
2026-01-11 23:11:56.854584,8.805,88.4061,52.5,27.21,34.11,2902150,10,2902150_010,D
2026-01-11 23:11:56.854584,8.805,88.4061,59.3,26.46,33.95,2902150,10,2902150_010,D
2026-01-11 23:11:56.854584,8.805,88.4061,66.1,25.58,34.1,2902150,10,2902150_010,D
2026-01-11 23:11:56.854584,8.805,88.4061,72.9,25.21,34.1,2902150,10,2902150_010,D
2026-01-11 23:11:56.854584,8.805,88.4061,79.6,24.64,34.05,2902150,10,2902150_010,D
2026-01-11 23:11:56.854584,8.805,88.4061,86.4,23.92,33.97,2902150,10,2902150_010,D
2026-01-11 23:11:56.854584,8.805,88.4061,93.2,23.9,34.07,2902150,10,2902150_010,D
2026-01-11 23:11:56.854584,8.805,88.4061,100.0,22.75,34.23,2902150,10,2902150_010,D
2026-01-11 23:11:56.854584,8.805,88.4061,110.0,22.35,34.49,2902150,10,2902150_010,D
2026-01-11 23:11:56.854584,8.805,88.4061,137.9,20.02,34.44,2902150,10,2902150_010,D
2026-01-11 23:11:56.854584,8.805,88.4061,165.7,18.94,34.34,2902150,10,2902150_010,D
2026-01-11 23:11:56.854584,8.805,88.4061,193.6,17.98,34.48,2902150,10,2902150_010,D
2026-01-11 23:11:56.854584,8.805,88.4061,221.4,17.29,34.1,2902150,10,2902150_010,D
2026-01-11 23:11:56.854584,8.805,88.4061,249.3,16.47,34.17,2902150,10,2902150_010,D
2026-01-11 23:11:56.854584,8.805,88.4061,277.1,15.86,34.14,2902150,10,2902150_010,D
2026-01-11 23:11:56.854584,8.805,88.4061,305.0,14.54,34.54,2902150,10,2902150_010,D
2026-01-11 23:11:56.854584,8.805,88.4061,332.9,13.5,34.43,2902150,10,2902150_010,D
2026-01-11 23:11:56.854584,8.805,88.4061,360.7,13.36,34.26,2902150,10,2902150_010,D
2026-01-11 23:11:56.854584,8.805,88.4061,388.6,12.33,34.11,2902150,10,2902150_010,D
2026-01-11 23:11:56.854584,8.805,88.4061,416.4,11.67,34.1,2902150,10,2902150_010,D
2026-01-11 23:11:56.854584,8.805,88.4061,444.3,11.28,34.3,2902150,10,2902150_010,D
2026-01-11 23:11:56.854584,8.805,88.4061,472.1,10.07,34.36,2902150,10,2902150_010,D
2026-01-11 23:11:56.854584,8.805,88.4061,500.0,8.58,34.29,2902150,10,2902150_010,D
2026-01-11 23:11:56.854584,8.805,88.4061,520.0,8.92,34.24,2902150,10,2902150_010,D
2026-01-11 23:11:56.854584,8.805,88.4061,581.7,8.93,34.19,2902150,10,2902150_010,D
2026-01-11 23:11:56.854584,8.805,88.4061,643.3,8.58,34.34,2902150,10,2902150_010,D
2026-01-11 23:11:56.854584,8.805,88.4061,705.0,8.5,34.29,2902150,10,2902150_010,D
2026-01-11 23:11:56.854584,8.805,88.4061,766.7,8.27,34.36,2902150,10,2902150_010,D
2026-01-11 23:11:56.854584,8.805,88.4061,828.3,7.74,34.38,2902150,10,2902150_010,D
2026-01-11 23:11:56.854584,8.805,88.4061,890.0,6.88,34.33,2902150,10,2902150_010,D
2026-01-11 23:11:56.854584,8.805,88.4061,951.7,7.43,34.27,2902150,10,2902150_010,D
2026-01-11 23:11:56.854584,8.805,88.4061,1013.3,6.98,34.35,2902150,10,2902150_010,D
2026-01-11 23:11:56.854584,8.805,88.4061,1075.0,6.53,34.42,2902150,10,2902150_010,D
2026-01-11 23:11:56.854584,8.805,88.4061,1136.7,6.1,34.22,2902150,10,2902150_010,D
2026-01-11 23:11:56.854584,8.805,88.4061,1198.3,5.78,34.32,2902150,10,2902150_010,D
2026-01-11 23:11:56.854584,8.805,88.4061,1260.0,5.79,34.18,2902150,10,2902150_010,D
2026-01-11 23:11:56.854584,8.805,88.4061,1321.7,5.68,34.08,2902150,10,2902150_010,D
2026-01-11 23:11:56.854584,8.805,88.4061,1383.3,5.54,34.05,2902150,10,2902150_010,D
2026-01-11 23:11:56.854584,8.805,88.4061,1445.0,5.64,34.12,2902150,10,2902150_010,D
2026-01-11 23:11:56.854584,8.805,88.4061,1506.7,4.92,34.34,2902150,10,2902150_010,D
2026-01-11 23:11:56.854584,8.805,88.4061,1568.3,5.29,34.17,2902150,10,2902150_010,D
2026-01-11 23:11:56.854584,8.805,88.4061,1630.0,4.85,34.18,2902150,10,2902150_010,D
2026-01-11 23:11:56.854584,8.805,88.4061,1691.7,4.66,34.17,2902150,10,2902150_010,D
2026-01-11 23:11:56.854584,8.805,88.4061,1753.3,3.48,34.12,2902150,10,2902150_010,D
2026-01-11 23:11:56.854584,8.805,88.4061,1815.0,4.21,33.8,2902150,10,2902150_010,D
2026-01-11 23:11:56.854584,8.805,88.4061,1876.7,3.37,34.08,2902150,10,2902150_010,D
2026-01-11 23:11:56.854584,8.805,88.4061,1938.3,3.06,34.26,2902150,10,2902150_010,D
2026-01-11 23:11:56.854584,8.805,88.4061,2000.0,2.78,34.25,2902150,10,2902150_010,D
2026-01-22 15:03:33.846666,8.935,88.8609,5.0,28.72,33.55,2902150,11,2902150_011,D
2026-01-22 15:03:33.846666,8.935,88.8609,11.8,28.45,33.69,2902150,11,2902150_011,D
2026-01-22 15:03:33.846666,8.935,88.8609,18.6,27.98,33.43,2902150,11,2902150_011,D
2026-01-22 15:03:33.846666,8.935,88.8609,25.4,27.51,33.64,2902150,11,2902150_011,D
2026-01-22 15:03:33.846666,8.935,88.8609,32.1,27.9,33.99,2902150,11,2902150_011,D
2026-01-22 15:03:33.846666,8.935,88.8609,38.9,27.4,34.11,2902150,11,2902150_011,D
2026-01-22 15:03:33.846666,8.935,88.8609,45.7,26.88,33.94,2902150,11,2902150_011,D
2026-01-22 15:03:33.846666,8.935,88.8609,52.5,26.97,34.0,2902150,11,2902150_011,D
2026-01-22 15:03:33.846666,8.935,88.8609,59.3,26.02,34.3,2902150,11,2902150_011,D
2026-01-22 15:03:33.846666,8.935,88.8609,66.1,25.25,34.27,2902150,11,2902150_011,D
2026-01-22 15:03:33.846666,8.935,88.8609,72.9,25.0,34.11,2902150,11,2902150_011,D
2026-01-22 15:03:33.846666,8.935,88.8609,79.6,24.44,34.27,2902150,11,2902150_011,D
2026-01-22 15:03:33.846666,8.935,88.8609,86.4,24.12,33.96,2902150,11,2902150_011,D
2026-01-22 15:03:33.846666,8.935,88.8609,93.2,24.37,34.1,2902150,11,2902150_011,D
2026-01-22 15:03:33.846666,8.935,88.8609,100.0,22.85,34.32,2902150,11,2902150_011,D
2026-01-22 15:03:33.846666,8.935,88.8609,110.0,22.18,34.18,2902150,11,2902150_011,D
2026-01-22 15:03:33.846666,8.935,88.8609,137.9,19.88,34.35,2902150,11,2902150_011,D
2026-01-22 15:03:33.846666,8.935,88.8609,165.7,18.81,34.42,2902150,11,2902150_011,D
2026-01-22 15:03:33.846666,8.935,88.8609,193.6,18.0,34.42,2902150,11,2902150_011,D
2026-01-22 15:03:33.846666,8.935,88.8609,221.4,16.31,34.14,2902150,11,2902150_011,D
2026-01-22 15:03:33.846666,8.935,88.8609,249.3,15.88,34.47,2902150,11,2902150_011,D
2026-01-22 15:03:33.846666,8.935,88.8609,277.1,14.88,34.3,2902150,11,2902150_011,D
2026-01-22 15:03:33.846666,8.935,88.8609,305.0,14.42,34.14,2902150,11,2902150_011,D
2026-01-22 15:03:33.846666,8.935,88.8609,332.9,13.88,34.2,2902150,11,2902150_011,D
2026-01-22 15:03:33.846666,8.935,88.8609,360.7,12.73,34.15,2902150,11,2902150_011,D
2026-01-22 15:03:33.846666,8.935,88.8609,388.6,11.94,34.07,2902150,11,2902150_011,D
2026-01-22 15:03:33.846666,8.935,88.8609,416.4,11.43,34.27,2902150,11,2902150_011,D
2026-01-22 15:03:33.846666,8.935,88.8609,444.3,10.34,34.38,2902150,11,2902150_011,D
2026-01-22 15:03:33.846666,8.935,88.8609,472.1,10.17,34.03,2902150,11,2902150_011,D
2026-01-22 15:03:33.846666,8.935,88.8609,500.0,8.8,34.13,2902150,11,2902150_011,D
2026-01-22 15:03:33.846666,8.935,88.8609,520.0,8.9,34.36,2902150,11,2902150_011,D
2026-01-22 15:03:33.846666,8.935,88.8609,581.7,8.58,34.37,2902150,11,2902150_011,D
2026-01-22 15:03:33.846666,8.935,88.8609,643.3,8.13,34.17,2902150,11,2902150_011,D
2026-01-22 15:03:33.846666,8.935,88.8609,705.0,7.83,34.56,2902150,11,2902150_011,D
2026-01-22 15:03:33.846666,8.935,88.8609,766.7,7.58,34.28,2902150,11,2902150_011,D
2026-01-22 15:03:33.846666,8.935,88.8609,828.3,7.98,34.41,2902150,11,2902150_011,D
2026-01-22 15:03:33.846666,8.935,88.8609,890.0,7.08,34.31,2902150,11,2902150_011,D
2026-01-22 15:03:33.846666,8.935,88.8609,951.7,7.28,34.05,2902150,11,2902150_011,D
2026-01-22 15:03:33.846666,8.935,88.8609,1013.3,6.85,34.03,2902150,11,2902150_011,D
2026-01-22 15:03:33.846666,8.935,88.8609,1075.0,7.38,34.37,2902150,11,2902150_011,D
2026-01-22 15:03:33.846666,8.935,88.8609,1136.7,5.96,34.28,2902150,11,2902150_011,D
2026-01-22 15:03:33.846666,8.935,88.8609,1198.3,6.52,34.0,2902150,11,2902150_011,D
2026-01-22 15:03:33.846666,8.935,88.8609,1260.0,6.14,34.27,2902150,11,2902150_011,D
2026-01-22 15:03:33.846666,8.935,88.8609,1321.7,5.81,34.19,2902150,11,2902150_011,D
2026-01-22 15:03:33.846666,8.935,88.8609,1383.3,5.46,34.18,2902150,11,2902150_011,D
2026-01-22 15:03:33.846666,8.935,88.8609,1445.0,4.6,34.33,2902150,11,2902150_011,D
2026-01-22 15:03:33.846666,8.935,88.8609,1506.7,4.94,34.31,2902150,11,2902150_011,D
2026-01-22 15:03:33.846666,8.935,88.8609,1568.3,5.06,33.89,2902150,11,2902150_011,D
2026-01-22 15:03:33.846666,8.935,88.8609,1630.0,4.18,34.29,2902150,11,2902150_011,D
2026-01-22 15:03:33.846666,8.935,88.8609,1691.7,4.11,34.37,2902150,11,2902150_011,D
2026-01-22 15:03:33.846666,8.935,88.8609,1753.3,4.45,34.38,2902150,11,2902150_011,D
2026-01-22 15:03:33.846666,8.935,88.8609,1815.0,2.97,34.47,2902150,11,2902150_011,D
2026-01-22 15:03:33.846666,8.935,88.8609,1876.7,3.51,34.18,2902150,11,2902150_011,D
2026-01-22 15:03:33.846666,8.935,88.8609,1938.3,2.98,34.12,2902150,11,2902150_011,D
2026-01-22 15:03:33.846666,8.935,88.8609,2000.0,3.23,34.16,2902150,11,2902150_011,D
2026-02-01 05:20:42.574409,8.9519,88.9211,5.0,29.07,33.69,2902150,12,2902150_012,D
2026-02-01 05:20:42.574409,8.9519,88.9211,11.8,29.09,33.49,2902150,12,2902150_012,D
2026-02-01 05:20:42.574409,8.9519,88.9211,18.6,28.71,33.52,2902150,12,2902150_012,D
2026-02-01 05:20:42.574409,8.9519,88.9211,25.4,28.88,33.55,2902150,12,2902150_012,D
2026-02-01 05:20:42.574409,8.9519,88.9211,32.1,27.78,33.99,2902150,12,2902150_012,D
2026-02-01 05:20:42.574409,8.9519,88.9211,38.9,27.39,33.95,2902150,12,2902150_012,D
2026-02-01 05:20:42.574409,8.9519,88.9211,45.7,27.16,33.95,2902150,12,2902150_012,D
2026-02-01 05:20:42.574409,8.9519,88.9211,52.5,26.9,34.08,2902150,12,2902150_012,D
2026-02-01 05:20:42.574409,8.9519,88.9211,59.3,26.14,33.96,2902150,12,2902150_012,D
2026-02-01 05:20:42.574409,8.9519,88.9211,66.1,25.54,34.17,2902150,12,2902150_012,D
2026-02-01 05:20:42.574409,8.9519,88.9211,72.9,25.4,34.21,2902150,12,2902150_012,D
2026-02-01 05:20:42.574409,8.9519,88.9211,79.6,24.37,34.08,2902150,12,2902150_012,D
2026-02-01 05:20:42.574409,8.9519,88.9211,86.4,24.2,34.2,2902150,12,2902150_012,D
2026-02-01 05:20:42.574409,8.9519,88.9211,93.2,23.73,34.08,2902150,12,2902150_012,D
2026-02-01 05:20:42.574409,8.9519,88.9211,100.0,22.51,34.05,2902150,12,2902150_012,D
2026-02-01 05:20:42.574409,8.9519,88.9211,110.0,22.42,34.12,2902150,12,2902150_012,D
2026-02-01 05:20:42.574409,8.9519,88.9211,137.9,20.36,34.46,2902150,12,2902150_012,D
2026-02-01 05:20:42.574409,8.9519,88.9211,165.7,18.28,34.34,2902150,12,2902150_012,D
2026-02-01 05:20:42.574409,8.9519,88.9211,193.6,17.78,34.38,2902150,12,2902150_012,D
2026-02-01 05:20:42.574409,8.9519,88.9211,221.4,17.08,34.23,2902150,12,2902150_012,D
2026-02-01 05:20:42.574409,8.9519,88.9211,249.3,16.54,34.27,2902150,12,2902150_012,D
2026-02-01 05:20:42.574409,8.9519,88.9211,277.1,15.72,34.29,2902150,12,2902150_012,D
2026-02-01 05:20:42.574409,8.9519,88.9211,305.0,14.35,34.38,2902150,12,2902150_012,D
2026-02-01 05:20:42.574409,8.9519,88.9211,332.9,13.7,34.12,2902150,12,2902150_012,D
2026-02-01 05:20:42.574409,8.9519,88.9211,360.7,13.02,34.24,2902150,12,2902150_012,D
2026-02-01 05:20:42.574409,8.9519,88.9211,388.6,12.08,34.18,2902150,12,2902150_012,D
2026-02-01 05:20:42.574409,8.9519,88.9211,416.4,11.51,34.2,2902150,12,2902150_012,D
2026-02-01 05:20:42.574409,8.9519,88.9211,444.3,10.76,34.36,2902150,12,2902150_012,D
2026-02-01 05:20:42.574409,8.9519,88.9211,472.1,10.04,34.11,2902150,12,2902150_012,D
2026-02-01 05:20:42.574409,8.9519,88.9211,500.0,8.73,34.36,2902150,12,2902150_012,D
2026-02-01 05:20:42.574409,8.9519,88.9211,520.0,8.69,34.39,2902150,12,2902150_012,D
2026-02-01 05:20:42.574409,8.9519,88.9211,581.7,8.5,34.22,2902150,12,2902150_012,D
2026-02-01 05:20:42.574409,8.9519,88.9211,643.3,8.45,34.17,2902150,12,2902150_012,D
2026-02-01 05:20:42.574409,8.9519,88.9211,705.0,7.9,34.07,2902150,12,2902150_012,D
2026-02-01 05:20:42.574409,8.9519,88.9211,766.7,8.52,34.13,2902150,12,2902150_012,D
2026-02-01 05:20:42.574409,8.9519,88.9211,828.3,7.4,34.23,2902150,12,2902150_012,D
2026-02-01 05:20:42.574409,8.9519,88.9211,890.0,7.59,34.24,2902150,12,2902150_012,D
2026-02-01 05:20:42.574409,8.9519,88.9211,951.7,7.07,34.29,2902150,12,2902150_012,D
2026-02-01 05:20:42.574409,8.9519,88.9211,1013.3,6.9,34.2,2902150,12,2902150_012,D
2026-02-01 05:20:42.574409,8.9519,88.9211,1075.0,6.97,34.02,2902150,12,2902150_012,D
2026-02-01 05:20:42.574409,8.9519,88.9211,1136.7,6.41,34.3,2902150,12,2902150_012,D
2026-02-01 05:20:42.574409,8.9519,88.9211,1198.3,6.38,34.28,2902150,12,2902150_012,D
2026-02-01 05:20:42.574409,8.9519,88.9211,1260.0,6.03,34.14,2902150,12,2902150_012,D
2026-02-01 05:20:42.574409,8.9519,88.9211,1321.7,6.19,34.07,2902150,12,2902150_012,D
2026-02-01 05:20:42.574409,8.9519,88.9211,1383.3,5.35,34.07,2902150,12,2902150_012,D
2026-02-01 05:20:42.574409,8.9519,88.9211,1445.0,5.32,34.29,2902150,12,2902150_012,D
2026-02-01 05:20:42.574409,8.9519,88.9211,1506.7,4.89,34.01,2902150,12,2902150_012,D
2026-02-01 05:20:42.574409,8.9519,88.9211,1568.3,4.42,34.32,2902150,12,2902150_012,D
2026-02-01 05:20:42.574409,8.9519,88.9211,1630.0,4.23,34.15,2902150,12,2902150_012,D
2026-02-01 05:20:42.574409,8.9519,88.9211,1691.7,3.99,34.17,2902150,12,2902150_012,D
2026-02-01 05:20:42.574409,8.9519,88.9211,1753.3,3.67,34.23,2902150,12,2902150_012,D
2026-02-01 05:20:42.574409,8.9519,88.9211,1815.0,3.65,34.24,2902150,12,2902150_012,D
2026-02-01 05:20:42.574409,8.9519,88.9211,1876.7,3.67,34.24,2902150,12,2902150_012,D
2026-02-01 05:20:42.574409,8.9519,88.9211,1938.3,3.43,34.04,2902150,12,2902150_012,D
2026-02-01 05:20:42.574409,8.9519,88.9211,2000.0,2.81,34.13,2902150,12,2902150_012,D
2026-02-10 10:47:27.216505,9.1392,88.6192,5.0,28.78,33.53,2902150,13,2902150_013,D
2026-02-10 10:47:27.216505,9.1392,88.6192,11.8,28.85,33.5,2902150,13,2902150_013,D
2026-02-10 10:47:27.216505,9.1392,88.6192,18.6,27.99,33.44,2902150,13,2902150_013,D
2026-02-10 10:47:27.216505,9.1392,88.6192,25.4,27.93,33.65,2902150,13,2902150_013,D
2026-02-10 10:47:27.216505,9.1392,88.6192,32.1,27.91,33.93,2902150,13,2902150_013,D
2026-02-10 10:47:27.216505,9.1392,88.6192,38.9,27.24,33.98,2902150,13,2902150_013,D
2026-02-10 10:47:27.216505,9.1392,88.6192,45.7,27.71,33.98,2902150,13,2902150_013,D
2026-02-10 10:47:27.216505,9.1392,88.6192,52.5,26.54,34.02,2902150,13,2902150_013,D
2026-02-10 10:47:27.216505,9.1392,88.6192,59.3,26.47,34.1,2902150,13,2902150_013,D
2026-02-10 10:47:27.216505,9.1392,88.6192,66.1,26.3,34.18,2902150,13,2902150_013,D
2026-02-10 10:47:27.216505,9.1392,88.6192,72.9,25.94,34.09,2902150,13,2902150_013,D
2026-02-10 10:47:27.216505,9.1392,88.6192,79.6,24.72,34.2,2902150,13,2902150_013,D
2026-02-10 10:47:27.216505,9.1392,88.6192,86.4,23.63,34.24,2902150,13,2902150_013,D
2026-02-10 10:47:27.216505,9.1392,88.6192,93.2,23.62,34.1,2902150,13,2902150_013,D
2026-02-10 10:47:27.216505,9.1392,88.6192,100.0,23.05,34.14,2902150,13,2902150_013,D
2026-02-10 10:47:27.216505,9.1392,88.6192,110.0,22.25,34.13,2902150,13,2902150_013,D
2026-02-10 10:47:27.216505,9.1392,88.6192,137.9,20.3,34.3,2902150,13,2902150_013,D
2026-02-10 10:47:27.216505,9.1392,88.6192,165.7,18.92,34.29,2902150,13,2902150_013,D
2026-02-10 10:47:27.216505,9.1392,88.6192,193.6,17.66,34.63,2902150,13,2902150_013,D
2026-02-10 10:47:27.216505,9.1392,88.6192,221.4,16.96,34.37,2902150,13,2902150_013,D
2026-02-10 10:47:27.216505,9.1392,88.6192,249.3,16.18,33.91,2902150,13,2902150_013,D
2026-02-10 10:47:27.216505,9.1392,88.6192,277.1,15.73,34.37,2902150,13,2902150_013,D
2026-02-10 10:47:27.216505,9.1392,88.6192,305.0,14.21,34.19,2902150,13,2902150_013,D
2026-02-10 10:47:27.216505,9.1392,88.6192,332.9,13.75,34.34,2902150,13,2902150_013,D
2026-02-10 10:47:27.216505,9.1392,88.6192,360.7,13.52,34.44,2902150,13,2902150_013,D
2026-02-10 10:47:27.216505,9.1392,88.6192,388.6,11.95,34.16,2902150,13,2902150_013,D
2026-02-10 10:47:27.216505,9.1392,88.6192,416.4,11.09,34.22,2902150,13,2902150_013,D
2026-02-10 10:47:27.216505,9.1392,88.6192,444.3,10.82,34.17,2902150,13,2902150_013,D
2026-02-10 10:47:27.216505,9.1392,88.6192,472.1,10.24,34.18,2902150,13,2902150_013,D
2026-02-10 10:47:27.216505,9.1392,88.6192,500.0,9.39,34.14,2902150,13,2902150_013,D
2026-02-10 10:47:27.216505,9.1392,88.6192,520.0,8.99,34.08,2902150,13,2902150_013,D
2026-02-10 10:47:27.216505,9.1392,88.6192,581.7,9.09,34.2,2902150,13,2902150_013,D
2026-02-10 10:47:27.216505,9.1392,88.6192,643.3,8.61,34.37,2902150,13,2902150_013,D
2026-02-10 10:47:27.216505,9.1392,88.6192,705.0,8.73,34.22,2902150,13,2902150_013,D
2026-02-10 10:47:27.216505,9.1392,88.6192,766.7,8.22,34.23,2902150,13,2902150_013,D
2026-02-10 10:47:27.216505,9.1392,88.6192,828.3,7.53,34.3,2902150,13,2902150_013,D
2026-02-10 10:47:27.216505,9.1392,88.6192,890.0,6.93,34.14,2902150,13,2902150_013,D
2026-02-10 10:47:27.216505,9.1392,88.6192,951.7,7.16,34.26,2902150,13,2902150_013,D
2026-02-10 10:47:27.216505,9.1392,88.6192,1013.3,6.42,34.38,2902150,13,2902150_013,D
2026-02-10 10:47:27.216505,9.1392,88.6192,1075.0,6.77,34.18,2902150,13,2902150_013,D
2026-02-10 10:47:27.216505,9.1392,88.6192,1136.7,6.52,34.2,2902150,13,2902150_013,D
2026-02-10 10:47:27.216505,9.1392,88.6192,1198.3,6.64,34.32,2902150,13,2902150_013,D
2026-02-10 10:47:27.216505,9.1392,88.6192,1260.0,6.27,34.07,2902150,13,2902150_013,D
2026-02-10 10:47:27.216505,9.1392,88.6192,1321.7,6.06,34.09,2902150,13,2902150_013,D
2026-02-10 10:47:27.216505,9.1392,88.6192,1383.3,5.5,34.15,2902150,13,2902150_013,D
2026-02-10 10:47:27.216505,9.1392,88.6192,1445.0,5.09,34.25,2902150,13,2902150_013,D
2026-02-10 10:47:27.216505,9.1392,88.6192,1506.7,4.58,33.98,2902150,13,2902150_013,D
2026-02-10 10:47:27.216505,9.1392,88.6192,1568.3,4.46,34.17,2902150,13,2902150_013,D
2026-02-10 10:47:27.216505,9.1392,88.6192,1630.0,4.27,34.23,2902150,13,2902150_013,D
2026-02-10 10:47:27.216505,9.1392,88.6192,1691.7,4.85,34.32,2902150,13,2902150_013,D
2026-02-10 10:47:27.216505,9.1392,88.6192,1753.3,4.26,34.23,2902150,13,2902150_013,D
2026-02-10 10:47:27.216505,9.1392,88.6192,1815.0,4.14,33.97,2902150,13,2902150_013,D
2026-02-10 10:47:27.216505,9.1392,88.6192,1876.7,3.77,34.13,2902150,13,2902150_013,D
2026-02-10 10:47:27.216505,9.1392,88.6192,1938.3,3.4,33.82,2902150,13,2902150_013,D
2026-02-10 10:47:27.216505,9.1392,88.6192,2000.0,3.08,34.19,2902150,13,2902150_013,D
2025-11-24 00:28:52.463208,-22.0692,67.9801,5.0,26.39,35.48,2902196,1,2902196_001,D
2025-11-24 00:28:52.463208,-22.0692,67.9801,11.8,25.97,35.46,2902196,1,2902196_001,D
2025-11-24 00:28:52.463208,-22.0692,67.9801,18.6,26.07,35.47,2902196,1,2902196_001,D
2025-11-24 00:28:52.463208,-22.0692,67.9801,25.4,25.23,35.48,2902196,1,2902196_001,D
2025-11-24 00:28:52.463208,-22.0692,67.9801,32.1,25.47,34.99,2902196,1,2902196_001,D
2025-11-24 00:28:52.463208,-22.0692,67.9801,38.9,24.58,35.0,2902196,1,2902196_001,D
2025-11-24 00:28:52.463208,-22.0692,67.9801,45.7,24.84,34.96,2902196,1,2902196_001,D
2025-11-24 00:28:52.463208,-22.0692,67.9801,52.5,24.15,34.97,2902196,1,2902196_001,D
2025-11-24 00:28:52.463208,-22.0692,67.9801,59.3,23.6,34.91,2902196,1,2902196_001,D
2025-11-24 00:28:52.463208,-22.0692,67.9801,66.1,23.02,34.93,2902196,1,2902196_001,D
2025-11-24 00:28:52.463208,-22.0692,67.9801,72.9,22.98,34.73,2902196,1,2902196_001,D
2025-11-24 00:28:52.463208,-22.0692,67.9801,79.6,22.14,34.98,2902196,1,2902196_001,D
2025-11-24 00:28:52.463208,-22.0692,67.9801,86.4,21.13,35.03,2902196,1,2902196_001,D
2025-11-24 00:28:52.463208,-22.0692,67.9801,93.2,21.73,35.03,2902196,1,2902196_001,D
2025-11-24 00:28:52.463208,-22.0692,67.9801,100.0,20.68,34.96,2902196,1,2902196_001,D
2025-11-24 00:28:52.463208,-22.0692,67.9801,110.0,19.89,35.08,2902196,1,2902196_001,D
2025-11-24 00:28:52.463208,-22.0692,67.9801,137.9,17.63,34.98,2902196,1,2902196_001,D
2025-11-24 00:28:52.463208,-22.0692,67.9801,165.7,16.26,35.05,2902196,1,2902196_001,D
2025-11-24 00:28:52.463208,-22.0692,67.9801,193.6,15.34,35.35,2902196,1,2902196_001,D
2025-11-24 00:28:52.463208,-22.0692,67.9801,221.4,13.94,35.04,2902196,1,2902196_001,D
2025-11-24 00:28:52.463208,-22.0692,67.9801,249.3,13.23,35.05,2902196,1,2902196_001,D
2025-11-24 00:28:52.463208,-22.0692,67.9801,277.1,12.58,35.02,2902196,1,2902196_001,D
2025-11-24 00:28:52.463208,-22.0692,67.9801,305.0,11.8,35.02,2902196,1,2902196_001,D
2025-11-24 00:28:52.463208,-22.0692,67.9801,332.9,11.36,35.33,2902196,1,2902196_001,D
2025-11-24 00:28:52.463208,-22.0692,67.9801,360.7,9.71,34.89,2902196,1,2902196_001,D
2025-11-24 00:28:52.463208,-22.0692,67.9801,388.6,9.59,34.85,2902196,1,2902196_001,D
2025-11-24 00:28:52.463208,-22.0692,67.9801,416.4,9.37,35.09,2902196,1,2902196_001,D
2025-11-24 00:28:52.463208,-22.0692,67.9801,444.3,7.57,34.97,2902196,1,2902196_001,D
2025-11-24 00:28:52.463208,-22.0692,67.9801,472.1,7.48,34.81,2902196,1,2902196_001,D
2025-11-24 00:28:52.463208,-22.0692,67.9801,500.0,6.77,35.09,2902196,1,2902196_001,D
2025-11-24 00:28:52.463208,-22.0692,67.9801,520.0,6.15,34.86,2902196,1,2902196_001,D
2025-11-24 00:28:52.463208,-22.0692,67.9801,581.7,6.21,34.89,2902196,1,2902196_001,D
2025-11-24 00:28:52.463208,-22.0692,67.9801,643.3,5.77,35.2,2902196,1,2902196_001,D
2025-11-24 00:28:52.463208,-22.0692,67.9801,705.0,5.43,35.03,2902196,1,2902196_001,D
2025-11-24 00:28:52.463208,-22.0692,67.9801,766.7,5.39,34.95,2902196,1,2902196_001,D
2025-11-24 00:28:52.463208,-22.0692,67.9801,828.3,4.99,34.98,2902196,1,2902196_001,D
2025-11-24 00:28:52.463208,-22.0692,67.9801,890.0,5.4,35.44,2902196,1,2902196_001,D
2025-11-24 00:28:52.463208,-22.0692,67.9801,951.7,4.88,34.82,2902196,1,2902196_001,D
2025-11-24 00:28:52.463208,-22.0692,67.9801,1013.3,4.2,34.92,2902196,1,2902196_001,D
2025-11-24 00:28:52.463208,-22.0692,67.9801,1075.0,4.59,35.11,2902196,1,2902196_001,D
2025-11-24 00:28:52.463208,-22.0692,67.9801,1136.7,4.14,34.99,2902196,1,2902196_001,D
2025-11-24 00:28:52.463208,-22.0692,67.9801,1198.3,4.12,35.13,2902196,1,2902196_001,D
2025-11-24 00:28:52.463208,-22.0692,67.9801,1260.0,2.96,35.21,2902196,1,2902196_001,D
2025-11-24 00:28:52.463208,-22.0692,67.9801,1321.7,3.53,35.01,2902196,1,2902196_001,D
2025-11-24 00:28:52.463208,-22.0692,67.9801,1383.3,2.82,35.05,2902196,1,2902196_001,D
2025-11-24 00:28:52.463208,-22.0692,67.9801,1445.0,2.75,34.8,2902196,1,2902196_001,D
2025-11-24 00:28:52.463208,-22.0692,67.9801,1506.7,2.63,34.94,2902196,1,2902196_001,D
2025-11-24 00:28:52.463208,-22.0692,67.9801,1568.3,1.8,35.16,2902196,1,2902196_001,D
2025-11-24 00:28:52.463208,-22.0692,67.9801,1630.0,1.84,34.98,2902196,1,2902196_001,D
2025-11-24 00:28:52.463208,-22.0692,67.9801,1691.7,1.7,34.97,2902196,1,2902196_001,D
2025-11-24 00:28:52.463208,-22.0692,67.9801,1753.3,1.58,35.08,2902196,1,2902196_001,D
2025-11-24 00:28:52.463208,-22.0692,67.9801,1815.0,0.98,34.89,2902196,1,2902196_001,D
2025-11-24 00:28:52.463208,-22.0692,67.9801,1876.7,0.52,34.91,2902196,1,2902196_001,D
2025-11-24 00:28:52.463208,-22.0692,67.9801,1938.3,1.38,34.91,2902196,1,2902196_001,D
2025-11-24 00:28:52.463208,-22.0692,67.9801,2000.0,0.23,34.99,2902196,1,2902196_001,D
2025-12-03 05:02:49.477042,-22.1042,68.0351,5.0,26.17,35.52,2902196,2,2902196_002,D
2025-12-03 05:02:49.477042,-22.1042,68.0351,11.8,25.69,35.4,2902196,2,2902196_002,D
2025-12-03 05:02:49.477042,-22.1042,68.0351,18.6,25.44,35.56,2902196,2,2902196_002,D
2025-12-03 05:02:49.477042,-22.1042,68.0351,25.4,25.09,35.39,2902196,2,2902196_002,D
2025-12-03 05:02:49.477042,-22.1042,68.0351,32.1,25.39,34.78,2902196,2,2902196_002,D
2025-12-03 05:02:49.477042,-22.1042,68.0351,38.9,25.4,34.71,2902196,2,2902196_002,D
2025-12-03 05:02:49.477042,-22.1042,68.0351,45.7,24.83,34.77,2902196,2,2902196_002,D
2025-12-03 05:02:49.477042,-22.1042,68.0351,52.5,24.5,34.82,2902196,2,2902196_002,D
2025-12-03 05:02:49.477042,-22.1042,68.0351,59.3,23.43,34.91,2902196,2,2902196_002,D
2025-12-03 05:02:49.477042,-22.1042,68.0351,66.1,23.24,34.83,2902196,2,2902196_002,D
2025-12-03 05:02:49.477042,-22.1042,68.0351,72.9,23.22,35.03,2902196,2,2902196_002,D
2025-12-03 05:02:49.477042,-22.1042,68.0351,79.6,22.49,35.1,2902196,2,2902196_002,D
2025-12-03 05:02:49.477042,-22.1042,68.0351,86.4,21.78,35.1,2902196,2,2902196_002,D
2025-12-03 05:02:49.477042,-22.1042,68.0351,93.2,21.06,35.11,2902196,2,2902196_002,D
2025-12-03 05:02:49.477042,-22.1042,68.0351,100.0,20.3,34.96,2902196,2,2902196_002,D
2025-12-03 05:02:49.477042,-22.1042,68.0351,110.0,19.83,35.07,2902196,2,2902196_002,D
2025-12-03 05:02:49.477042,-22.1042,68.0351,137.9,17.59,35.1,2902196,2,2902196_002,D
2025-12-03 05:02:49.477042,-22.1042,68.0351,165.7,16.36,35.14,2902196,2,2902196_002,D
2025-12-03 05:02:49.477042,-22.1042,68.0351,193.6,15.63,35.3,2902196,2,2902196_002,D
2025-12-03 05:02:49.477042,-22.1042,68.0351,221.4,14.48,34.78,2902196,2,2902196_002,D
2025-12-03 05:02:49.477042,-22.1042,68.0351,249.3,13.61,35.04,2902196,2,2902196_002,D
2025-12-03 05:02:49.477042,-22.1042,68.0351,277.1,12.95,34.72,2902196,2,2902196_002,D
2025-12-03 05:02:49.477042,-22.1042,68.0351,305.0,12.05,35.13,2902196,2,2902196_002,D
2025-12-03 05:02:49.477042,-22.1042,68.0351,332.9,11.02,35.22,2902196,2,2902196_002,D
2025-12-03 05:02:49.477042,-22.1042,68.0351,360.7,10.09,35.31,2902196,2,2902196_002,D
2025-12-03 05:02:49.477042,-22.1042,68.0351,388.6,9.46,35.2,2902196,2,2902196_002,D
2025-12-03 05:02:49.477042,-22.1042,68.0351,416.4,8.91,35.03,2902196,2,2902196_002,D
2025-12-03 05:02:49.477042,-22.1042,68.0351,444.3,8.61,34.91,2902196,2,2902196_002,D
2025-12-03 05:02:49.477042,-22.1042,68.0351,472.1,7.29,34.91,2902196,2,2902196_002,D
2025-12-03 05:02:49.477042,-22.1042,68.0351,500.0,6.99,35.08,2902196,2,2902196_002,D
2025-12-03 05:02:49.477042,-22.1042,68.0351,520.0,6.72,34.81,2902196,2,2902196_002,D
2025-12-03 05:02:49.477042,-22.1042,68.0351,581.7,5.99,35.08,2902196,2,2902196_002,D
2025-12-03 05:02:49.477042,-22.1042,68.0351,643.3,5.46,34.92,2902196,2,2902196_002,D
2025-12-03 05:02:49.477042,-22.1042,68.0351,705.0,5.62,34.86,2902196,2,2902196_002,D
2025-12-03 05:02:49.477042,-22.1042,68.0351,766.7,5.38,35.01,2902196,2,2902196_002,D
2025-12-03 05:02:49.477042,-22.1042,68.0351,828.3,5.4,34.99,2902196,2,2902196_002,D
2025-12-03 05:02:49.477042,-22.1042,68.0351,890.0,5.17,34.9,2902196,2,2902196_002,D
2025-12-03 05:02:49.477042,-22.1042,68.0351,951.7,4.41,35.02,2902196,2,2902196_002,D
2025-12-03 05:02:49.477042,-22.1042,68.0351,1013.3,4.65,34.99,2902196,2,2902196_002,D
2025-12-03 05:02:49.477042,-22.1042,68.0351,1075.0,3.98,34.79,2902196,2,2902196_002,D
2025-12-03 05:02:49.477042,-22.1042,68.0351,1136.7,4.28,34.95,2902196,2,2902196_002,D
2025-12-03 05:02:49.477042,-22.1042,68.0351,1198.3,3.41,35.19,2902196,2,2902196_002,D
2025-12-03 05:02:49.477042,-22.1042,68.0351,1260.0,3.47,35.04,2902196,2,2902196_002,D
2025-12-03 05:02:49.477042,-22.1042,68.0351,1321.7,3.2,35.07,2902196,2,2902196_002,D
2025-12-03 05:02:49.477042,-22.1042,68.0351,1383.3,3.29,34.98,2902196,2,2902196_002,D
2025-12-03 05:02:49.477042,-22.1042,68.0351,1445.0,2.94,35.03,2902196,2,2902196_002,D
2025-12-03 05:02:49.477042,-22.1042,68.0351,1506.7,2.06,35.11,2902196,2,2902196_002,D
2025-12-03 05:02:49.477042,-22.1042,68.0351,1568.3,2.55,34.94,2902196,2,2902196_002,D
2025-12-03 05:02:49.477042,-22.1042,68.0351,1630.0,1.69,35.01,2902196,2,2902196_002,D
2025-12-03 05:02:49.477042,-22.1042,68.0351,1691.7,1.51,34.83,2902196,2,2902196_002,D
2025-12-03 05:02:49.477042,-22.1042,68.0351,1753.3,1.12,34.94,2902196,2,2902196_002,D
2025-12-03 05:02:49.477042,-22.1042,68.0351,1815.0,0.97,35.11,2902196,2,2902196_002,D
2025-12-03 05:02:49.477042,-22.1042,68.0351,1876.7,1.63,34.88,2902196,2,2902196_002,D
2025-12-03 05:02:49.477042,-22.1042,68.0351,1938.3,0.34,35.03,2902196,2,2902196_002,D
2025-12-03 05:02:49.477042,-22.1042,68.0351,2000.0,0.39,34.98,2902196,2,2902196_002,D
2025-12-12 18:07:44.088833,-22.1097,68.0122,5.0,26.54,35.53,2902196,3,2902196_003,D
2025-12-12 18:07:44.088833,-22.1097,68.0122,11.8,26.5,35.4,2902196,3,2902196_003,D
2025-12-12 18:07:44.088833,-22.1097,68.0122,18.6,25.98,35.61,2902196,3,2902196_003,D
2025-12-12 18:07:44.088833,-22.1097,68.0122,25.4,25.53,35.57,2902196,3,2902196_003,D
2025-12-12 18:07:44.088833,-22.1097,68.0122,32.1,24.88,34.49,2902196,3,2902196_003,D
2025-12-12 18:07:44.088833,-22.1097,68.0122,38.9,24.86,34.96,2902196,3,2902196_003,D
2025-12-12 18:07:44.088833,-22.1097,68.0122,45.7,24.25,34.96,2902196,3,2902196_003,D
2025-12-12 18:07:44.088833,-22.1097,68.0122,52.5,24.13,34.8,2902196,3,2902196_003,D
2025-12-12 18:07:44.088833,-22.1097,68.0122,59.3,23.26,34.88,2902196,3,2902196_003,D
2025-12-12 18:07:44.088833,-22.1097,68.0122,66.1,23.12,34.88,2902196,3,2902196_003,D
2025-12-12 18:07:44.088833,-22.1097,68.0122,72.9,22.64,34.91,2902196,3,2902196_003,D
2025-12-12 18:07:44.088833,-22.1097,68.0122,79.6,22.39,35.26,2902196,3,2902196_003,D
2025-12-12 18:07:44.088833,-22.1097,68.0122,86.4,21.55,35.06,2902196,3,2902196_003,D
2025-12-12 18:07:44.088833,-22.1097,68.0122,93.2,21.51,35.06,2902196,3,2902196_003,D
2025-12-12 18:07:44.088833,-22.1097,68.0122,100.0,20.48,34.89,2902196,3,2902196_003,D
2025-12-12 18:07:44.088833,-22.1097,68.0122,110.0,19.86,35.09,2902196,3,2902196_003,D
2025-12-12 18:07:44.088833,-22.1097,68.0122,137.9,17.36,35.19,2902196,3,2902196_003,D
2025-12-12 18:07:44.088833,-22.1097,68.0122,165.7,16.04,35.11,2902196,3,2902196_003,D
2025-12-12 18:07:44.088833,-22.1097,68.0122,193.6,15.94,35.35,2902196,3,2902196_003,D
2025-12-12 18:07:44.088833,-22.1097,68.0122,221.4,14.01,35.0,2902196,3,2902196_003,D
2025-12-12 18:07:44.088833,-22.1097,68.0122,249.3,13.48,34.8,2902196,3,2902196_003,D
2025-12-12 18:07:44.088833,-22.1097,68.0122,277.1,12.63,34.71,2902196,3,2902196_003,D
2025-12-12 18:07:44.088833,-22.1097,68.0122,305.0,11.84,34.88,2902196,3,2902196_003,D
2025-12-12 18:07:44.088833,-22.1097,68.0122,332.9,11.76,35.01,2902196,3,2902196_003,D
2025-12-12 18:07:44.088833,-22.1097,68.0122,360.7,10.09,35.0,2902196,3,2902196_003,D
2025-12-12 18:07:44.088833,-22.1097,68.0122,388.6,9.71,34.82,2902196,3,2902196_003,D
2025-12-12 18:07:44.088833,-22.1097,68.0122,416.4,9.05,35.11,2902196,3,2902196_003,D
2025-12-12 18:07:44.088833,-22.1097,68.0122,444.3,7.83,34.99,2902196,3,2902196_003,D
2025-12-12 18:07:44.088833,-22.1097,68.0122,472.1,7.58,35.1,2902196,3,2902196_003,D
2025-12-12 18:07:44.088833,-22.1097,68.0122,500.0,6.37,34.85,2902196,3,2902196_003,D
2025-12-12 18:07:44.088833,-22.1097,68.0122,520.0,6.53,34.96,2902196,3,2902196_003,D
2025-12-12 18:07:44.088833,-22.1097,68.0122,581.7,6.81,35.05,2902196,3,2902196_003,D
2025-12-12 18:07:44.088833,-22.1097,68.0122,643.3,6.07,34.89,2902196,3,2902196_003,D
2025-12-12 18:07:44.088833,-22.1097,68.0122,705.0,6.0,34.98,2902196,3,2902196_003,D
2025-12-12 18:07:44.088833,-22.1097,68.0122,766.7,5.62,34.89,2902196,3,2902196_003,D
2025-12-12 18:07:44.088833,-22.1097,68.0122,828.3,5.17,35.1,2902196,3,2902196_003,D
2025-12-12 18:07:44.088833,-22.1097,68.0122,890.0,5.16,35.01,2902196,3,2902196_003,D
2025-12-12 18:07:44.088833,-22.1097,68.0122,951.7,5.27,35.04,2902196,3,2902196_003,D
2025-12-12 18:07:44.088833,-22.1097,68.0122,1013.3,4.43,35.14,2902196,3,2902196_003,D
2025-12-12 18:07:44.088833,-22.1097,68.0122,1075.0,4.14,34.95,2902196,3,2902196_003,D
2025-12-12 18:07:44.088833,-22.1097,68.0122,1136.7,3.86,34.85,2902196,3,2902196_003,D
2025-12-12 18:07:44.088833,-22.1097,68.0122,1198.3,4.24,34.76,2902196,3,2902196_003,D
2025-12-12 18:07:44.088833,-22.1097,68.0122,1260.0,3.39,34.79,2902196,3,2902196_003,D
2025-12-12 18:07:44.088833,-22.1097,68.0122,1321.7,3.42,34.91,2902196,3,2902196_003,D
2025-12-12 18:07:44.088833,-22.1097,68.0122,1383.3,2.59,35.23,2902196,3,2902196_003,D
2025-12-12 18:07:44.088833,-22.1097,68.0122,1445.0,3.04,34.88,2902196,3,2902196_003,D
2025-12-12 18:07:44.088833,-22.1097,68.0122,1506.7,2.5,34.97,2902196,3,2902196_003,D
2025-12-12 18:07:44.088833,-22.1097,68.0122,1568.3,2.31,34.9,2902196,3,2902196_003,D
2025-12-12 18:07:44.088833,-22.1097,68.0122,1630.0,2.28,35.03,2902196,3,2902196_003,D
2025-12-12 18:07:44.088833,-22.1097,68.0122,1691.7,1.96,34.81,2902196,3,2902196_003,D
2025-12-12 18:07:44.088833,-22.1097,68.0122,1753.3,1.69,34.89,2902196,3,2902196_003,D
2025-12-12 18:07:44.088833,-22.1097,68.0122,1815.0,1.37,35.21,2902196,3,2902196_003,D
2025-12-12 18:07:44.088833,-22.1097,68.0122,1876.7,1.4,35.04,2902196,3,2902196_003,D
2025-12-12 18:07:44.088833,-22.1097,68.0122,1938.3,1.1,34.95,2902196,3,2902196_003,D
2025-12-12 18:07:44.088833,-22.1097,68.0122,2000.0,0.37,34.77,2902196,3,2902196_003,D
2025-12-22 02:37:17.948994,-22.194,68.0881,5.0,26.2,35.36,2902196,4,2902196_004,D
2025-12-22 02:37:17.948994,-22.194,68.0881,11.8,26.36,35.68,2902196,4,2902196_004,D
2025-12-22 02:37:17.948994,-22.194,68.0881,18.6,25.53,35.41,2902196,4,2902196_004,D
2025-12-22 02:37:17.948994,-22.194,68.0881,25.4,25.69,35.43,2902196,4,2902196_004,D
2025-12-22 02:37:17.948994,-22.194,68.0881,32.1,25.26,34.71,2902196,4,2902196_004,D
2025-12-22 02:37:17.948994,-22.194,68.0881,38.9,24.65,34.97,2902196,4,2902196_004,D
2025-12-22 02:37:17.948994,-22.194,68.0881,45.7,24.31,34.83,2902196,4,2902196_004,D
2025-12-22 02:37:17.948994,-22.194,68.0881,52.5,24.34,34.93,2902196,4,2902196_004,D
2025-12-22 02:37:17.948994,-22.194,68.0881,59.3,24.65,34.88,2902196,4,2902196_004,D
2025-12-22 02:37:17.948994,-22.194,68.0881,66.1,22.99,34.68,2902196,4,2902196_004,D
2025-12-22 02:37:17.948994,-22.194,68.0881,72.9,22.47,35.09,2902196,4,2902196_004,D
2025-12-22 02:37:17.948994,-22.194,68.0881,79.6,22.42,34.78,2902196,4,2902196_004,D
2025-12-22 02:37:17.948994,-22.194,68.0881,86.4,21.21,34.84,2902196,4,2902196_004,D
2025-12-22 02:37:17.948994,-22.194,68.0881,93.2,21.34,35.05,2902196,4,2902196_004,D
2025-12-22 02:37:17.948994,-22.194,68.0881,100.0,20.2,35.17,2902196,4,2902196_004,D
2025-12-22 02:37:17.948994,-22.194,68.0881,110.0,19.37,34.9,2902196,4,2902196_004,D
2025-12-22 02:37:17.948994,-22.194,68.0881,137.9,17.42,35.07,2902196,4,2902196_004,D
2025-12-22 02:37:17.948994,-22.194,68.0881,165.7,16.3,35.34,2902196,4,2902196_004,D
2025-12-22 02:37:17.948994,-22.194,68.0881,193.6,14.46,35.22,2902196,4,2902196_004,D
2025-12-22 02:37:17.948994,-22.194,68.0881,221.4,14.63,34.74,2902196,4,2902196_004,D
2025-12-22 02:37:17.948994,-22.194,68.0881,249.3,14.14,35.03,2902196,4,2902196_004,D
2025-12-22 02:37:17.948994,-22.194,68.0881,277.1,13.08,35.2,2902196,4,2902196_004,D
2025-12-22 02:37:17.948994,-22.194,68.0881,305.0,12.09,34.98,2902196,4,2902196_004,D
2025-12-22 02:37:17.948994,-22.194,68.0881,332.9,11.25,34.93,2902196,4,2902196_004,D
2025-12-22 02:37:17.948994,-22.194,68.0881,360.7,10.14,35.12,2902196,4,2902196_004,D
2025-12-22 02:37:17.948994,-22.194,68.0881,388.6,9.87,35.07,2902196,4,2902196_004,D
2025-12-22 02:37:17.948994,-22.194,68.0881,416.4,8.79,35.07,2902196,4,2902196_004,D
2025-12-22 02:37:17.948994,-22.194,68.0881,444.3,8.22,35.01,2902196,4,2902196_004,D
2025-12-22 02:37:17.948994,-22.194,68.0881,472.1,7.12,35.06,2902196,4,2902196_004,D
2025-12-22 02:37:17.948994,-22.194,68.0881,500.0,5.83,35.25,2902196,4,2902196_004,D
2025-12-22 02:37:17.948994,-22.194,68.0881,520.0,6.34,34.99,2902196,4,2902196_004,D
2025-12-22 02:37:17.948994,-22.194,68.0881,581.7,6.47,34.96,2902196,4,2902196_004,D
2025-12-22 02:37:17.948994,-22.194,68.0881,643.3,5.99,35.19,2902196,4,2902196_004,D
2025-12-22 02:37:17.948994,-22.194,68.0881,705.0,5.48,34.96,2902196,4,2902196_004,D
2025-12-22 02:37:17.948994,-22.194,68.0881,766.7,5.54,34.95,2902196,4,2902196_004,D
2025-12-22 02:37:17.948994,-22.194,68.0881,828.3,4.81,34.78,2902196,4,2902196_004,D
2025-12-22 02:37:17.948994,-22.194,68.0881,890.0,5.41,35.28,2902196,4,2902196_004,D
2025-12-22 02:37:17.948994,-22.194,68.0881,951.7,4.68,35.29,2902196,4,2902196_004,D
2025-12-22 02:37:17.948994,-22.194,68.0881,1013.3,4.48,35.05,2902196,4,2902196_004,D
2025-12-22 02:37:17.948994,-22.194,68.0881,1075.0,4.26,35.01,2902196,4,2902196_004,D
2025-12-22 02:37:17.948994,-22.194,68.0881,1136.7,4.23,35.01,2902196,4,2902196_004,D
2025-12-22 02:37:17.948994,-22.194,68.0881,1198.3,3.61,35.0,2902196,4,2902196_004,D
2025-12-22 02:37:17.948994,-22.194,68.0881,1260.0,3.16,35.03,2902196,4,2902196_004,D
2025-12-22 02:37:17.948994,-22.194,68.0881,1321.7,3.7,35.07,2902196,4,2902196_004,D
2025-12-22 02:37:17.948994,-22.194,68.0881,1383.3,2.56,34.94,2902196,4,2902196_004,D
2025-12-22 02:37:17.948994,-22.194,68.0881,1445.0,2.5,34.88,2902196,4,2902196_004,D
2025-12-22 02:37:17.948994,-22.194,68.0881,1506.7,2.33,35.12,2902196,4,2902196_004,D
2025-12-22 02:37:17.948994,-22.194,68.0881,1568.3,2.36,34.97,2902196,4,2902196_004,D
2025-12-22 02:37:17.948994,-22.194,68.0881,1630.0,1.7,35.06,2902196,4,2902196_004,D
2025-12-22 02:37:17.948994,-22.194,68.0881,1691.7,2.22,34.91,2902196,4,2902196_004,D
2025-12-22 02:37:17.948994,-22.194,68.0881,1753.3,1.18,34.94,2902196,4,2902196_004,D
2025-12-22 02:37:17.948994,-22.194,68.0881,1815.0,0.89,35.15,2902196,4,2902196_004,D
2025-12-22 02:37:17.948994,-22.194,68.0881,1876.7,0.94,35.17,2902196,4,2902196_004,D
2025-12-22 02:37:17.948994,-22.194,68.0881,1938.3,1.03,35.03,2902196,4,2902196_004,D
2025-12-22 02:37:17.948994,-22.194,68.0881,2000.0,0.62,34.83,2902196,4,2902196_004,D
2026-01-02 05:52:39.727886,-21.9265,67.8691,5.0,26.03,35.41,2902196,5,2902196_005,D
2026-01-02 05:52:39.727886,-21.9265,67.8691,11.8,25.49,35.53,2902196,5,2902196_005,D
2026-01-02 05:52:39.727886,-21.9265,67.8691,18.6,25.63,35.49,2902196,5,2902196_005,D
2026-01-02 05:52:39.727886,-21.9265,67.8691,25.4,25.36,35.59,2902196,5,2902196_005,D
2026-01-02 05:52:39.727886,-21.9265,67.8691,32.1,24.98,34.71,2902196,5,2902196_005,D
2026-01-02 05:52:39.727886,-21.9265,67.8691,38.9,24.78,34.87,2902196,5,2902196_005,D
2026-01-02 05:52:39.727886,-21.9265,67.8691,45.7,25.34,34.77,2902196,5,2902196_005,D
2026-01-02 05:52:39.727886,-21.9265,67.8691,52.5,24.13,34.77,2902196,5,2902196_005,D
2026-01-02 05:52:39.727886,-21.9265,67.8691,59.3,23.66,34.95,2902196,5,2902196_005,D
2026-01-02 05:52:39.727886,-21.9265,67.8691,66.1,22.98,34.96,2902196,5,2902196_005,D
2026-01-02 05:52:39.727886,-21.9265,67.8691,72.9,22.26,34.87,2902196,5,2902196_005,D
2026-01-02 05:52:39.727886,-21.9265,67.8691,79.6,22.05,34.88,2902196,5,2902196_005,D
2026-01-02 05:52:39.727886,-21.9265,67.8691,86.4,21.4,35.17,2902196,5,2902196_005,D
2026-01-02 05:52:39.727886,-21.9265,67.8691,93.2,21.05,34.87,2902196,5,2902196_005,D
2026-01-02 05:52:39.727886,-21.9265,67.8691,100.0,20.89,34.92,2902196,5,2902196_005,D
2026-01-02 05:52:39.727886,-21.9265,67.8691,110.0,19.46,35.04,2902196,5,2902196_005,D
2026-01-02 05:52:39.727886,-21.9265,67.8691,137.9,17.56,35.17,2902196,5,2902196_005,D
2026-01-02 05:52:39.727886,-21.9265,67.8691,165.7,16.02,35.21,2902196,5,2902196_005,D
2026-01-02 05:52:39.727886,-21.9265,67.8691,193.6,15.8,35.33,2902196,5,2902196_005,D
2026-01-02 05:52:39.727886,-21.9265,67.8691,221.4,14.63,34.89,2902196,5,2902196_005,D
2026-01-02 05:52:39.727886,-21.9265,67.8691,249.3,13.99,35.06,2902196,5,2902196_005,D
2026-01-02 05:52:39.727886,-21.9265,67.8691,277.1,12.9,35.09,2902196,5,2902196_005,D
2026-01-02 05:52:39.727886,-21.9265,67.8691,305.0,11.69,34.96,2902196,5,2902196_005,D
2026-01-02 05:52:39.727886,-21.9265,67.8691,332.9,11.29,35.26,2902196,5,2902196_005,D
2026-01-02 05:52:39.727886,-21.9265,67.8691,360.7,10.66,34.97,2902196,5,2902196_005,D
2026-01-02 05:52:39.727886,-21.9265,67.8691,388.6,9.91,35.14,2902196,5,2902196_005,D
2026-01-02 05:52:39.727886,-21.9265,67.8691,416.4,8.7,35.12,2902196,5,2902196_005,D
2026-01-02 05:52:39.727886,-21.9265,67.8691,444.3,8.84,34.9,2902196,5,2902196_005,D
2026-01-02 05:52:39.727886,-21.9265,67.8691,472.1,7.66,34.96,2902196,5,2902196_005,D
2026-01-02 05:52:39.727886,-21.9265,67.8691,500.0,6.44,34.86,2902196,5,2902196_005,D
2026-01-02 05:52:39.727886,-21.9265,67.8691,520.0,5.75,35.05,2902196,5,2902196_005,D
2026-01-02 05:52:39.727886,-21.9265,67.8691,581.7,6.21,35.15,2902196,5,2902196_005,D
2026-01-02 05:52:39.727886,-21.9265,67.8691,643.3,5.54,35.0,2902196,5,2902196_005,D
2026-01-02 05:52:39.727886,-21.9265,67.8691,705.0,5.41,35.04,2902196,5,2902196_005,D
2026-01-02 05:52:39.727886,-21.9265,67.8691,766.7,5.51,34.83,2902196,5,2902196_005,D
2026-01-02 05:52:39.727886,-21.9265,67.8691,828.3,4.57,34.97,2902196,5,2902196_005,D
2026-01-02 05:52:39.727886,-21.9265,67.8691,890.0,4.64,35.08,2902196,5,2902196_005,D
2026-01-02 05:52:39.727886,-21.9265,67.8691,951.7,4.02,35.34,2902196,5,2902196_005,D
2026-01-02 05:52:39.727886,-21.9265,67.8691,1013.3,4.63,35.11,2902196,5,2902196_005,D
2026-01-02 05:52:39.727886,-21.9265,67.8691,1075.0,4.91,35.12,2902196,5,2902196_005,D
2026-01-02 05:52:39.727886,-21.9265,67.8691,1136.7,3.85,34.79,2902196,5,2902196_005,D
2026-01-02 05:52:39.727886,-21.9265,67.8691,1198.3,4.23,35.04,2902196,5,2902196_005,D
2026-01-02 05:52:39.727886,-21.9265,67.8691,1260.0,3.34,35.18,2902196,5,2902196_005,D
2026-01-02 05:52:39.727886,-21.9265,67.8691,1321.7,3.1,34.87,2902196,5,2902196_005,D
2026-01-02 05:52:39.727886,-21.9265,67.8691,1383.3,2.95,34.99,2902196,5,2902196_005,D
2026-01-02 05:52:39.727886,-21.9265,67.8691,1445.0,2.84,34.91,2902196,5,2902196_005,D
2026-01-02 05:52:39.727886,-21.9265,67.8691,1506.7,2.35,34.78,2902196,5,2902196_005,D
2026-01-02 05:52:39.727886,-21.9265,67.8691,1568.3,2.13,35.18,2902196,5,2902196_005,D
2026-01-02 05:52:39.727886,-21.9265,67.8691,1630.0,1.87,35.12,2902196,5,2902196_005,D
2026-01-02 05:52:39.727886,-21.9265,67.8691,1691.7,1.8,35.2,2902196,5,2902196_005,D
2026-01-02 05:52:39.727886,-21.9265,67.8691,1753.3,0.83,35.16,2902196,5,2902196_005,D
2026-01-02 05:52:39.727886,-21.9265,67.8691,1815.0,1.05,35.06,2902196,5,2902196_005,D
2026-01-02 05:52:39.727886,-21.9265,67.8691,1876.7,0.92,34.94,2902196,5,2902196_005,D
2026-01-02 05:52:39.727886,-21.9265,67.8691,1938.3,0.81,35.23,2902196,5,2902196_005,D
2026-01-02 05:52:39.727886,-21.9265,67.8691,2000.0,0.62,35.19,2902196,5,2902196_005,D
2026-01-12 10:37:55.665758,-21.8886,68.1361,5.0,25.98,35.51,2902196,6,2902196_006,D
2026-01-12 10:37:55.665758,-21.8886,68.1361,11.8,26.37,35.44,2902196,6,2902196_006,D
2026-01-12 10:37:55.665758,-21.8886,68.1361,18.6,25.97,35.41,2902196,6,2902196_006,D
2026-01-12 10:37:55.665758,-21.8886,68.1361,25.4,25.28,35.6,2902196,6,2902196_006,D
2026-01-12 10:37:55.665758,-21.8886,68.1361,32.1,25.31,34.85,2902196,6,2902196_006,D
2026-01-12 10:37:55.665758,-21.8886,68.1361,38.9,24.68,34.69,2902196,6,2902196_006,D
2026-01-12 10:37:55.665758,-21.8886,68.1361,45.7,24.47,34.82,2902196,6,2902196_006,D
2026-01-12 10:37:55.665758,-21.8886,68.1361,52.5,24.85,34.9,2902196,6,2902196_006,D
2026-01-12 10:37:55.665758,-21.8886,68.1361,59.3,23.69,34.91,2902196,6,2902196_006,D
2026-01-12 10:37:55.665758,-21.8886,68.1361,66.1,23.09,35.02,2902196,6,2902196_006,D
2026-01-12 10:37:55.665758,-21.8886,68.1361,72.9,22.93,34.87,2902196,6,2902196_006,D
2026-01-12 10:37:55.665758,-21.8886,68.1361,79.6,22.33,34.88,2902196,6,2902196_006,D
2026-01-12 10:37:55.665758,-21.8886,68.1361,86.4,21.07,34.99,2902196,6,2902196_006,D
2026-01-12 10:37:55.665758,-21.8886,68.1361,93.2,21.56,35.06,2902196,6,2902196_006,D
2026-01-12 10:37:55.665758,-21.8886,68.1361,100.0,21.1,35.1,2902196,6,2902196_006,D
2026-01-12 10:37:55.665758,-21.8886,68.1361,110.0,19.94,35.13,2902196,6,2902196_006,D
2026-01-12 10:37:55.665758,-21.8886,68.1361,137.9,17.57,35.17,2902196,6,2902196_006,D
2026-01-12 10:37:55.665758,-21.8886,68.1361,165.7,16.21,35.19,2902196,6,2902196_006,D
2026-01-12 10:37:55.665758,-21.8886,68.1361,193.6,15.0,35.26,2902196,6,2902196_006,D
2026-01-12 10:37:55.665758,-21.8886,68.1361,221.4,14.3,35.04,2902196,6,2902196_006,D
2026-01-12 10:37:55.665758,-21.8886,68.1361,249.3,13.82,35.01,2902196,6,2902196_006,D
2026-01-12 10:37:55.665758,-21.8886,68.1361,277.1,12.88,34.79,2902196,6,2902196_006,D
2026-01-12 10:37:55.665758,-21.8886,68.1361,305.0,12.25,35.03,2902196,6,2902196_006,D
2026-01-12 10:37:55.665758,-21.8886,68.1361,332.9,11.84,35.18,2902196,6,2902196_006,D
2026-01-12 10:37:55.665758,-21.8886,68.1361,360.7,9.82,35.07,2902196,6,2902196_006,D
2026-01-12 10:37:55.665758,-21.8886,68.1361,388.6,9.44,35.05,2902196,6,2902196_006,D
2026-01-12 10:37:55.665758,-21.8886,68.1361,416.4,8.58,35.07,2902196,6,2902196_006,D
2026-01-12 10:37:55.665758,-21.8886,68.1361,444.3,8.07,35.01,2902196,6,2902196_006,D
2026-01-12 10:37:55.665758,-21.8886,68.1361,472.1,7.38,34.83,2902196,6,2902196_006,D
2026-01-12 10:37:55.665758,-21.8886,68.1361,500.0,6.42,34.98,2902196,6,2902196_006,D
2026-01-12 10:37:55.665758,-21.8886,68.1361,520.0,6.76,34.99,2902196,6,2902196_006,D
2026-01-12 10:37:55.665758,-21.8886,68.1361,581.7,5.94,34.86,2902196,6,2902196_006,D
2026-01-12 10:37:55.665758,-21.8886,68.1361,643.3,6.02,34.87,2902196,6,2902196_006,D
2026-01-12 10:37:55.665758,-21.8886,68.1361,705.0,5.37,35.11,2902196,6,2902196_006,D
2026-01-12 10:37:55.665758,-21.8886,68.1361,766.7,5.1,34.95,2902196,6,2902196_006,D
2026-01-12 10:37:55.665758,-21.8886,68.1361,828.3,4.84,34.87,2902196,6,2902196_006,D
2026-01-12 10:37:55.665758,-21.8886,68.1361,890.0,4.81,35.11,2902196,6,2902196_006,D
2026-01-12 10:37:55.665758,-21.8886,68.1361,951.7,4.23,34.91,2902196,6,2902196_006,D
2026-01-12 10:37:55.665758,-21.8886,68.1361,1013.3,4.59,35.05,2902196,6,2902196_006,D
2026-01-12 10:37:55.665758,-21.8886,68.1361,1075.0,3.56,34.91,2902196,6,2902196_006,D
2026-01-12 10:37:55.665758,-21.8886,68.1361,1136.7,3.81,34.82,2902196,6,2902196_006,D
2026-01-12 10:37:55.665758,-21.8886,68.1361,1198.3,3.6,35.01,2902196,6,2902196_006,D
2026-01-12 10:37:55.665758,-21.8886,68.1361,1260.0,3.47,35.16,2902196,6,2902196_006,D
2026-01-12 10:37:55.665758,-21.8886,68.1361,1321.7,3.39,34.91,2902196,6,2902196_006,D
2026-01-12 10:37:55.665758,-21.8886,68.1361,1383.3,2.65,35.13,2902196,6,2902196_006,D
2026-01-12 10:37:55.665758,-21.8886,68.1361,1445.0,2.96,34.92,2902196,6,2902196_006,D
2026-01-12 10:37:55.665758,-21.8886,68.1361,1506.7,1.99,35.28,2902196,6,2902196_006,D
2026-01-12 10:37:55.665758,-21.8886,68.1361,1568.3,2.38,35.02,2902196,6,2902196_006,D
2026-01-12 10:37:55.665758,-21.8886,68.1361,1630.0,2.24,34.94,2902196,6,2902196_006,D
2026-01-12 10:37:55.665758,-21.8886,68.1361,1691.7,1.74,34.93,2902196,6,2902196_006,D
2026-01-12 10:37:55.665758,-21.8886,68.1361,1753.3,1.72,35.08,2902196,6,2902196_006,D
2026-01-12 10:37:55.665758,-21.8886,68.1361,1815.0,1.46,34.74,2902196,6,2902196_006,D
2026-01-12 10:37:55.665758,-21.8886,68.1361,1876.7,0.97,35.1,2902196,6,2902196_006,D
2026-01-12 10:37:55.665758,-21.8886,68.1361,1938.3,0.51,35.23,2902196,6,2902196_006,D
2026-01-12 10:37:55.665758,-21.8886,68.1361,2000.0,0.43,34.99,2902196,6,2902196_006,D
2026-01-22 17:27:53.452946,-21.9414,68.1178,5.0,26.25,35.51,2902196,7,2902196_007,D
2026-01-22 17:27:53.452946,-21.9414,68.1178,11.8,26.43,35.63,2902196,7,2902196_007,D
2026-01-22 17:27:53.452946,-21.9414,68.1178,18.6,25.81,35.39,2902196,7,2902196_007,D
2026-01-22 17:27:53.452946,-21.9414,68.1178,25.4,26.0,35.57,2902196,7,2902196_007,D
2026-01-22 17:27:53.452946,-21.9414,68.1178,32.1,25.6,34.91,2902196,7,2902196_007,D
2026-01-22 17:27:53.452946,-21.9414,68.1178,38.9,24.57,34.77,2902196,7,2902196_007,D
2026-01-22 17:27:53.452946,-21.9414,68.1178,45.7,24.78,34.82,2902196,7,2902196_007,D
2026-01-22 17:27:53.452946,-21.9414,68.1178,52.5,24.2,34.93,2902196,7,2902196_007,D
2026-01-22 17:27:53.452946,-21.9414,68.1178,59.3,23.64,34.68,2902196,7,2902196_007,D
2026-01-22 17:27:53.452946,-21.9414,68.1178,66.1,22.93,34.97,2902196,7,2902196_007,D
2026-01-22 17:27:53.452946,-21.9414,68.1178,72.9,22.84,34.89,2902196,7,2902196_007,D
2026-01-22 17:27:53.452946,-21.9414,68.1178,79.6,21.9,35.0,2902196,7,2902196_007,D
2026-01-22 17:27:53.452946,-21.9414,68.1178,86.4,21.15,34.95,2902196,7,2902196_007,D
2026-01-22 17:27:53.452946,-21.9414,68.1178,93.2,21.0,34.97,2902196,7,2902196_007,D
2026-01-22 17:27:53.452946,-21.9414,68.1178,100.0,19.75,34.86,2902196,7,2902196_007,D
2026-01-22 17:27:53.452946,-21.9414,68.1178,110.0,19.33,34.98,2902196,7,2902196_007,D
2026-01-22 17:27:53.452946,-21.9414,68.1178,137.9,17.39,35.17,2902196,7,2902196_007,D
2026-01-22 17:27:53.452946,-21.9414,68.1178,165.7,16.24,35.15,2902196,7,2902196_007,D
2026-01-22 17:27:53.452946,-21.9414,68.1178,193.6,15.61,35.36,2902196,7,2902196_007,D
2026-01-22 17:27:53.452946,-21.9414,68.1178,221.4,14.04,34.86,2902196,7,2902196_007,D
2026-01-22 17:27:53.452946,-21.9414,68.1178,249.3,13.18,35.01,2902196,7,2902196_007,D
2026-01-22 17:27:53.452946,-21.9414,68.1178,277.1,12.98,35.05,2902196,7,2902196_007,D
2026-01-22 17:27:53.452946,-21.9414,68.1178,305.0,11.76,35.01,2902196,7,2902196_007,D
2026-01-22 17:27:53.452946,-21.9414,68.1178,332.9,11.42,35.08,2902196,7,2902196_007,D
2026-01-22 17:27:53.452946,-21.9414,68.1178,360.7,10.62,34.98,2902196,7,2902196_007,D
2026-01-22 17:27:53.452946,-21.9414,68.1178,388.6,9.61,35.1,2902196,7,2902196_007,D
2026-01-22 17:27:53.452946,-21.9414,68.1178,416.4,9.05,35.1,2902196,7,2902196_007,D
2026-01-22 17:27:53.452946,-21.9414,68.1178,444.3,8.17,35.17,2902196,7,2902196_007,D
2026-01-22 17:27:53.452946,-21.9414,68.1178,472.1,7.13,35.0,2902196,7,2902196_007,D
2026-01-22 17:27:53.452946,-21.9414,68.1178,500.0,6.84,35.19,2902196,7,2902196_007,D
2026-01-22 17:27:53.452946,-21.9414,68.1178,520.0,6.38,34.79,2902196,7,2902196_007,D
2026-01-22 17:27:53.452946,-21.9414,68.1178,581.7,6.01,34.95,2902196,7,2902196_007,D
2026-01-22 17:27:53.452946,-21.9414,68.1178,643.3,6.47,34.99,2902196,7,2902196_007,D
2026-01-22 17:27:53.452946,-21.9414,68.1178,705.0,5.95,35.13,2902196,7,2902196_007,D
2026-01-22 17:27:53.452946,-21.9414,68.1178,766.7,5.49,35.01,2902196,7,2902196_007,D
2026-01-22 17:27:53.452946,-21.9414,68.1178,828.3,5.25,34.99,2902196,7,2902196_007,D
2026-01-22 17:27:53.452946,-21.9414,68.1178,890.0,4.85,35.02,2902196,7,2902196_007,D
2026-01-22 17:27:53.452946,-21.9414,68.1178,951.7,4.61,34.88,2902196,7,2902196_007,D
2026-01-22 17:27:53.452946,-21.9414,68.1178,1013.3,4.92,34.77,2902196,7,2902196_007,D
2026-01-22 17:27:53.452946,-21.9414,68.1178,1075.0,4.21,34.93,2902196,7,2902196_007,D
2026-01-22 17:27:53.452946,-21.9414,68.1178,1136.7,3.78,35.14,2902196,7,2902196_007,D
2026-01-22 17:27:53.452946,-21.9414,68.1178,1198.3,3.94,34.93,2902196,7,2902196_007,D
2026-01-22 17:27:53.452946,-21.9414,68.1178,1260.0,3.44,35.23,2902196,7,2902196_007,D
2026-01-22 17:27:53.452946,-21.9414,68.1178,1321.7,2.81,34.95,2902196,7,2902196_007,D
2026-01-22 17:27:53.452946,-21.9414,68.1178,1383.3,3.27,34.91,2902196,7,2902196_007,D
2026-01-22 17:27:53.452946,-21.9414,68.1178,1445.0,2.52,35.19,2902196,7,2902196_007,D
2026-01-22 17:27:53.452946,-21.9414,68.1178,1506.7,2.94,34.9,2902196,7,2902196_007,D
2026-01-22 17:27:53.452946,-21.9414,68.1178,1568.3,2.37,35.05,2902196,7,2902196_007,D
2026-01-22 17:27:53.452946,-21.9414,68.1178,1630.0,1.74,35.02,2902196,7,2902196_007,D
2026-01-22 17:27:53.452946,-21.9414,68.1178,1691.7,1.95,34.96,2902196,7,2902196_007,D
2026-01-22 17:27:53.452946,-21.9414,68.1178,1753.3,1.65,35.09,2902196,7,2902196_007,D
2026-01-22 17:27:53.452946,-21.9414,68.1178,1815.0,1.36,35.06,2902196,7,2902196_007,D
2026-01-22 17:27:53.452946,-21.9414,68.1178,1876.7,0.91,34.94,2902196,7,2902196_007,D
2026-01-22 17:27:53.452946,-21.9414,68.1178,1938.3,0.52,35.14,2902196,7,2902196_007,D
2026-01-22 17:27:53.452946,-21.9414,68.1178,2000.0,0.32,35.04,2902196,7,2902196_007,D
2026-02-01 04:22:49.324058,-22.382,68.1911,5.0,26.19,35.38,2902196,8,2902196_008,D
2026-02-01 04:22:49.324058,-22.382,68.1911,11.8,25.88,35.59,2902196,8,2902196_008,D
2026-02-01 04:22:49.324058,-22.382,68.1911,18.6,25.17,35.47,2902196,8,2902196_008,D
2026-02-01 04:22:49.324058,-22.382,68.1911,25.4,25.71,35.47,2902196,8,2902196_008,D
2026-02-01 04:22:49.324058,-22.382,68.1911,32.1,24.68,34.73,2902196,8,2902196_008,D
2026-02-01 04:22:49.324058,-22.382,68.1911,38.9,25.2,34.76,2902196,8,2902196_008,D
2026-02-01 04:22:49.324058,-22.382,68.1911,45.7,24.6,34.99,2902196,8,2902196_008,D
2026-02-01 04:22:49.324058,-22.382,68.1911,52.5,24.41,34.9,2902196,8,2902196_008,D
2026-02-01 04:22:49.324058,-22.382,68.1911,59.3,23.62,34.97,2902196,8,2902196_008,D
2026-02-01 04:22:49.324058,-22.382,68.1911,66.1,22.96,34.87,2902196,8,2902196_008,D
2026-02-01 04:22:49.324058,-22.382,68.1911,72.9,23.04,34.81,2902196,8,2902196_008,D
2026-02-01 04:22:49.324058,-22.382,68.1911,79.6,21.83,34.86,2902196,8,2902196_008,D
2026-02-01 04:22:49.324058,-22.382,68.1911,86.4,21.81,35.08,2902196,8,2902196_008,D
2026-02-01 04:22:49.324058,-22.382,68.1911,93.2,21.27,34.86,2902196,8,2902196_008,D
2026-02-01 04:22:49.324058,-22.382,68.1911,100.0,20.13,35.02,2902196,8,2902196_008,D
2026-02-01 04:22:49.324058,-22.382,68.1911,110.0,19.87,35.02,2902196,8,2902196_008,D
2026-02-01 04:22:49.324058,-22.382,68.1911,137.9,17.51,35.26,2902196,8,2902196_008,D
2026-02-01 04:22:49.324058,-22.382,68.1911,165.7,16.81,35.11,2902196,8,2902196_008,D
2026-02-01 04:22:49.324058,-22.382,68.1911,193.6,15.23,35.22,2902196,8,2902196_008,D
2026-02-01 04:22:49.324058,-22.382,68.1911,221.4,14.57,34.92,2902196,8,2902196_008,D
2026-02-01 04:22:49.324058,-22.382,68.1911,249.3,13.75,35.04,2902196,8,2902196_008,D
2026-02-01 04:22:49.324058,-22.382,68.1911,277.1,13.21,34.98,2902196,8,2902196_008,D
2026-02-01 04:22:49.324058,-22.382,68.1911,305.0,12.17,35.04,2902196,8,2902196_008,D
2026-02-01 04:22:49.324058,-22.382,68.1911,332.9,11.73,34.96,2902196,8,2902196_008,D
2026-02-01 04:22:49.324058,-22.382,68.1911,360.7,10.43,34.95,2902196,8,2902196_008,D
2026-02-01 04:22:49.324058,-22.382,68.1911,388.6,10.19,35.04,2902196,8,2902196_008,D
2026-02-01 04:22:49.324058,-22.382,68.1911,416.4,8.53,35.16,2902196,8,2902196_008,D
2026-02-01 04:22:49.324058,-22.382,68.1911,444.3,7.88,35.18,2902196,8,2902196_008,D
2026-02-01 04:22:49.324058,-22.382,68.1911,472.1,7.18,35.01,2902196,8,2902196_008,D
2026-02-01 04:22:49.324058,-22.382,68.1911,500.0,6.54,35.0,2902196,8,2902196_008,D
2026-02-01 04:22:49.324058,-22.382,68.1911,520.0,6.79,34.8,2902196,8,2902196_008,D
2026-02-01 04:22:49.324058,-22.382,68.1911,581.7,6.35,35.13,2902196,8,2902196_008,D
2026-02-01 04:22:49.324058,-22.382,68.1911,643.3,5.72,35.09,2902196,8,2902196_008,D
2026-02-01 04:22:49.324058,-22.382,68.1911,705.0,6.05,35.03,2902196,8,2902196_008,D
2026-02-01 04:22:49.324058,-22.382,68.1911,766.7,5.54,34.95,2902196,8,2902196_008,D
2026-02-01 04:22:49.324058,-22.382,68.1911,828.3,5.32,35.11,2902196,8,2902196_008,D
2026-02-01 04:22:49.324058,-22.382,68.1911,890.0,4.99,34.96,2902196,8,2902196_008,D
2026-02-01 04:22:49.324058,-22.382,68.1911,951.7,4.78,34.86,2902196,8,2902196_008,D
2026-02-01 04:22:49.324058,-22.382,68.1911,1013.3,4.55,35.01,2902196,8,2902196_008,D
2026-02-01 04:22:49.324058,-22.382,68.1911,1075.0,4.59,35.07,2902196,8,2902196_008,D
2026-02-01 04:22:49.324058,-22.382,68.1911,1136.7,3.66,35.21,2902196,8,2902196_008,D
2026-02-01 04:22:49.324058,-22.382,68.1911,1198.3,3.71,35.05,2902196,8,2902196_008,D
2026-02-01 04:22:49.324058,-22.382,68.1911,1260.0,3.05,35.17,2902196,8,2902196_008,D
2026-02-01 04:22:49.324058,-22.382,68.1911,1321.7,3.1,34.92,2902196,8,2902196_008,D
2026-02-01 04:22:49.324058,-22.382,68.1911,1383.3,2.65,35.14,2902196,8,2902196_008,D
2026-02-01 04:22:49.324058,-22.382,68.1911,1445.0,2.44,34.93,2902196,8,2902196_008,D
2026-02-01 04:22:49.324058,-22.382,68.1911,1506.7,2.66,35.14,2902196,8,2902196_008,D
2026-02-01 04:22:49.324058,-22.382,68.1911,1568.3,2.22,35.15,2902196,8,2902196_008,D
2026-02-01 04:22:49.324058,-22.382,68.1911,1630.0,1.99,34.87,2902196,8,2902196_008,D
2026-02-01 04:22:49.324058,-22.382,68.1911,1691.7,1.97,34.91,2902196,8,2902196_008,D
2026-02-01 04:22:49.324058,-22.382,68.1911,1753.3,1.63,34.9,2902196,8,2902196_008,D
2026-02-01 04:22:49.324058,-22.382,68.1911,1815.0,1.58,35.05,2902196,8,2902196_008,D
2026-02-01 04:22:49.324058,-22.382,68.1911,1876.7,0.83,34.93,2902196,8,2902196_008,D
2026-02-01 04:22:49.324058,-22.382,68.1911,1938.3,0.39,35.04,2902196,8,2902196_008,D
2026-02-01 04:22:49.324058,-22.382,68.1911,2000.0,-0.06,35.15,2902196,8,2902196_008,D
2026-02-12 00:23:05.252755,-21.8334,67.9871,5.0,26.69,35.57,2902196,9,2902196_009,D
2026-02-12 00:23:05.252755,-21.8334,67.9871,11.8,25.95,35.5,2902196,9,2902196_009,D
2026-02-12 00:23:05.252755,-21.8334,67.9871,18.6,25.69,35.51,2902196,9,2902196_009,D
2026-02-12 00:23:05.252755,-21.8334,67.9871,25.4,25.24,35.47,2902196,9,2902196_009,D
2026-02-12 00:23:05.252755,-21.8334,67.9871,32.1,24.31,34.93,2902196,9,2902196_009,D
2026-02-12 00:23:05.252755,-21.8334,67.9871,38.9,25.14,34.85,2902196,9,2902196_009,D
2026-02-12 00:23:05.252755,-21.8334,67.9871,45.7,24.36,34.81,2902196,9,2902196_009,D
2026-02-12 00:23:05.252755,-21.8334,67.9871,52.5,24.44,34.76,2902196,9,2902196_009,D
2026-02-12 00:23:05.252755,-21.8334,67.9871,59.3,24.18,34.84,2902196,9,2902196_009,D
2026-02-12 00:23:05.252755,-21.8334,67.9871,66.1,23.21,35.03,2902196,9,2902196_009,D
2026-02-12 00:23:05.252755,-21.8334,67.9871,72.9,22.64,35.06,2902196,9,2902196_009,D
2026-02-12 00:23:05.252755,-21.8334,67.9871,79.6,22.26,34.97,2902196,9,2902196_009,D
2026-02-12 00:23:05.252755,-21.8334,67.9871,86.4,21.38,35.06,2902196,9,2902196_009,D
2026-02-12 00:23:05.252755,-21.8334,67.9871,93.2,20.78,35.11,2902196,9,2902196_009,D
2026-02-12 00:23:05.252755,-21.8334,67.9871,100.0,20.67,35.25,2902196,9,2902196_009,D
2026-02-12 00:23:05.252755,-21.8334,67.9871,110.0,19.54,35.05,2902196,9,2902196_009,D
2026-02-12 00:23:05.252755,-21.8334,67.9871,137.9,17.9,35.03,2902196,9,2902196_009,D
2026-02-12 00:23:05.252755,-21.8334,67.9871,165.7,16.0,35.3,2902196,9,2902196_009,D
2026-02-12 00:23:05.252755,-21.8334,67.9871,193.6,14.82,35.17,2902196,9,2902196_009,D
2026-02-12 00:23:05.252755,-21.8334,67.9871,221.4,14.96,34.84,2902196,9,2902196_009,D
2026-02-12 00:23:05.252755,-21.8334,67.9871,249.3,13.89,35.02,2902196,9,2902196_009,D
2026-02-12 00:23:05.252755,-21.8334,67.9871,277.1,12.5,35.01,2902196,9,2902196_009,D
2026-02-12 00:23:05.252755,-21.8334,67.9871,305.0,11.8,34.8,2902196,9,2902196_009,D
2026-02-12 00:23:05.252755,-21.8334,67.9871,332.9,10.93,34.96,2902196,9,2902196_009,D
2026-02-12 00:23:05.252755,-21.8334,67.9871,360.7,11.19,35.29,2902196,9,2902196_009,D
2026-02-12 00:23:05.252755,-21.8334,67.9871,388.6,9.6,34.95,2902196,9,2902196_009,D
2026-02-12 00:23:05.252755,-21.8334,67.9871,416.4,8.79,35.18,2902196,9,2902196_009,D
2026-02-12 00:23:05.252755,-21.8334,67.9871,444.3,7.72,34.72,2902196,9,2902196_009,D
2026-02-12 00:23:05.252755,-21.8334,67.9871,472.1,7.18,34.86,2902196,9,2902196_009,D
2026-02-12 00:23:05.252755,-21.8334,67.9871,500.0,6.85,34.98,2902196,9,2902196_009,D
2026-02-12 00:23:05.252755,-21.8334,67.9871,520.0,6.6,35.06,2902196,9,2902196_009,D
2026-02-12 00:23:05.252755,-21.8334,67.9871,581.7,5.79,34.78,2902196,9,2902196_009,D
2026-02-12 00:23:05.252755,-21.8334,67.9871,643.3,6.39,35.15,2902196,9,2902196_009,D
2026-02-12 00:23:05.252755,-21.8334,67.9871,705.0,5.78,35.06,2902196,9,2902196_009,D
2026-02-12 00:23:05.252755,-21.8334,67.9871,766.7,5.43,34.87,2902196,9,2902196_009,D
2026-02-12 00:23:05.252755,-21.8334,67.9871,828.3,5.62,34.95,2902196,9,2902196_009,D
2026-02-12 00:23:05.252755,-21.8334,67.9871,890.0,5.21,34.82,2902196,9,2902196_009,D
2026-02-12 00:23:05.252755,-21.8334,67.9871,951.7,4.88,34.99,2902196,9,2902196_009,D
2026-02-12 00:23:05.252755,-21.8334,67.9871,1013.3,4.63,34.91,2902196,9,2902196_009,D
2026-02-12 00:23:05.252755,-21.8334,67.9871,1075.0,4.26,35.19,2902196,9,2902196_009,D
2026-02-12 00:23:05.252755,-21.8334,67.9871,1136.7,3.11,35.06,2902196,9,2902196_009,D
2026-02-12 00:23:05.252755,-21.8334,67.9871,1198.3,4.25,35.09,2902196,9,2902196_009,D
2026-02-12 00:23:05.252755,-21.8334,67.9871,1260.0,3.86,34.89,2902196,9,2902196_009,D
2026-02-12 00:23:05.252755,-21.8334,67.9871,1321.7,3.52,35.11,2902196,9,2902196_009,D
2026-02-12 00:23:05.252755,-21.8334,67.9871,1383.3,3.5,35.01,2902196,9,2902196_009,D
2026-02-12 00:23:05.252755,-21.8334,67.9871,1445.0,2.51,35.03,2902196,9,2902196_009,D
2026-02-12 00:23:05.252755,-21.8334,67.9871,1506.7,2.75,34.86,2902196,9,2902196_009,D
2026-02-12 00:23:05.252755,-21.8334,67.9871,1568.3,1.98,34.81,2902196,9,2902196_009,D
2026-02-12 00:23:05.252755,-21.8334,67.9871,1630.0,1.94,34.81,2902196,9,2902196_009,D
2026-02-12 00:23:05.252755,-21.8334,67.9871,1691.7,1.72,35.0,2902196,9,2902196_009,D
2026-02-12 00:23:05.252755,-21.8334,67.9871,1753.3,1.82,35.04,2902196,9,2902196_009,D
2026-02-12 00:23:05.252755,-21.8334,67.9871,1815.0,1.55,35.04,2902196,9,2902196_009,D
2026-02-12 00:23:05.252755,-21.8334,67.9871,1876.7,1.19,34.78,2902196,9,2902196_009,D
2026-02-12 00:23:05.252755,-21.8334,67.9871,1938.3,1.02,34.88,2902196,9,2902196_009,D
2026-02-12 00:23:05.252755,-21.8334,67.9871,2000.0,0.5,35.0,2902196,9,2902196_009,D
2026-01-02 03:12:23.917962,-3.525,75.2224,5.0,27.96,35.5,2902197,1,2902197_001,D
2026-01-02 03:12:23.917962,-3.525,75.2224,11.8,28.24,35.64,2902197,1,2902197_001,D
2026-01-02 03:12:23.917962,-3.525,75.2224,18.6,28.05,35.47,2902197,1,2902197_001,D
2026-01-02 03:12:23.917962,-3.525,75.2224,25.4,27.3,35.68,2902197,1,2902197_001,D
2026-01-02 03:12:23.917962,-3.525,75.2224,32.1,26.99,34.85,2902197,1,2902197_001,D
2026-01-02 03:12:23.917962,-3.525,75.2224,38.9,27.01,34.77,2902197,1,2902197_001,D
2026-01-02 03:12:23.917962,-3.525,75.2224,45.7,26.51,34.87,2902197,1,2902197_001,D
2026-01-02 03:12:23.917962,-3.525,75.2224,52.5,26.07,34.9,2902197,1,2902197_001,D
2026-01-02 03:12:23.917962,-3.525,75.2224,59.3,26.21,34.78,2902197,1,2902197_001,D
2026-01-02 03:12:23.917962,-3.525,75.2224,66.1,24.64,34.94,2902197,1,2902197_001,D
2026-01-02 03:12:23.917962,-3.525,75.2224,72.9,24.95,34.83,2902197,1,2902197_001,D
2026-01-02 03:12:23.917962,-3.525,75.2224,79.6,24.31,34.97,2902197,1,2902197_001,D
2026-01-02 03:12:23.917962,-3.525,75.2224,86.4,23.55,34.94,2902197,1,2902197_001,D
2026-01-02 03:12:23.917962,-3.525,75.2224,93.2,22.51,35.07,2902197,1,2902197_001,D
2026-01-02 03:12:23.917962,-3.525,75.2224,100.0,22.59,35.02,2902197,1,2902197_001,D
2026-01-02 03:12:23.917962,-3.525,75.2224,110.0,21.77,35.16,2902197,1,2902197_001,D
2026-01-02 03:12:23.917962,-3.525,75.2224,137.9,19.1,34.88,2902197,1,2902197_001,D
2026-01-02 03:12:23.917962,-3.525,75.2224,165.7,18.18,35.15,2902197,1,2902197_001,D
2026-01-02 03:12:23.917962,-3.525,75.2224,193.6,17.18,35.46,2902197,1,2902197_001,D
2026-01-02 03:12:23.917962,-3.525,75.2224,221.4,16.49,34.88,2902197,1,2902197_001,D
2026-01-02 03:12:23.917962,-3.525,75.2224,249.3,15.74,35.05,2902197,1,2902197_001,D
2026-01-02 03:12:23.917962,-3.525,75.2224,277.1,15.26,35.07,2902197,1,2902197_001,D
2026-01-02 03:12:23.917962,-3.525,75.2224,305.0,13.97,34.94,2902197,1,2902197_001,D
2026-01-02 03:12:23.917962,-3.525,75.2224,332.9,12.65,34.9,2902197,1,2902197_001,D
2026-01-02 03:12:23.917962,-3.525,75.2224,360.7,12.23,35.22,2902197,1,2902197_001,D
2026-01-02 03:12:23.917962,-3.525,75.2224,388.6,11.61,34.99,2902197,1,2902197_001,D
2026-01-02 03:12:23.917962,-3.525,75.2224,416.4,10.81,34.97,2902197,1,2902197_001,D
2026-01-02 03:12:23.917962,-3.525,75.2224,444.3,9.63,35.27,2902197,1,2902197_001,D
2026-01-02 03:12:23.917962,-3.525,75.2224,472.1,9.25,34.87,2902197,1,2902197_001,D
2026-01-02 03:12:23.917962,-3.525,75.2224,500.0,8.34,35.16,2902197,1,2902197_001,D
2026-01-02 03:12:23.917962,-3.525,75.2224,520.0,8.41,34.95,2902197,1,2902197_001,D
2026-01-02 03:12:23.917962,-3.525,75.2224,581.7,8.5,34.98,2902197,1,2902197_001,D
2026-01-02 03:12:23.917962,-3.525,75.2224,643.3,7.79,34.98,2902197,1,2902197_001,D
2026-01-02 03:12:23.917962,-3.525,75.2224,705.0,8.1,34.87,2902197,1,2902197_001,D
2026-01-02 03:12:23.917962,-3.525,75.2224,766.7,7.92,35.18,2902197,1,2902197_001,D
2026-01-02 03:12:23.917962,-3.525,75.2224,828.3,7.49,34.91,2902197,1,2902197_001,D
2026-01-02 03:12:23.917962,-3.525,75.2224,890.0,6.89,34.96,2902197,1,2902197_001,D
2026-01-02 03:12:23.917962,-3.525,75.2224,951.7,7.16,35.03,2902197,1,2902197_001,D
2026-01-02 03:12:23.917962,-3.525,75.2224,1013.3,6.41,34.77,2902197,1,2902197_001,D
2026-01-02 03:12:23.917962,-3.525,75.2224,1075.0,6.47,35.09,2902197,1,2902197_001,D
2026-01-02 03:12:23.917962,-3.525,75.2224,1136.7,6.0,34.98,2902197,1,2902197_001,D
2026-01-02 03:12:23.917962,-3.525,75.2224,1198.3,6.05,35.0,2902197,1,2902197_001,D
2026-01-02 03:12:23.917962,-3.525,75.2224,1260.0,5.16,35.11,2902197,1,2902197_001,D
2026-01-02 03:12:23.917962,-3.525,75.2224,1321.7,5.26,35.19,2902197,1,2902197_001,D
2026-01-02 03:12:23.917962,-3.525,75.2224,1383.3,5.38,35.04,2902197,1,2902197_001,D
2026-01-02 03:12:23.917962,-3.525,75.2224,1445.0,5.05,34.99,2902197,1,2902197_001,D
2026-01-02 03:12:23.917962,-3.525,75.2224,1506.7,4.19,35.09,2902197,1,2902197_001,D
2026-01-02 03:12:23.917962,-3.525,75.2224,1568.3,3.98,35.18,2902197,1,2902197_001,D
2026-01-02 03:12:23.917962,-3.525,75.2224,1630.0,4.31,35.08,2902197,1,2902197_001,D
2026-01-02 03:12:23.917962,-3.525,75.2224,1691.7,4.07,35.12,2902197,1,2902197_001,D
2026-01-02 03:12:23.917962,-3.525,75.2224,1753.3,3.81,35.29,2902197,1,2902197_001,D
2026-01-02 03:12:23.917962,-3.525,75.2224,1815.0,3.21,34.98,2902197,1,2902197_001,D
2026-01-02 03:12:23.917962,-3.525,75.2224,1876.7,3.24,35.06,2902197,1,2902197_001,D
2026-01-02 03:12:23.917962,-3.525,75.2224,1938.3,2.59,34.84,2902197,1,2902197_001,D
2026-01-02 03:12:23.917962,-3.525,75.2224,2000.0,2.73,35.19,2902197,1,2902197_001,D
2026-01-13 01:23:16.054615,-3.5355,75.1759,5.0,28.25,35.29,2902197,2,2902197_002,D
2026-01-13 01:23:16.054615,-3.5355,75.1759,11.8,28.27,35.41,2902197,2,2902197_002,D
2026-01-13 01:23:16.054615,-3.5355,75.1759,18.6,27.74,35.34,2902197,2,2902197_002,D
2026-01-13 01:23:16.054615,-3.5355,75.1759,25.4,27.88,35.48,2902197,2,2902197_002,D
2026-01-13 01:23:16.054615,-3.5355,75.1759,32.1,26.37,34.83,2902197,2,2902197_002,D
2026-01-13 01:23:16.054615,-3.5355,75.1759,38.9,27.07,34.79,2902197,2,2902197_002,D
2026-01-13 01:23:16.054615,-3.5355,75.1759,45.7,26.84,34.86,2902197,2,2902197_002,D
2026-01-13 01:23:16.054615,-3.5355,75.1759,52.5,26.1,34.94,2902197,2,2902197_002,D
2026-01-13 01:23:16.054615,-3.5355,75.1759,59.3,25.59,34.95,2902197,2,2902197_002,D
2026-01-13 01:23:16.054615,-3.5355,75.1759,66.1,25.34,34.81,2902197,2,2902197_002,D
2026-01-13 01:23:16.054615,-3.5355,75.1759,72.9,25.02,34.95,2902197,2,2902197_002,D
2026-01-13 01:23:16.054615,-3.5355,75.1759,79.6,24.32,34.84,2902197,2,2902197_002,D
2026-01-13 01:23:16.054615,-3.5355,75.1759,86.4,23.62,34.92,2902197,2,2902197_002,D
2026-01-13 01:23:16.054615,-3.5355,75.1759,93.2,23.39,35.03,2902197,2,2902197_002,D
2026-01-13 01:23:16.054615,-3.5355,75.1759,100.0,22.42,35.05,2902197,2,2902197_002,D
2026-01-13 01:23:16.054615,-3.5355,75.1759,110.0,22.25,35.21,2902197,2,2902197_002,D
2026-01-13 01:23:16.054615,-3.5355,75.1759,137.9,19.4,35.18,2902197,2,2902197_002,D
2026-01-13 01:23:16.054615,-3.5355,75.1759,165.7,17.42,35.2,2902197,2,2902197_002,D
2026-01-13 01:23:16.054615,-3.5355,75.1759,193.6,16.99,35.22,2902197,2,2902197_002,D
2026-01-13 01:23:16.054615,-3.5355,75.1759,221.4,16.51,35.01,2902197,2,2902197_002,D
2026-01-13 01:23:16.054615,-3.5355,75.1759,249.3,15.46,34.7,2902197,2,2902197_002,D
2026-01-13 01:23:16.054615,-3.5355,75.1759,277.1,15.38,35.17,2902197,2,2902197_002,D
2026-01-13 01:23:16.054615,-3.5355,75.1759,305.0,13.79,35.16,2902197,2,2902197_002,D
2026-01-13 01:23:16.054615,-3.5355,75.1759,332.9,13.88,35.1,2902197,2,2902197_002,D
2026-01-13 01:23:16.054615,-3.5355,75.1759,360.7,12.79,35.03,2902197,2,2902197_002,D
2026-01-13 01:23:16.054615,-3.5355,75.1759,388.6,11.46,34.93,2902197,2,2902197_002,D
2026-01-13 01:23:16.054615,-3.5355,75.1759,416.4,11.18,35.01,2902197,2,2902197_002,D
2026-01-13 01:23:16.054615,-3.5355,75.1759,444.3,10.13,35.12,2902197,2,2902197_002,D
2026-01-13 01:23:16.054615,-3.5355,75.1759,472.1,9.01,34.78,2902197,2,2902197_002,D
2026-01-13 01:23:16.054615,-3.5355,75.1759,500.0,8.43,34.84,2902197,2,2902197_002,D
2026-01-13 01:23:16.054615,-3.5355,75.1759,520.0,8.34,34.94,2902197,2,2902197_002,D
2026-01-13 01:23:16.054615,-3.5355,75.1759,581.7,8.19,34.95,2902197,2,2902197_002,D
2026-01-13 01:23:16.054615,-3.5355,75.1759,643.3,8.07,35.19,2902197,2,2902197_002,D
2026-01-13 01:23:16.054615,-3.5355,75.1759,705.0,7.42,34.73,2902197,2,2902197_002,D
2026-01-13 01:23:16.054615,-3.5355,75.1759,766.7,6.76,35.14,2902197,2,2902197_002,D
2026-01-13 01:23:16.054615,-3.5355,75.1759,828.3,6.69,35.32,2902197,2,2902197_002,D
2026-01-13 01:23:16.054615,-3.5355,75.1759,890.0,7.19,34.87,2902197,2,2902197_002,D
2026-01-13 01:23:16.054615,-3.5355,75.1759,951.7,6.25,34.97,2902197,2,2902197_002,D
2026-01-13 01:23:16.054615,-3.5355,75.1759,1013.3,6.23,34.91,2902197,2,2902197_002,D
2026-01-13 01:23:16.054615,-3.5355,75.1759,1075.0,6.17,34.86,2902197,2,2902197_002,D
2026-01-13 01:23:16.054615,-3.5355,75.1759,1136.7,6.08,35.02,2902197,2,2902197_002,D
2026-01-13 01:23:16.054615,-3.5355,75.1759,1198.3,5.2,34.92,2902197,2,2902197_002,D
2026-01-13 01:23:16.054615,-3.5355,75.1759,1260.0,5.75,34.85,2902197,2,2902197_002,D
2026-01-13 01:23:16.054615,-3.5355,75.1759,1321.7,5.21,34.85,2902197,2,2902197_002,D
2026-01-13 01:23:16.054615,-3.5355,75.1759,1383.3,5.36,34.99,2902197,2,2902197_002,D
2026-01-13 01:23:16.054615,-3.5355,75.1759,1445.0,4.68,34.99,2902197,2,2902197_002,D
2026-01-13 01:23:16.054615,-3.5355,75.1759,1506.7,4.08,34.81,2902197,2,2902197_002,D
2026-01-13 01:23:16.054615,-3.5355,75.1759,1568.3,4.09,35.14,2902197,2,2902197_002,D
2026-01-13 01:23:16.054615,-3.5355,75.1759,1630.0,3.65,35.04,2902197,2,2902197_002,D
2026-01-13 01:23:16.054615,-3.5355,75.1759,1691.7,3.84,35.14,2902197,2,2902197_002,D
2026-01-13 01:23:16.054615,-3.5355,75.1759,1753.3,3.4,35.08,2902197,2,2902197_002,D
2026-01-13 01:23:16.054615,-3.5355,75.1759,1815.0,3.84,35.07,2902197,2,2902197_002,D
2026-01-13 01:23:16.054615,-3.5355,75.1759,1876.7,3.04,34.98,2902197,2,2902197_002,D
2026-01-13 01:23:16.054615,-3.5355,75.1759,1938.3,3.12,35.02,2902197,2,2902197_002,D
2026-01-13 01:23:16.054615,-3.5355,75.1759,2000.0,2.07,35.11,2902197,2,2902197_002,D
2026-01-22 06:31:31.295190,-3.5307,75.0812,5.0,28.19,35.54,2902197,3,2902197_003,D
2026-01-22 06:31:31.295190,-3.5307,75.0812,11.8,27.95,35.32,2902197,3,2902197_003,D
2026-01-22 06:31:31.295190,-3.5307,75.0812,18.6,27.93,35.38,2902197,3,2902197_003,D
2026-01-22 06:31:31.295190,-3.5307,75.0812,25.4,27.55,35.62,2902197,3,2902197_003,D
2026-01-22 06:31:31.295190,-3.5307,75.0812,32.1,27.49,34.83,2902197,3,2902197_003,D
2026-01-22 06:31:31.295190,-3.5307,75.0812,38.9,27.2,35.01,2902197,3,2902197_003,D
2026-01-22 06:31:31.295190,-3.5307,75.0812,45.7,26.89,34.99,2902197,3,2902197_003,D
2026-01-22 06:31:31.295190,-3.5307,75.0812,52.5,26.78,34.8,2902197,3,2902197_003,D
2026-01-22 06:31:31.295190,-3.5307,75.0812,59.3,26.06,34.78,2902197,3,2902197_003,D
2026-01-22 06:31:31.295190,-3.5307,75.0812,66.1,24.76,34.76,2902197,3,2902197_003,D
2026-01-22 06:31:31.295190,-3.5307,75.0812,72.9,24.54,34.99,2902197,3,2902197_003,D
2026-01-22 06:31:31.295190,-3.5307,75.0812,79.6,24.09,35.0,2902197,3,2902197_003,D
2026-01-22 06:31:31.295190,-3.5307,75.0812,86.4,23.85,34.9,2902197,3,2902197_003,D
2026-01-22 06:31:31.295190,-3.5307,75.0812,93.2,22.85,35.08,2902197,3,2902197_003,D
2026-01-22 06:31:31.295190,-3.5307,75.0812,100.0,22.8,35.08,2902197,3,2902197_003,D
2026-01-22 06:31:31.295190,-3.5307,75.0812,110.0,21.29,34.97,2902197,3,2902197_003,D
2026-01-22 06:31:31.295190,-3.5307,75.0812,137.9,19.49,35.15,2902197,3,2902197_003,D
2026-01-22 06:31:31.295190,-3.5307,75.0812,165.7,17.87,35.22,2902197,3,2902197_003,D
2026-01-22 06:31:31.295190,-3.5307,75.0812,193.6,17.19,35.16,2902197,3,2902197_003,D
2026-01-22 06:31:31.295190,-3.5307,75.0812,221.4,16.24,34.96,2902197,3,2902197_003,D
2026-01-22 06:31:31.295190,-3.5307,75.0812,249.3,15.93,35.07,2902197,3,2902197_003,D
2026-01-22 06:31:31.295190,-3.5307,75.0812,277.1,15.12,35.0,2902197,3,2902197_003,D
2026-01-22 06:31:31.295190,-3.5307,75.0812,305.0,14.57,34.94,2902197,3,2902197_003,D
2026-01-22 06:31:31.295190,-3.5307,75.0812,332.9,13.31,34.86,2902197,3,2902197_003,D
2026-01-22 06:31:31.295190,-3.5307,75.0812,360.7,12.43,35.18,2902197,3,2902197_003,D
2026-01-22 06:31:31.295190,-3.5307,75.0812,388.6,11.66,35.15,2902197,3,2902197_003,D
2026-01-22 06:31:31.295190,-3.5307,75.0812,416.4,10.86,34.99,2902197,3,2902197_003,D
2026-01-22 06:31:31.295190,-3.5307,75.0812,444.3,9.76,35.01,2902197,3,2902197_003,D
2026-01-22 06:31:31.295190,-3.5307,75.0812,472.1,9.27,35.08,2902197,3,2902197_003,D
2026-01-22 06:31:31.295190,-3.5307,75.0812,500.0,8.81,35.12,2902197,3,2902197_003,D
2026-01-22 06:31:31.295190,-3.5307,75.0812,520.0,8.58,34.84,2902197,3,2902197_003,D
2026-01-22 06:31:31.295190,-3.5307,75.0812,581.7,7.68,35.25,2902197,3,2902197_003,D
2026-01-22 06:31:31.295190,-3.5307,75.0812,643.3,8.09,34.9,2902197,3,2902197_003,D
2026-01-22 06:31:31.295190,-3.5307,75.0812,705.0,7.68,34.93,2902197,3,2902197_003,D
2026-01-22 06:31:31.295190,-3.5307,75.0812,766.7,7.63,34.69,2902197,3,2902197_003,D
2026-01-22 06:31:31.295190,-3.5307,75.0812,828.3,6.91,34.83,2902197,3,2902197_003,D
2026-01-22 06:31:31.295190,-3.5307,75.0812,890.0,6.75,34.97,2902197,3,2902197_003,D
2026-01-22 06:31:31.295190,-3.5307,75.0812,951.7,6.81,35.04,2902197,3,2902197_003,D
2026-01-22 06:31:31.295190,-3.5307,75.0812,1013.3,6.4,35.12,2902197,3,2902197_003,D
2026-01-22 06:31:31.295190,-3.5307,75.0812,1075.0,5.94,34.82,2902197,3,2902197_003,D
2026-01-22 06:31:31.295190,-3.5307,75.0812,1136.7,6.08,35.09,2902197,3,2902197_003,D
2026-01-22 06:31:31.295190,-3.5307,75.0812,1198.3,6.14,34.78,2902197,3,2902197_003,D
2026-01-22 06:31:31.295190,-3.5307,75.0812,1260.0,5.92,35.07,2902197,3,2902197_003,D
2026-01-22 06:31:31.295190,-3.5307,75.0812,1321.7,5.42,34.88,2902197,3,2902197_003,D
2026-01-22 06:31:31.295190,-3.5307,75.0812,1383.3,5.49,35.18,2902197,3,2902197_003,D
2026-01-22 06:31:31.295190,-3.5307,75.0812,1445.0,4.14,35.15,2902197,3,2902197_003,D
2026-01-22 06:31:31.295190,-3.5307,75.0812,1506.7,4.23,35.18,2902197,3,2902197_003,D
2026-01-22 06:31:31.295190,-3.5307,75.0812,1568.3,4.34,34.88,2902197,3,2902197_003,D
2026-01-22 06:31:31.295190,-3.5307,75.0812,1630.0,4.34,35.21,2902197,3,2902197_003,D
2026-01-22 06:31:31.295190,-3.5307,75.0812,1691.7,3.8,34.83,2902197,3,2902197_003,D
2026-01-22 06:31:31.295190,-3.5307,75.0812,1753.3,3.17,35.02,2902197,3,2902197_003,D
2026-01-22 06:31:31.295190,-3.5307,75.0812,1815.0,3.13,34.9,2902197,3,2902197_003,D
2026-01-22 06:31:31.295190,-3.5307,75.0812,1876.7,3.52,34.82,2902197,3,2902197_003,D
2026-01-22 06:31:31.295190,-3.5307,75.0812,1938.3,2.18,34.99,2902197,3,2902197_003,D
2026-01-22 06:31:31.295190,-3.5307,75.0812,2000.0,3.24,34.97,2902197,3,2902197_003,D
2026-02-01 09:39:24.235445,-3.466,75.2744,5.0,28.32,35.44,2902197,4,2902197_004,D
2026-02-01 09:39:24.235445,-3.466,75.2744,11.8,27.93,35.52,2902197,4,2902197_004,D
2026-02-01 09:39:24.235445,-3.466,75.2744,18.6,27.48,35.48,2902197,4,2902197_004,D
2026-02-01 09:39:24.235445,-3.466,75.2744,25.4,27.15,35.39,2902197,4,2902197_004,D
2026-02-01 09:39:24.235445,-3.466,75.2744,32.1,26.57,34.93,2902197,4,2902197_004,D
2026-02-01 09:39:24.235445,-3.466,75.2744,38.9,27.47,34.81,2902197,4,2902197_004,D
2026-02-01 09:39:24.235445,-3.466,75.2744,45.7,26.24,34.89,2902197,4,2902197_004,D
2026-02-01 09:39:24.235445,-3.466,75.2744,52.5,26.03,34.53,2902197,4,2902197_004,D
2026-02-01 09:39:24.235445,-3.466,75.2744,59.3,25.61,34.79,2902197,4,2902197_004,D
2026-02-01 09:39:24.235445,-3.466,75.2744,66.1,25.04,34.82,2902197,4,2902197_004,D
2026-02-01 09:39:24.235445,-3.466,75.2744,72.9,24.63,35.11,2902197,4,2902197_004,D
2026-02-01 09:39:24.235445,-3.466,75.2744,79.6,24.05,34.95,2902197,4,2902197_004,D
2026-02-01 09:39:24.235445,-3.466,75.2744,86.4,23.08,34.96,2902197,4,2902197_004,D
2026-02-01 09:39:24.235445,-3.466,75.2744,93.2,23.43,35.19,2902197,4,2902197_004,D
2026-02-01 09:39:24.235445,-3.466,75.2744,100.0,22.79,34.93,2902197,4,2902197_004,D
2026-02-01 09:39:24.235445,-3.466,75.2744,110.0,21.83,35.01,2902197,4,2902197_004,D
2026-02-01 09:39:24.235445,-3.466,75.2744,137.9,19.52,35.09,2902197,4,2902197_004,D
2026-02-01 09:39:24.235445,-3.466,75.2744,165.7,17.99,35.31,2902197,4,2902197_004,D
2026-02-01 09:39:24.235445,-3.466,75.2744,193.6,17.09,35.43,2902197,4,2902197_004,D
2026-02-01 09:39:24.235445,-3.466,75.2744,221.4,16.45,35.34,2902197,4,2902197_004,D
2026-02-01 09:39:24.235445,-3.466,75.2744,249.3,15.46,35.21,2902197,4,2902197_004,D
2026-02-01 09:39:24.235445,-3.466,75.2744,277.1,15.29,35.06,2902197,4,2902197_004,D
2026-02-01 09:39:24.235445,-3.466,75.2744,305.0,14.24,34.75,2902197,4,2902197_004,D
2026-02-01 09:39:24.235445,-3.466,75.2744,332.9,13.27,34.93,2902197,4,2902197_004,D
2026-02-01 09:39:24.235445,-3.466,75.2744,360.7,12.71,35.06,2902197,4,2902197_004,D
2026-02-01 09:39:24.235445,-3.466,75.2744,388.6,12.17,35.24,2902197,4,2902197_004,D
2026-02-01 09:39:24.235445,-3.466,75.2744,416.4,11.22,34.93,2902197,4,2902197_004,D
2026-02-01 09:39:24.235445,-3.466,75.2744,444.3,10.47,35.08,2902197,4,2902197_004,D
2026-02-01 09:39:24.235445,-3.466,75.2744,472.1,9.15,34.94,2902197,4,2902197_004,D
2026-02-01 09:39:24.235445,-3.466,75.2744,500.0,8.18,34.93,2902197,4,2902197_004,D
2026-02-01 09:39:24.235445,-3.466,75.2744,520.0,8.49,34.81,2902197,4,2902197_004,D
2026-02-01 09:39:24.235445,-3.466,75.2744,581.7,7.84,34.68,2902197,4,2902197_004,D
2026-02-01 09:39:24.235445,-3.466,75.2744,643.3,7.82,35.06,2902197,4,2902197_004,D
2026-02-01 09:39:24.235445,-3.466,75.2744,705.0,7.6,34.94,2902197,4,2902197_004,D
2026-02-01 09:39:24.235445,-3.466,75.2744,766.7,7.74,35.02,2902197,4,2902197_004,D
2026-02-01 09:39:24.235445,-3.466,75.2744,828.3,7.49,35.03,2902197,4,2902197_004,D
2026-02-01 09:39:24.235445,-3.466,75.2744,890.0,7.2,34.97,2902197,4,2902197_004,D
2026-02-01 09:39:24.235445,-3.466,75.2744,951.7,6.39,34.96,2902197,4,2902197_004,D
2026-02-01 09:39:24.235445,-3.466,75.2744,1013.3,6.67,35.16,2902197,4,2902197_004,D
2026-02-01 09:39:24.235445,-3.466,75.2744,1075.0,6.17,34.99,2902197,4,2902197_004,D
2026-02-01 09:39:24.235445,-3.466,75.2744,1136.7,6.14,34.96,2902197,4,2902197_004,D
2026-02-01 09:39:24.235445,-3.466,75.2744,1198.3,5.49,34.88,2902197,4,2902197_004,D
2026-02-01 09:39:24.235445,-3.466,75.2744,1260.0,5.51,34.86,2902197,4,2902197_004,D
2026-02-01 09:39:24.235445,-3.466,75.2744,1321.7,4.72,34.91,2902197,4,2902197_004,D
2026-02-01 09:39:24.235445,-3.466,75.2744,1383.3,5.0,35.22,2902197,4,2902197_004,D
2026-02-01 09:39:24.235445,-3.466,75.2744,1445.0,3.86,35.14,2902197,4,2902197_004,D
2026-02-01 09:39:24.235445,-3.466,75.2744,1506.7,4.81,34.85,2902197,4,2902197_004,D
2026-02-01 09:39:24.235445,-3.466,75.2744,1568.3,4.4,35.31,2902197,4,2902197_004,D
2026-02-01 09:39:24.235445,-3.466,75.2744,1630.0,4.27,34.98,2902197,4,2902197_004,D
2026-02-01 09:39:24.235445,-3.466,75.2744,1691.7,3.59,34.92,2902197,4,2902197_004,D
2026-02-01 09:39:24.235445,-3.466,75.2744,1753.3,2.84,34.87,2902197,4,2902197_004,D
2026-02-01 09:39:24.235445,-3.466,75.2744,1815.0,3.1,35.11,2902197,4,2902197_004,D
2026-02-01 09:39:24.235445,-3.466,75.2744,1876.7,2.62,35.07,2902197,4,2902197_004,D
2026-02-01 09:39:24.235445,-3.466,75.2744,1938.3,2.79,35.2,2902197,4,2902197_004,D
2026-02-01 09:39:24.235445,-3.466,75.2744,2000.0,2.37,34.88,2902197,4,2902197_004,D
2026-02-11 12:44:47.662678,-3.6722,75.1521,5.0,28.1,35.46,2902197,5,2902197_005,D
2026-02-11 12:44:47.662678,-3.6722,75.1521,11.8,27.46,35.37,2902197,5,2902197_005,D
2026-02-11 12:44:47.662678,-3.6722,75.1521,18.6,27.44,35.48,2902197,5,2902197_005,D
2026-02-11 12:44:47.662678,-3.6722,75.1521,25.4,27.62,35.37,2902197,5,2902197_005,D
2026-02-11 12:44:47.662678,-3.6722,75.1521,32.1,27.57,34.76,2902197,5,2902197_005,D
2026-02-11 12:44:47.662678,-3.6722,75.1521,38.9,27.05,34.72,2902197,5,2902197_005,D
2026-02-11 12:44:47.662678,-3.6722,75.1521,45.7,26.35,34.97,2902197,5,2902197_005,D
2026-02-11 12:44:47.662678,-3.6722,75.1521,52.5,26.68,34.77,2902197,5,2902197_005,D
2026-02-11 12:44:47.662678,-3.6722,75.1521,59.3,25.42,34.9,2902197,5,2902197_005,D
2026-02-11 12:44:47.662678,-3.6722,75.1521,66.1,24.9,34.74,2902197,5,2902197_005,D
2026-02-11 12:44:47.662678,-3.6722,75.1521,72.9,25.05,34.81,2902197,5,2902197_005,D
2026-02-11 12:44:47.662678,-3.6722,75.1521,79.6,24.17,34.85,2902197,5,2902197_005,D
2026-02-11 12:44:47.662678,-3.6722,75.1521,86.4,23.95,35.09,2902197,5,2902197_005,D
2026-02-11 12:44:47.662678,-3.6722,75.1521,93.2,22.71,34.86,2902197,5,2902197_005,D
2026-02-11 12:44:47.662678,-3.6722,75.1521,100.0,22.22,34.99,2902197,5,2902197_005,D
2026-02-11 12:44:47.662678,-3.6722,75.1521,110.0,21.49,35.04,2902197,5,2902197_005,D
2026-02-11 12:44:47.662678,-3.6722,75.1521,137.9,19.47,34.99,2902197,5,2902197_005,D
2026-02-11 12:44:47.662678,-3.6722,75.1521,165.7,17.72,35.18,2902197,5,2902197_005,D
2026-02-11 12:44:47.662678,-3.6722,75.1521,193.6,17.51,35.2,2902197,5,2902197_005,D
2026-02-11 12:44:47.662678,-3.6722,75.1521,221.4,16.91,34.99,2902197,5,2902197_005,D
2026-02-11 12:44:47.662678,-3.6722,75.1521,249.3,15.63,34.97,2902197,5,2902197_005,D
2026-02-11 12:44:47.662678,-3.6722,75.1521,277.1,15.11,34.77,2902197,5,2902197_005,D
2026-02-11 12:44:47.662678,-3.6722,75.1521,305.0,14.19,34.85,2902197,5,2902197_005,D
2026-02-11 12:44:47.662678,-3.6722,75.1521,332.9,13.25,34.9,2902197,5,2902197_005,D
2026-02-11 12:44:47.662678,-3.6722,75.1521,360.7,12.72,35.13,2902197,5,2902197_005,D
2026-02-11 12:44:47.662678,-3.6722,75.1521,388.6,11.97,35.28,2902197,5,2902197_005,D
2026-02-11 12:44:47.662678,-3.6722,75.1521,416.4,11.06,34.93,2902197,5,2902197_005,D
2026-02-11 12:44:47.662678,-3.6722,75.1521,444.3,10.45,34.83,2902197,5,2902197_005,D
2026-02-11 12:44:47.662678,-3.6722,75.1521,472.1,9.51,35.05,2902197,5,2902197_005,D
2026-02-11 12:44:47.662678,-3.6722,75.1521,500.0,8.18,35.13,2902197,5,2902197_005,D
2026-02-11 12:44:47.662678,-3.6722,75.1521,520.0,8.48,34.9,2902197,5,2902197_005,D
2026-02-11 12:44:47.662678,-3.6722,75.1521,581.7,8.36,35.03,2902197,5,2902197_005,D
2026-02-11 12:44:47.662678,-3.6722,75.1521,643.3,8.0,34.97,2902197,5,2902197_005,D
2026-02-11 12:44:47.662678,-3.6722,75.1521,705.0,7.7,35.14,2902197,5,2902197_005,D
2026-02-11 12:44:47.662678,-3.6722,75.1521,766.7,7.96,35.11,2902197,5,2902197_005,D
2026-02-11 12:44:47.662678,-3.6722,75.1521,828.3,7.59,35.04,2902197,5,2902197_005,D
2026-02-11 12:44:47.662678,-3.6722,75.1521,890.0,7.14,35.08,2902197,5,2902197_005,D
2026-02-11 12:44:47.662678,-3.6722,75.1521,951.7,6.71,35.03,2902197,5,2902197_005,D
2026-02-11 12:44:47.662678,-3.6722,75.1521,1013.3,7.38,35.06,2902197,5,2902197_005,D
2026-02-11 12:44:47.662678,-3.6722,75.1521,1075.0,6.04,34.93,2902197,5,2902197_005,D
2026-02-11 12:44:47.662678,-3.6722,75.1521,1136.7,5.83,34.89,2902197,5,2902197_005,D
2026-02-11 12:44:47.662678,-3.6722,75.1521,1198.3,5.71,34.93,2902197,5,2902197_005,D
2026-02-11 12:44:47.662678,-3.6722,75.1521,1260.0,5.03,35.07,2902197,5,2902197_005,D
2026-02-11 12:44:47.662678,-3.6722,75.1521,1321.7,5.07,34.95,2902197,5,2902197_005,D
2026-02-11 12:44:47.662678,-3.6722,75.1521,1383.3,4.95,35.04,2902197,5,2902197_005,D
2026-02-11 12:44:47.662678,-3.6722,75.1521,1445.0,4.91,35.11,2902197,5,2902197_005,D
2026-02-11 12:44:47.662678,-3.6722,75.1521,1506.7,4.61,35.1,2902197,5,2902197_005,D
2026-02-11 12:44:47.662678,-3.6722,75.1521,1568.3,4.26,34.98,2902197,5,2902197_005,D
2026-02-11 12:44:47.662678,-3.6722,75.1521,1630.0,4.21,35.0,2902197,5,2902197_005,D
2026-02-11 12:44:47.662678,-3.6722,75.1521,1691.7,3.44,34.88,2902197,5,2902197_005,D
2026-02-11 12:44:47.662678,-3.6722,75.1521,1753.3,3.56,35.2,2902197,5,2902197_005,D
2026-02-11 12:44:47.662678,-3.6722,75.1521,1815.0,3.52,34.91,2902197,5,2902197_005,D
2026-02-11 12:44:47.662678,-3.6722,75.1521,1876.7,3.31,35.13,2902197,5,2902197_005,D
2026-02-11 12:44:47.662678,-3.6722,75.1521,1938.3,2.97,35.07,2902197,5,2902197_005,D
2026-02-11 12:44:47.662678,-3.6722,75.1521,2000.0,2.47,35.11,2902197,5,2902197_005,D
